Timestamp,Channel_9,Channel_10
2026-06-17 15:07:15.793013,178192.94,164877.09
2026-06-17 15:07:15.796257,177815.47,164534.89
2026-06-17 15:07:15.803776,179141.11,164877.09
2026-06-17 15:07:15.818054,180095.75,165220.19
2026-06-17 15:07:15.819842,179331.5,164534.89
2026-06-17 15:07:15.833495,179713.11,164877.09
2026-06-17 15:07:15.848048,179904.3,165220.19
2026-06-17 15:07:15.849784,179141.11,165220.19
2026-06-17 15:07:15.862805,179522.19,164877.09
2026-06-17 15:07:15.878075,179713.11,165220.19
2026-06-17 15:07:15.879758,179331.5,165564.19
2026-06-17 15:07:15.927513,179331.5,164877.09
2026-06-17 15:07:15.928249,179713.11,165564.19
2026-06-17 15:07:15.928707,178192.94,165564.19
2026-06-17 15:07:15.930192,179331.5,165048.53
2026-06-17 15:07:15.930818,179331.5,164705.88
2026-06-17 15:07:15.953450,179522.19,165220.19
2026-06-17 15:07:15.969041,179331.5,165564.19
2026-06-17 15:07:15.971379,180095.75,165220.19
2026-06-17 15:07:15.971709,179141.11,165564.19
2026-06-17 15:07:15.988246,179713.11,164534.89
2026-06-17 15:07:15.998995,179331.5,164877.09
2026-06-17 15:07:16.002337,180095.75,165220.19
2026-06-17 15:07:16.031889,179331.5,165220.19
2026-06-17 15:07:16.031932,178950.95,165220.19
2026-06-17 15:07:16.033883,178004.08,165048.53
2026-06-17 15:07:16.044231,179522.19,164877.09
2026-06-17 15:07:16.057887,179904.3,165564.19
2026-06-17 15:07:16.060076,178950.95,165220.19
2026-06-17 15:07:16.073364,179141.11,164877.09
2026-06-17 15:07:16.097375,178950.95,165392.08
2026-06-17 15:07:16.097965,179713.11,165220.19
2026-06-17 15:07:16.103927,178192.94,165048.53
2026-06-17 15:07:16.120922,178192.94,164534.89
2026-06-17 15:07:16.121542,178192.94,165564.19
2026-06-17 15:07:16.133387,179331.5,165048.53
2026-06-17 15:07:16.148298,177627.12,164877.09
2026-06-17 15:07:16.149742,178004.08,165392.08
2026-06-17 15:07:16.164472,179522.19,165048.53
2026-06-17 15:07:16.178091,179713.11,165220.19
2026-06-17 15:07:16.179888,177815.47,165736.56
2026-06-17 15:07:16.193565,178192.94,165048.53
2026-06-17 15:07:16.208487,178382.06,165392.08
2026-06-17 15:07:16.210302,179331.5,165220.19
2026-06-17 15:07:16.238109,179331.5,164705.88
2026-06-17 15:07:16.239805,179331.5,165392.08
2026-06-17 15:07:16.241703,180287.52,165564.19
2026-06-17 15:07:16.297970,178192.94,165220.19
2026-06-17 15:07:16.299804,179331.5,165048.53
2026-06-17 15:07:16.301770,177627.12,165564.19
2026-06-17 15:07:16.303777,180095.75,165048.53
2026-06-17 15:07:16.305338,179331.5,165220.19
2026-06-17 15:07:16.307428,179141.11,164705.88
2026-06-17 15:07:16.312947,179331.5,165220.19
2026-06-17 15:07:16.345910,179713.11,165564.19
2026-06-17 15:07:16.346611,178950.95,165048.53
2026-06-17 15:07:16.348230,179904.3,165392.08
2026-06-17 15:07:16.359201,177627.12,165564.19
2026-06-17 15:07:16.360474,179713.11,165392.08
2026-06-17 15:07:16.376474,179141.11,165048.53
2026-06-17 15:07:16.388340,179522.19,165220.19
2026-06-17 15:07:16.390929,179522.19,164877.09
2026-06-17 15:07:16.407913,179331.5,165392.08
2026-06-17 15:07:16.418259,180479.44,165220.19
2026-06-17 15:07:16.421891,179331.5,165392.08
2026-06-17 15:07:16.448044,178004.08,164877.09
2026-06-17 15:07:16.450255,179331.5,165220.19
2026-06-17 15:07:16.451742,179904.3,165564.19
2026-06-17 15:07:16.486205,179331.5,165048.53
2026-06-17 15:07:16.486775,179713.11,165392.08
2026-06-17 15:07:16.489132,180095.75,163853.05
2026-06-17 15:07:16.494107,179331.5,164877.09
2026-06-17 15:07:16.513657,179713.11,165220.19
2026-06-17 15:07:16.514220,179331.5,164877.09
2026-06-17 15:07:16.524654,178950.95,164705.88
2026-06-17 15:07:16.538694,179713.11,165392.08
2026-06-17 15:07:16.544933,179522.19,164877.09
2026-06-17 15:07:16.555376,179331.5,165048.53
2026-06-17 15:07:16.568307,179141.11,165736.56
2026-06-17 15:07:16.570448,179522.19,165392.08
2026-06-17 15:07:16.583055,179713.11,165220.19
2026-06-17 15:07:16.598012,179522.19,165048.53
2026-06-17 15:07:16.600005,179522.19,164877.09
2026-06-17 15:07:16.613352,178192.94,164877.09
2026-06-17 15:07:16.657983,178192.94,165392.08
2026-06-17 15:07:16.659817,179331.5,165564.19
2026-06-17 15:07:16.661803,179522.19,165220.19
2026-06-17 15:07:16.664037,179331.5,165220.19
2026-06-17 15:07:16.673468,179331.5,165048.53
2026-06-17 15:07:16.675164,180095.75,165220.19
2026-06-17 15:07:16.713354,179904.3,165392.08
2026-06-17 15:07:16.713988,179713.11,165392.08
2026-06-17 15:07:16.716046,178004.08,164877.09
2026-06-17 15:07:16.718643,179904.3,165220.19
2026-06-17 15:07:16.722674,177815.47,165220.19
2026-06-17 15:07:16.738201,179904.3,165220.19
2026-06-17 15:07:16.765422,179331.5,164705.88
2026-06-17 15:07:16.765466,180095.75,165564.19
2026-06-17 15:07:16.766754,180095.75,165909.08
2026-06-17 15:07:16.793459,179331.5,164877.09
2026-06-17 15:07:16.794770,179713.11,166081.86
2026-06-17 15:07:16.796909,179713.11,165048.53
2026-06-17 15:07:16.808126,180671.67,165392.08
2026-06-17 15:07:16.810305,180095.75,165392.08
2026-06-17 15:07:16.839262,179331.5,164877.09
2026-06-17 15:07:16.841802,180479.44,165220.19
2026-06-17 15:07:16.842312,180864.17,165564.19
2026-06-17 15:07:16.870177,180287.52,165048.53
2026-06-17 15:07:16.870224,179904.3,165392.08
2026-06-17 15:07:16.872858,180095.75,165048.53
2026-06-17 15:07:16.884586,179904.3,164877.09
2026-06-17 15:07:16.901490,180095.75,165220.19
2026-06-17 15:07:16.902677,179713.11,165220.19
2026-06-17 15:07:16.913369,180479.44,165392.08
2026-06-17 15:07:16.981515,179713.11,165392.08
2026-06-17 15:07:16.983054,180287.52,165564.19
2026-06-17 15:07:16.984553,179904.3,165392.08
2026-06-17 15:07:16.986265,180479.44,165564.19
2026-06-17 15:07:16.988046,179713.11,165392.08
2026-06-17 15:07:16.990543,179331.5,165392.08
2026-06-17 15:07:17.042574,180095.75,164705.88
2026-06-17 15:07:17.044592,180095.75,163174.81
2026-06-17 15:07:17.102059,179713.11,165220.19
2026-06-17 15:07:17.107454,180095.75,165392.08
2026-06-17 15:07:17.111477,180479.44,164877.09
2026-06-17 15:07:17.113128,179522.19,165220.19
2026-06-17 15:07:17.113566,179904.3,165220.19
2026-06-17 15:07:17.115831,179713.11,165564.19
2026-06-17 15:07:17.116113,180479.44,165220.19
2026-06-17 15:07:17.118204,178192.94,165220.19
2026-06-17 15:07:17.118473,179713.11,165392.08
2026-06-17 15:07:17.120469,179904.3,165564.19
2026-06-17 15:07:17.120772,179713.11,165220.19
2026-06-17 15:07:17.121584,179331.5,164705.88
2026-06-17 15:07:17.186867,179713.11,165220.19
2026-06-17 15:07:17.186912,179331.5,171371.77
2026-06-17 15:07:17.188052,179522.19,165220.19
2026-06-17 15:07:17.189419,179713.11,165392.08
2026-06-17 15:07:17.189461,180095.75,165392.08
2026-06-17 15:07:17.189481,178192.94,165392.08
2026-06-17 15:07:17.223154,177815.47,165048.53
2026-06-17 15:07:17.225817,176315.75,165392.08
2026-06-17 15:07:17.280681,175943.42,164534.89
2026-06-17 15:07:17.282292,174832.25,165392.08
2026-06-17 15:07:17.284630,174647.91,165392.08
2026-06-17 15:07:17.340493,173364.47,164877.09
2026-06-17 15:07:17.342271,173729.98,164705.88
2026-06-17 15:07:17.344314,171912.34,164193.55
2026-06-17 15:07:17.346021,172455.08,164705.88
2026-06-17 15:07:17.348043,171912.34,164877.09
2026-06-17 15:07:17.349791,171551.72,165048.53
2026-06-17 15:07:17.351881,171012.56,164705.88
2026-06-17 15:07:17.353619,170118.73,164534.89
2026-06-17 15:07:17.355415,168700.8,164705.88
2026-06-17 15:07:17.357425,169230.78,163683.19
2026-06-17 15:07:17.359758,168877.17,164023.2
2026-06-17 15:07:17.361289,169053.84,163853.05
2026-06-17 15:07:17.407438,168348.64,164534.89
2026-06-17 15:07:17.408722,168348.64,164705.88
2026-06-17 15:07:17.409157,165564.19,164534.89
2026-06-17 15:07:17.409560,166254.86,164877.09
2026-06-17 15:07:17.409599,166081.86,164534.89
2026-06-17 15:07:17.412669,165736.56,163853.05
2026-06-17 15:07:17.412720,165220.19,164534.89
2026-06-17 15:07:17.463153,165048.53,163853.05
2026-06-17 15:07:17.463194,164877.09,164534.89
2026-06-17 15:07:17.533256,164705.88,164534.89
2026-06-17 15:07:17.539639,163853.05,164364.11
2026-06-17 15:07:17.539681,163683.19,164364.11
2026-06-17 15:07:17.540295,163174.81,164023.2
2026-06-17 15:07:17.542159,162668.39,163853.05
2026-06-17 15:07:17.542799,162500.02,163174.81
2026-06-17 15:07:17.542838,162836.98,164705.88
2026-06-17 15:07:17.546422,162500.02,164534.89
2026-06-17 15:07:17.548665,162163.86,163513.52
2026-06-17 15:07:17.549909,162500.02,163683.19
2026-06-17 15:07:17.581783,162163.86,163853.05
2026-06-17 15:07:17.582522,162163.86,164534.89
2026-06-17 15:07:17.585458,161160.69,164023.2
2026-06-17 15:07:17.587823,161494.27,164534.89
2026-06-17 15:07:17.588462,160496.17,163853.05
2026-06-17 15:07:17.597689,161160.69,163853.05
2026-06-17 15:07:17.640593,160828.05,163853.05
2026-06-17 15:07:17.642263,160165.17,163513.52
2026-06-17 15:07:17.644271,160165.17,163344.05
2026-06-17 15:07:17.646464,160165.17,163853.05
2026-06-17 15:07:17.700729,160165.17,163853.05
2026-06-17 15:07:17.760928,159835.05,163853.05
2026-06-17 15:07:17.763144,159505.69,164534.89
2026-06-17 15:07:17.765744,160330.55,164023.2
2026-06-17 15:07:17.769047,159835.05,163853.05
2026-06-17 15:07:17.769122,159177.2,163174.81
2026-06-17 15:07:17.779888,159835.05,163853.05
2026-06-17 15:07:17.779945,159177.2,163174.81
2026-06-17 15:07:17.780606,159505.69,163683.19
2026-06-17 15:07:17.781406,159013.31,163005.73
2026-06-17 15:07:17.781853,158034.03,163853.05
2026-06-17 15:07:17.782427,158196.72,162836.98
2026-06-17 15:07:17.782474,159177.2,163513.52
2026-06-17 15:07:17.821966,158522.72,163513.52
2026-06-17 15:07:17.822401,158522.72,163513.52
2026-06-17 15:07:17.825269,163344.05,163853.05
2026-06-17 15:07:17.827999,159177.2,163853.05
2026-06-17 15:07:17.828039,158359.62,163853.05
2026-06-17 15:07:17.831741,158196.72,163174.81
2026-06-17 15:07:17.832530,158196.72,163344.05
2026-06-17 15:07:17.898608,158196.72,163174.81
2026-06-17 15:07:17.899395,157871.53,163344.05
2026-06-17 15:07:17.901380,157547.17,163174.81
2026-06-17 15:07:17.901834,158196.72,163344.05
2026-06-17 15:07:17.902347,158196.72,163513.52
2026-06-17 15:07:17.902773,157547.17,163174.81
2026-06-17 15:07:17.941138,157871.53,163513.52
2026-06-17 15:07:17.943558,157547.17,162836.98
2026-06-17 15:07:18.000736,159013.31,163683.19
2026-06-17 15:07:18.060566,157223.58,163683.19
2026-06-17 15:07:18.062483,159013.31,164364.11
2026-06-17 15:07:18.064808,158359.62,163513.52
2026-06-17 15:07:18.066192,158359.62,163853.05
2026-06-17 15:07:18.067915,157871.53,163513.52
2026-06-17 15:07:18.070097,158196.72,163344.05
2026-06-17 15:07:18.120945,157871.53,164023.2
2026-06-17 15:07:18.123507,158034.03,163513.52
2026-06-17 15:07:18.180833,157871.53,163344.05
2026-06-17 15:07:18.182410,158196.72,163344.05
2026-06-17 15:07:18.204115,157547.17,163683.19
2026-06-17 15:07:18.204159,157871.53,163853.05
2026-06-17 15:07:18.204969,157385.3,163344.05
2026-06-17 15:07:18.207226,158034.03,163853.05
2026-06-17 15:07:18.244368,157547.17,163344.05
2026-06-17 15:07:18.244408,158196.72,163853.05
2026-06-17 15:07:18.300511,157709.25,163513.52
2026-06-17 15:07:18.302556,157547.17,163513.52
2026-06-17 15:07:18.304239,157547.17,163853.05
2026-06-17 15:07:18.306250,155617.94,163683.19
2026-06-17 15:07:18.307946,157871.53,163683.19
2026-06-17 15:07:18.310644,158196.72,163513.52
2026-06-17 15:07:18.312256,156900.88,162836.98
2026-06-17 15:07:18.314505,158034.03,163513.52
2026-06-17 15:07:18.315453,157385.3,162668.39
2026-06-17 15:07:18.317295,157547.17,163513.52
2026-06-17 15:07:18.319512,157871.53,163513.52
2026-06-17 15:07:18.321224,156097.58,163853.05
2026-06-17 15:07:18.370744,157871.53,163344.05
2026-06-17 15:07:18.371657,158359.62,163853.05
2026-06-17 15:07:18.427622,157385.3,163513.52
2026-06-17 15:07:18.503512,157385.3,163344.05
2026-06-17 15:07:18.507753,157871.53,163683.19
2026-06-17 15:07:18.509657,157385.3,163513.52
2026-06-17 15:07:18.510184,157547.17,163174.81
2026-06-17 15:07:18.512811,161828.66,163513.52
2026-06-17 15:07:18.512851,158196.72,163853.05
2026-06-17 15:07:18.514733,157871.53,163513.52
2026-06-17 15:07:18.515226,158034.03,163344.05
2026-06-17 15:07:18.515713,157547.17,163853.05
2026-06-17 15:07:18.545248,158034.03,163853.05
2026-06-17 15:07:18.546234,157871.53,163513.52
2026-06-17 15:07:18.600871,158196.72,163174.81
2026-06-17 15:07:18.602330,157871.53,164364.11
2026-06-17 15:07:18.604284,157871.53,163853.05
2026-06-17 15:07:18.606762,157871.53,163174.81
2026-06-17 15:07:18.608120,157547.17,163513.52
2026-06-17 15:07:18.610130,157709.25,163853.05
2026-06-17 15:07:18.669233,157385.3,163513.52
2026-06-17 15:07:18.672335,157547.17,163344.05
2026-06-17 15:07:18.721297,158359.62,163513.52
2026-06-17 15:07:18.724701,158034.03,164534.89
2026-06-17 15:07:18.727309,157871.53,163683.19
2026-06-17 15:07:18.728320,158034.03,163513.52
2026-06-17 15:07:18.728369,157547.17,163513.52
2026-06-17 15:07:18.733272,158034.03,163853.05
2026-06-17 15:07:18.733928,157547.17,163853.05
2026-06-17 15:07:18.734388,158359.62,162836.98
2026-06-17 15:07:18.737520,158359.62,163853.05
2026-06-17 15:07:18.739027,157385.3,163853.05
2026-06-17 15:07:18.741273,157871.53,163683.19
2026-06-17 15:07:18.782333,155937.52,162836.98
2026-06-17 15:07:18.788502,158196.72,163513.52
2026-06-17 15:07:18.791074,158034.03,163174.81
2026-06-17 15:07:18.793642,157385.3,163513.52
2026-06-17 15:07:18.793682,157223.58,163513.52
2026-06-17 15:07:18.794218,157223.58,164534.89
2026-06-17 15:07:18.794534,157547.17,163513.52
2026-06-17 15:07:18.794812,157871.53,163683.19
2026-06-17 15:07:18.797367,157223.58,163513.52
2026-06-17 15:07:18.797408,158196.72,163853.05
2026-06-17 15:07:18.841634,157547.17,163513.52
2026-06-17 15:07:18.843280,159505.69,163853.05
2026-06-17 15:07:18.846130,159177.2,163513.52
2026-06-17 15:07:18.846387,159177.2,163683.19
2026-06-17 15:07:18.850796,159835.05,163853.05
2026-06-17 15:07:18.850944,159670.23,162836.98
2026-06-17 15:07:18.900789,159835.05,163853.05
2026-06-17 15:07:18.971647,159341.34,163513.52
2026-06-17 15:07:18.971689,159505.69,163853.05
2026-06-17 15:07:18.972058,160000.03,164534.89
2026-06-17 15:07:18.978363,160165.17,163853.05
2026-06-17 15:07:18.979478,161160.69,163853.05
2026-06-17 15:07:18.979781,162163.86,164534.89
2026-06-17 15:07:18.982523,161996.12,164534.89
2026-06-17 15:07:18.983067,161828.66,163174.81
2026-06-17 15:07:18.985669,161996.12,163683.19
2026-06-17 15:07:18.987758,162836.98,163853.05
2026-06-17 15:07:18.987988,163513.52,164705.88
2026-06-17 15:07:18.988599,163683.19,163513.52
2026-06-17 15:07:19.200718,164705.88,163513.52
2026-06-17 15:07:19.202698,164877.09,163683.19
2026-06-17 15:07:19.205281,165392.08,163853.05
2026-06-17 15:07:19.206094,167647.09,170475.56
2026-06-17 15:07:19.207817,167822.08,163853.05
2026-06-17 15:07:19.209877,169053.84,163853.05
2026-06-17 15:07:19.211558,170475.56,164705.88
2026-06-17 15:07:19.213938,171192.05,164877.09
2026-06-17 15:07:19.323036,171912.34,164534.89
2026-06-17 15:07:19.323724,172999.98,164534.89
2026-06-17 15:07:19.381582,173182.11,164877.09
2026-06-17 15:07:19.384413,174096.36,164705.88
2026-06-17 15:07:19.385208,174096.36,165048.53
2026-06-17 15:07:19.387393,175016.77,165220.19
2026-06-17 15:07:19.390114,175201.58,165392.08
2026-06-17 15:07:19.392563,175943.42,165048.53
2026-06-17 15:07:19.392614,174832.25,164877.09
2026-06-17 15:07:19.395416,177627.12,164877.09
2026-06-17 15:07:19.441587,178950.95,164877.09
2026-06-17 15:07:19.442359,178004.08,165392.08
2026-06-17 15:07:19.444850,179331.5,165220.19
2026-06-17 15:07:19.447181,179331.5,163344.05
2026-06-17 15:07:19.500886,179904.3,164877.09
2026-06-17 15:07:19.585473,178192.94,165220.19
2026-06-17 15:07:19.585530,179141.11,165220.19
2026-06-17 15:07:19.585904,179141.11,164534.89
2026-06-17 15:07:19.586538,178004.08,164877.09
2026-06-17 15:07:19.586906,177815.47,164705.88
2026-06-17 15:07:19.587525,179522.19,164705.88
2026-06-17 15:07:19.590338,179904.3,165392.08
2026-06-17 15:07:19.593188,177627.12,164534.89
2026-06-17 15:07:19.595378,178192.94,164705.88
2026-06-17 15:07:19.596236,178004.08,164023.2
2026-06-17 15:07:19.598751,177439.03,164877.09
2026-06-17 15:07:19.598801,179713.11,164877.09
2026-06-17 15:07:19.621166,179331.5,163853.05
2026-06-17 15:07:19.624178,179331.5,165392.08
2026-06-17 15:07:19.624785,179331.5,165220.19
2026-06-17 15:07:19.627834,177815.47,164534.89
2026-06-17 15:07:19.627877,177627.12,164705.88
2026-06-17 15:07:19.630638,179522.19,165220.19
2026-06-17 15:07:19.633882,179904.3,163005.73
2026-06-17 15:07:19.634568,178192.94,165564.19
2026-06-17 15:07:19.680614,179331.5,164877.09
2026-06-17 15:07:19.682253,178192.94,164705.88
2026-06-17 15:07:19.684493,180095.75,164877.09
2026-06-17 15:07:19.686073,179331.5,164877.09
2026-06-17 15:07:19.688044,180095.75,164877.09
2026-06-17 15:07:19.690129,180287.52,165392.08
2026-06-17 15:07:19.743925,179522.19,164877.09
2026-06-17 15:07:19.800492,179141.11,165220.19
2026-06-17 15:07:19.802328,178004.08,164877.09
2026-06-17 15:07:19.804306,179141.11,164705.88
2026-06-17 15:07:19.806653,178192.94,164877.09
2026-06-17 15:07:19.807853,179331.5,165392.08
2026-06-17 15:07:19.809784,179522.19,165220.19
2026-06-17 15:07:19.811786,177627.12,164705.88
2026-06-17 15:07:19.813765,179331.5,164877.09
2026-06-17 15:07:19.815750,177815.47,164534.89
2026-06-17 15:07:19.817361,179713.11,165392.08
2026-06-17 15:07:19.819372,178192.94,163344.05
2026-06-17 15:07:19.821480,178192.94,164705.88
2026-06-17 15:07:19.861106,177251.12,163513.52
2026-06-17 15:07:19.924936,177251.12,164023.2
2026-06-17 15:07:19.981281,178192.94,164534.89
2026-06-17 15:07:19.984420,177815.47,164705.88
2026-06-17 15:07:19.985603,180095.75,165220.19
2026-06-17 15:07:19.985952,178192.94,165392.08
2026-06-17 15:07:19.987841,179141.11,165392.08
2026-06-17 15:07:19.991636,178950.95,165392.08
2026-06-17 15:07:19.992366,177439.03,165220.19
2026-06-17 15:07:19.994887,177815.47,164023.2
2026-06-17 15:07:19.997660,179331.5,165220.19
2026-06-17 15:07:19.998293,179713.11,166254.86
2026-06-17 15:07:19.999212,177815.47,164877.09
2026-06-17 15:07:20.050871,177815.47,164023.2
2026-06-17 15:07:20.051447,177627.12,165048.53
2026-06-17 15:07:20.051825,177063.61,165220.19
2026-06-17 15:07:20.054025,177815.47,164877.09
2026-06-17 15:07:20.054602,176129.44,165220.19
2026-06-17 15:07:20.100599,178192.94,164534.89
2026-06-17 15:07:20.103082,178004.08,164705.88
2026-06-17 15:07:20.105515,177815.47,165048.53
2026-06-17 15:07:20.109477,177439.03,165220.19
2026-06-17 15:07:20.109530,178382.06,164534.89
2026-06-17 15:07:20.112345,176689.2,164877.09
2026-06-17 15:07:20.112395,177063.61,165220.19
2026-06-17 15:07:20.114900,176876.28,164877.09
2026-06-17 15:07:20.115304,177815.47,164877.09
2026-06-17 15:07:20.119371,177439.03,165048.53
2026-06-17 15:07:20.119680,176689.2,163853.05
2026-06-17 15:07:20.122015,178192.94,164877.09
2026-06-17 15:07:20.123579,177627.12,165392.08
2026-06-17 15:07:20.125229,177627.12,165048.53
2026-06-17 15:07:20.127801,177627.12,165048.53
2026-06-17 15:07:20.129597,177627.12,164534.89
2026-06-17 15:07:20.133322,185365.86,165909.08
2026-06-17 15:07:20.160632,177063.61,164877.09
2026-06-17 15:07:20.162309,174096.36,164877.09
2026-06-17 15:07:20.164468,178004.08,165220.19
2026-06-17 15:07:20.220683,178004.08,164705.88
2026-06-17 15:07:20.222721,177815.47,165564.19
2026-06-17 15:07:20.224303,177439.03,164534.89
2026-06-17 15:07:20.226154,177815.47,165048.53
2026-06-17 15:07:20.228327,177627.12,164877.09
2026-06-17 15:07:20.230437,177063.61,165220.19
2026-06-17 15:07:20.231966,177815.47,164877.09
2026-06-17 15:07:20.296859,177063.61,164705.88
2026-06-17 15:07:20.298162,178192.94,165048.53
2026-06-17 15:07:20.299532,177439.03,163853.05
2026-06-17 15:07:20.299827,177251.12,165220.19
2026-06-17 15:07:20.300345,177815.47,164364.11
2026-06-17 15:07:20.301417,177815.47,164877.09
2026-06-17 15:07:20.340722,176876.28,164534.89
2026-06-17 15:07:20.342483,177439.03,164877.09
2026-06-17 15:07:20.417349,177063.61,165392.08
2026-06-17 15:07:20.417729,177439.03,164705.88
2026-06-17 15:07:20.417976,176876.28,163853.05
2026-06-17 15:07:20.423069,177627.12,164877.09
2026-06-17 15:07:20.426699,179141.11,164534.89
2026-06-17 15:07:20.427085,179331.5,165220.19
2026-06-17 15:07:20.438565,178192.94,164877.09
2026-06-17 15:07:20.466570,177627.12,164705.88
2026-06-17 15:07:20.467588,177063.61,165048.53
2026-06-17 15:07:20.467874,177815.47,164877.09
2026-06-17 15:07:20.468394,177439.03,164877.09
2026-06-17 15:07:20.468939,177627.12,165220.19
2026-06-17 15:07:20.469863,177815.47,165220.19
2026-06-17 15:07:20.471774,177627.12,164705.88
2026-06-17 15:07:20.474164,177439.03,165220.19
2026-06-17 15:07:20.477642,177627.12,164534.89
2026-06-17 15:07:20.520624,177815.47,164705.88
2026-06-17 15:07:20.522496,178004.08,164877.09
2026-06-17 15:07:20.524613,172273.94,165048.53
2026-06-17 15:07:20.526301,177063.61,165048.53
2026-06-17 15:07:20.528462,177439.03,164705.88
2026-06-17 15:07:20.529912,179331.5,164023.2
2026-06-17 15:07:20.580636,177063.61,164877.09
2026-06-17 15:07:20.582505,177063.61,165220.19
2026-06-17 15:07:20.584315,177439.03,164534.89
2026-06-17 15:07:20.586214,177063.61,165220.19
2026-06-17 15:07:20.587971,177815.47,164023.2
2026-06-17 15:07:20.589837,177627.12,164877.09
2026-06-17 15:07:20.641384,177439.03,169053.84
2026-06-17 15:07:20.644714,177627.12,164877.09
2026-06-17 15:07:20.644764,176876.28,164877.09
2026-06-17 15:07:20.647466,177439.03,164705.88
2026-06-17 15:07:20.648358,176315.75,165220.19
2026-06-17 15:07:20.651333,176315.75,164534.89
2026-06-17 15:07:20.700909,177627.12,163853.05
2026-06-17 15:07:20.702527,177815.47,164877.09
2026-06-17 15:07:20.704310,177815.47,165048.53
2026-06-17 15:07:20.706227,178192.94,165220.19
2026-06-17 15:07:20.707976,177439.03,164877.09
2026-06-17 15:07:20.709956,177815.47,164534.89
2026-06-17 15:07:20.763744,177439.03,164705.88
2026-06-17 15:07:20.764405,179141.11,165220.19
2026-06-17 15:07:20.764447,179331.5,165392.08
2026-06-17 15:07:20.771799,176502.38,165392.08
2026-06-17 15:07:20.887781,177439.03,164534.89
2026-06-17 15:07:20.890087,176876.28,164877.09
2026-06-17 15:07:20.890140,177815.47,165220.19
2026-06-17 15:07:20.895738,175943.42,165220.19
2026-06-17 15:07:20.898466,175943.42,165220.19
2026-06-17 15:07:20.898519,175386.66,164705.88
2026-06-17 15:07:20.908491,174096.36,163853.05
2026-06-17 15:07:20.909430,174832.25,165048.53
2026-06-17 15:07:20.909466,174463.78,165220.19
2026-06-17 15:07:20.910033,173364.47,165220.19
2026-06-17 15:07:20.915749,173547.08,165048.53
2026-06-17 15:07:20.915855,176129.44,165048.53
2026-06-17 15:07:20.916319,172999.98,163344.05
2026-06-17 15:07:20.917256,171551.72,163853.05
2026-06-17 15:07:20.917862,172273.94,164534.89
2026-06-17 15:07:20.942110,174463.78,165048.53
2026-06-17 15:07:20.942630,170297.05,163344.05
2026-06-17 15:07:20.946788,169230.78,163853.05
2026-06-17 15:07:20.948298,168877.17,164534.89
2026-06-17 15:07:21.007299,166254.86,163853.05
2026-06-17 15:07:21.009558,166254.86,164877.09
2026-06-17 15:07:21.013468,165909.08,163853.05
2026-06-17 15:07:21.016862,163853.05,163853.05
2026-06-17 15:07:21.025582,165048.53,164877.09
2026-06-17 15:07:21.026246,165220.19,163174.81
2026-06-17 15:07:21.026285,163683.19,163513.52
2026-06-17 15:07:21.120552,163513.52,163853.05
2026-06-17 15:07:21.122374,163513.52,163853.05
2026-06-17 15:07:21.124307,163174.81,164534.89
2026-06-17 15:07:21.126033,162163.86,163853.05
2026-06-17 15:07:21.128328,162500.02,164023.2
2026-06-17 15:07:21.129879,161160.69,163853.05
2026-06-17 15:07:21.131629,162163.86,163853.05
2026-06-17 15:07:21.133666,162163.86,163853.05
2026-06-17 15:07:21.135539,161828.66,163513.52
2026-06-17 15:07:21.137325,161828.66,163513.52
2026-06-17 15:07:21.139284,160496.17,164534.89
2026-06-17 15:07:21.141067,160662.03,163513.52
2026-06-17 15:07:21.142990,160828.05,163513.52
2026-06-17 15:07:21.180728,160828.05,163853.05
2026-06-17 15:07:21.182482,159835.05,164705.88
2026-06-17 15:07:21.184521,160828.05,163683.19
2026-06-17 15:07:21.186103,160496.17,163344.05
2026-06-17 15:07:21.300523,160000.03,163513.52
2026-06-17 15:07:21.302377,159835.05,163174.81
2026-06-17 15:07:21.304229,159835.05,163344.05
2026-06-17 15:07:21.306205,159341.34,162668.39
2026-06-17 15:07:21.308064,160496.17,163853.05
2026-06-17 15:07:21.330200,160330.55,163344.05
2026-06-17 15:07:21.330637,160165.17,163853.05
2026-06-17 15:07:21.334130,159835.05,163513.52
2026-06-17 15:07:21.334423,159835.05,163853.05
2026-06-17 15:07:21.338701,160000.03,163683.19
2026-06-17 15:07:21.341211,159177.2,163683.19
2026-06-17 15:07:21.343267,160165.17,163853.05
2026-06-17 15:07:21.345652,159835.05,163683.19
2026-06-17 15:07:21.348633,159505.69,163513.52
2026-06-17 15:07:21.360691,164534.89,163853.05
2026-06-17 15:07:21.368663,159670.23,163513.52
2026-06-17 15:07:21.368911,160000.03,163344.05
2026-06-17 15:07:21.369190,159505.69,163513.52
2026-06-17 15:07:21.480689,159505.69,163513.52
2026-06-17 15:07:21.482335,159505.69,163513.52
2026-06-17 15:07:21.484582,160000.03,163344.05
2026-06-17 15:07:21.486428,159670.23,163344.05
2026-06-17 15:07:21.488177,160000.03,163174.81
2026-06-17 15:07:21.489851,159835.05,163513.52
2026-06-17 15:07:21.491727,159177.2,162668.39
2026-06-17 15:07:21.493704,160165.17,163853.05
2026-06-17 15:07:21.495551,159341.34,163513.52
2026-06-17 15:07:21.497517,160165.17,163344.05
2026-06-17 15:07:21.499422,159835.05,163513.52
2026-06-17 15:07:21.501300,160496.17,163853.05
2026-06-17 15:07:21.503038,159505.69,163344.05
2026-06-17 15:07:21.504849,159835.05,163174.81
2026-06-17 15:07:21.554083,161828.66,163853.05
2026-06-17 15:07:21.556003,159835.05,163344.05
2026-06-17 15:07:21.557706,159835.05,163344.05
2026-06-17 15:07:21.560921,159835.05,163853.05
2026-06-17 15:07:21.601424,160165.17,163513.52
2026-06-17 15:07:21.603043,160330.55,163853.05
2026-06-17 15:07:21.605048,160000.03,163174.81
2026-06-17 15:07:21.607570,160000.03,163344.05
2026-06-17 15:07:21.608133,160165.17,163853.05
2026-06-17 15:07:21.611403,159505.69,162500.02
2026-06-17 15:07:21.612899,159341.34,163005.73
2026-06-17 15:07:21.669891,160000.03,163853.05
2026-06-17 15:07:21.672568,160000.03,163513.52
2026-06-17 15:07:21.674693,159670.23,163174.81
2026-06-17 15:07:21.676599,160000.03,163683.19
2026-06-17 15:07:21.678451,160000.03,163344.05
2026-06-17 15:07:21.686475,159505.69,163344.05
2026-06-17 15:07:21.721869,160000.03,163344.05
2026-06-17 15:07:21.724913,159835.05,163853.05
2026-06-17 15:07:21.725697,160000.03,163513.52
2026-06-17 15:07:21.729368,159670.23,163513.52
2026-06-17 15:07:21.730561,159505.69,163344.05
2026-06-17 15:07:21.730621,159835.05,163513.52
2026-06-17 15:07:21.848085,160165.17,163344.05
2026-06-17 15:07:21.859162,160496.17,163683.19
2026-06-17 15:07:21.861788,160330.55,163853.05
2026-06-17 15:07:21.862723,159835.05,163513.52
2026-06-17 15:07:21.862771,160000.03,163853.05
2026-06-17 15:07:21.864665,160000.03,163853.05
2026-06-17 15:07:21.906266,160165.17,163005.73
2026-06-17 15:07:21.906307,160662.03,163853.05
2026-06-17 15:07:21.906920,159835.05,163174.81
2026-06-17 15:07:21.907866,159670.23,163513.52
2026-06-17 15:07:21.908171,159177.2,163174.81
2026-06-17 15:07:21.909956,159835.05,163344.05
2026-06-17 15:07:21.912436,159835.05,163683.19
2026-06-17 15:07:21.915305,160662.03,163513.52
2026-06-17 15:07:21.916379,160165.17,163853.05
2026-06-17 15:07:21.919575,160165.17,163174.81
2026-06-17 15:07:21.920146,159835.05,163513.52
2026-06-17 15:07:21.922856,159670.23,163513.52
2026-06-17 15:07:21.923384,159835.05,163513.52
2026-06-17 15:07:21.960648,163344.05,164705.88
2026-06-17 15:07:21.962459,160165.17,163853.05
2026-06-17 15:07:21.969691,160000.03,163853.05
2026-06-17 15:07:21.986605,159177.2,163513.52
2026-06-17 15:07:22.021294,159177.2,163683.19
2026-06-17 15:07:22.031095,159505.69,163344.05
2026-06-17 15:07:22.031864,159835.05,163683.19
2026-06-17 15:07:22.032123,160496.17,163513.52
2026-06-17 15:07:22.032596,160496.17,164534.89
2026-06-17 15:07:22.033053,160496.17,163174.81
2026-06-17 15:07:22.033730,159670.23,163344.05
2026-06-17 15:07:22.080592,160000.03,163174.81
2026-06-17 15:07:22.082390,160662.03,163513.52
2026-06-17 15:07:22.084336,160000.03,163513.52
2026-06-17 15:07:22.086081,160000.03,163344.05
2026-06-17 15:07:22.088140,160165.17,163513.52
2026-06-17 15:07:22.090170,160165.17,163513.52
2026-06-17 15:07:22.206843,160828.05,163683.19
2026-06-17 15:07:22.207736,160000.03,164534.89
2026-06-17 15:07:22.207787,160165.17,163513.52
2026-06-17 15:07:22.210281,160828.05,163513.52
2026-06-17 15:07:22.211082,161996.12,163683.19
2026-06-17 15:07:22.211528,162163.86,163853.05
2026-06-17 15:07:22.212115,160662.03,163513.52
2026-06-17 15:07:22.214651,162163.86,163344.05
2026-06-17 15:07:22.215499,161828.66,162836.98
2026-06-17 15:07:22.218229,161160.69,163174.81
2026-06-17 15:07:22.221262,162163.86,163005.73
2026-06-17 15:07:22.221674,162163.86,163513.52
2026-06-17 15:07:22.229930,162500.02,163513.52
2026-06-17 15:07:22.260683,163683.19,163344.05
2026-06-17 15:07:22.262523,163853.05,163513.52
2026-06-17 15:07:22.264570,163344.05,163683.19
2026-06-17 15:07:22.266347,163005.73,164023.2
2026-06-17 15:07:22.325279,163513.52,163853.05
2026-06-17 15:07:22.325898,163853.05,163174.81
2026-06-17 15:07:22.326403,164534.89,163683.19
2026-06-17 15:07:22.326730,163513.52,163344.05
2026-06-17 15:07:22.334005,164534.89,163853.05
2026-06-17 15:07:22.334666,165392.08,164534.89
2026-06-17 15:07:22.334851,165564.19,163853.05
2026-06-17 15:07:22.380868,165220.19,163853.05
2026-06-17 15:07:22.382521,166081.86,163683.19
2026-06-17 15:07:22.384242,167822.08,163853.05
2026-06-17 15:07:22.385970,165909.08,164534.89
2026-06-17 15:07:22.387931,168172.86,163853.05
2026-06-17 15:07:22.389986,167997.36,163853.05
2026-06-17 15:07:22.440724,168172.86,163683.19
2026-06-17 15:07:22.442906,169053.84,163513.52
2026-06-17 15:07:22.444240,168700.8,163683.19
2026-06-17 15:07:22.446248,168877.17,164877.09
2026-06-17 15:07:22.447990,170475.56,163853.05
2026-06-17 15:07:22.450184,171192.05,164534.89
2026-06-17 15:07:22.560674,171192.05,164534.89
2026-06-17 15:07:22.562714,171912.34,164023.2
2026-06-17 15:07:22.566042,172273.94,164877.09
2026-06-17 15:07:22.566791,172455.08,164534.89
2026-06-17 15:07:22.568565,172273.94,164705.88
2026-06-17 15:07:22.571242,173913.08,163513.52
2026-06-17 15:07:22.574620,174096.36,164534.89
2026-06-17 15:07:22.574674,174463.78,164534.89
2026-06-17 15:07:22.577033,174647.91,163513.52
2026-06-17 15:07:22.577528,175016.77,163853.05
2026-06-17 15:07:22.579822,174832.25,164705.88
2026-06-17 15:07:22.581361,175201.58,164534.89
2026-06-17 15:07:22.584429,175016.77,164534.89
2026-06-17 15:07:22.639208,180479.44,165392.08
2026-06-17 15:07:22.641981,176689.2,163853.05
2026-06-17 15:07:22.642410,176129.44,164877.09
2026-06-17 15:07:22.646128,176689.2,163853.05
2026-06-17 15:07:22.682389,177063.61,164877.09
2026-06-17 15:07:22.682663,176876.28,164705.88
2026-06-17 15:07:22.684448,177063.61,164534.89
2026-06-17 15:07:22.686468,177063.61,164534.89
2026-06-17 15:07:22.689909,177439.03,164534.89
2026-06-17 15:07:22.690374,177627.12,163853.05
2026-06-17 15:07:22.694620,177439.03,164705.88
2026-06-17 15:07:22.740874,177815.47,163853.05
2026-06-17 15:07:22.742861,177627.12,164534.89
2026-06-17 15:07:22.744179,177815.47,163853.05
2026-06-17 15:07:22.746003,177627.12,164877.09
2026-06-17 15:07:22.747956,179713.11,165220.19
2026-06-17 15:07:22.750852,177439.03,164877.09
2026-06-17 15:07:22.862136,177439.03,164705.88
2026-06-17 15:07:22.862953,178950.95,164534.89
2026-06-17 15:07:22.865690,177815.47,164877.09
2026-06-17 15:07:22.866485,177439.03,165220.19
2026-06-17 15:07:22.920765,179141.11,165220.19
2026-06-17 15:07:22.922615,179522.19,164877.09
2026-06-17 15:07:22.924453,176315.75,163853.05
2026-06-17 15:07:22.926162,179331.5,164877.09
2026-06-17 15:07:22.928089,177251.12,164705.88
2026-06-17 15:07:22.929916,177627.12,164705.88
2026-06-17 15:07:22.956074,177627.12,164877.09
2026-06-17 15:07:22.956118,177815.47,164877.09
2026-06-17 15:07:22.961232,179141.11,164705.88
2026-06-17 15:07:22.961287,177627.12,164877.09
2026-06-17 15:07:22.962835,178004.08,164023.2
2026-06-17 15:07:22.963641,178192.94,163344.05
2026-06-17 15:07:22.964088,177439.03,164534.89
2026-06-17 15:07:22.964266,177439.03,163853.05
2026-06-17 15:07:22.966267,177815.47,164705.88
2026-06-17 15:07:22.982560,177815.47,164023.2
2026-06-17 15:07:22.983511,178192.94,164877.09
2026-06-17 15:07:22.986052,178192.94,164877.09
2026-06-17 15:07:22.986298,178004.08,164534.89
2026-06-17 15:07:23.040641,178004.08,164023.2
2026-06-17 15:07:23.042421,178192.94,165048.53
2026-06-17 15:07:23.044573,178192.94,164877.09
2026-06-17 15:07:23.046145,177439.03,164877.09
2026-06-17 15:07:23.048354,178192.94,164023.2
2026-06-17 15:07:23.049751,177439.03,164023.2
2026-06-17 15:07:23.051660,176129.44,165220.19
2026-06-17 15:07:23.101112,177627.12,164705.88
2026-06-17 15:07:23.167970,178192.94,164705.88
2026-06-17 15:07:23.174519,177439.03,163683.19
2026-06-17 15:07:23.178797,177815.47,165392.08
2026-06-17 15:07:23.182825,177439.03,163853.05
2026-06-17 15:07:23.186165,177439.03,164534.89
2026-06-17 15:07:23.195408,178004.08,165048.53
2026-06-17 15:07:23.196024,177439.03,164534.89
2026-06-17 15:07:23.196496,178192.94,164705.88
2026-06-17 15:07:23.197258,177815.47,165220.19
2026-06-17 15:07:23.197299,177439.03,164877.09
2026-06-17 15:07:23.197320,177815.47,164534.89
2026-06-17 15:07:23.204564,177627.12,164534.89
2026-06-17 15:07:23.226012,177815.47,165048.53
2026-06-17 15:07:23.226630,178192.94,164877.09
2026-06-17 15:07:23.341964,179331.5,165048.53
2026-06-17 15:07:23.342306,178192.94,164877.09
2026-06-17 15:07:23.344344,177815.47,165220.19
2026-06-17 15:07:23.346727,177439.03,164877.09
2026-06-17 15:07:23.348493,177251.12,164877.09
2026-06-17 15:07:23.350926,177627.12,164877.09
2026-06-17 15:07:23.354074,177063.61,164877.09
2026-06-17 15:07:23.356212,177439.03,164877.09
2026-06-17 15:07:23.356252,177627.12,164705.88
2026-06-17 15:07:23.357804,177815.47,164877.09
2026-06-17 15:07:23.359790,177627.12,164877.09
2026-06-17 15:07:23.362345,177439.03,164705.88
2026-06-17 15:07:23.362915,178192.94,164877.09
2026-06-17 15:07:23.367534,177439.03,163853.05
2026-06-17 15:07:23.367588,177627.12,164705.88
2026-06-17 15:07:23.368682,177815.47,164705.88
2026-06-17 15:07:23.372002,177815.47,164705.88
2026-06-17 15:07:23.400720,177815.47,163683.19
2026-06-17 15:07:23.402658,177815.47,165564.19
2026-06-17 15:07:23.404739,177439.03,165220.19
2026-06-17 15:07:23.460697,177439.03,164705.88
2026-06-17 15:07:23.462380,177815.47,165220.19
2026-06-17 15:07:23.464472,178192.94,164877.09
2026-06-17 15:07:23.466205,177063.61,165048.53
2026-06-17 15:07:23.469170,177439.03,164534.89
2026-06-17 15:07:23.470175,176876.28,164534.89
2026-06-17 15:07:23.524490,177439.03,164877.09
2026-06-17 15:07:23.524531,177815.47,164877.09
2026-06-17 15:07:23.524910,179331.5,164705.88
2026-06-17 15:07:23.527626,178192.94,165220.19
2026-06-17 15:07:23.532357,177439.03,163853.05
2026-06-17 15:07:23.534348,177439.03,164877.09
2026-06-17 15:07:23.582458,177439.03,164534.89
2026-06-17 15:07:23.585059,177063.61,164705.88
2026-06-17 15:07:23.585314,177063.61,165220.19
2026-06-17 15:07:23.588585,177063.61,164877.09
2026-06-17 15:07:23.589786,177063.61,164705.88
2026-06-17 15:07:23.590250,177063.61,164534.89
2026-06-17 15:07:23.592564,177063.61,164877.09
2026-06-17 15:07:23.653366,177063.61,164534.89
2026-06-17 15:07:23.663694,177063.61,164877.09
2026-06-17 15:07:23.663736,177627.12,163853.05
2026-06-17 15:07:23.664504,176502.38,164877.09
2026-06-17 15:07:23.664544,177439.03,165048.53
2026-06-17 15:07:23.666804,176315.75,164534.89
2026-06-17 15:07:23.705815,177439.03,164877.09
2026-06-17 15:07:23.711256,177063.61,164534.89
2026-06-17 15:07:23.711306,176689.2,164534.89
2026-06-17 15:07:23.711827,177063.61,163853.05
2026-06-17 15:07:23.712152,177063.61,164877.09
2026-06-17 15:07:23.714128,177063.61,165048.53
2026-06-17 15:07:23.760473,176876.28,165048.53
2026-06-17 15:07:23.763543,177251.12,165220.19
2026-06-17 15:07:23.764768,176876.28,165220.19
2026-06-17 15:07:23.766612,175943.42,165048.53
2026-06-17 15:07:23.768048,176502.38,164534.89
2026-06-17 15:07:23.770176,176315.75,164705.88
2026-06-17 15:07:23.820665,176502.38,164877.09
2026-06-17 15:07:23.822498,174463.78,164877.09
2026-06-17 15:07:23.824654,175201.58,165220.19
2026-06-17 15:07:23.826497,175386.66,163853.05
2026-06-17 15:07:23.828681,175201.58,164534.89
2026-06-17 15:07:23.830324,175016.77,164877.09
2026-06-17 15:07:23.882633,175201.58,164877.09
2026-06-17 15:07:23.883706,174647.91,165048.53
2026-06-17 15:07:23.887865,174279.95,164705.88
2026-06-17 15:07:23.890908,173913.08,164877.09
2026-06-17 15:07:23.893025,174463.78,164705.88
2026-06-17 15:07:23.896586,173182.11,164023.2
2026-06-17 15:07:23.942980,172273.94,163853.05
2026-06-17 15:07:23.943034,171192.05,163853.05
2026-06-17 15:07:23.945064,171551.72,164877.09
2026-06-17 15:07:23.946455,170475.56,164705.88
2026-06-17 15:07:23.949556,170475.56,163683.19
2026-06-17 15:07:23.952076,169053.84,163853.05
2026-06-17 15:07:24.061915,168877.17,163853.05
2026-06-17 15:07:24.062491,167997.36,164534.89
2026-06-17 15:07:24.064784,168348.64,163853.05
2026-06-17 15:07:24.067117,168172.86,164023.2
2026-06-17 15:07:24.070026,165909.08,163853.05
2026-06-17 15:07:24.070147,166081.86,164534.89
2026-06-17 15:07:24.073692,165909.08,164877.09
2026-06-17 15:07:24.074772,165564.19,163853.05
2026-06-17 15:07:24.076695,165220.19,163174.81
2026-06-17 15:07:24.077325,165048.53,163344.05
2026-06-17 15:07:24.080230,165392.08,163853.05
2026-06-17 15:07:24.081760,164534.89,164023.2
2026-06-17 15:07:24.083027,163513.52,163853.05
2026-06-17 15:07:24.122772,169407.91,164534.89
2026-06-17 15:07:24.124691,163853.05,163174.81
2026-06-17 15:07:24.182688,162836.98,162836.98
2026-06-17 15:07:24.205835,162500.02,163344.05
2026-06-17 15:07:24.206107,163174.81,163683.19
2026-06-17 15:07:24.209666,162836.98,163683.19
2026-06-17 15:07:24.209906,162500.02,163683.19
2026-06-17 15:07:24.217426,161661.36,164534.89
2026-06-17 15:07:24.217744,161828.66,163513.52
2026-06-17 15:07:24.218347,161996.12,163853.05
2026-06-17 15:07:24.218929,161160.69,163174.81
2026-06-17 15:07:24.247476,161828.66,163344.05
2026-06-17 15:07:24.248236,160828.05,163853.05
2026-06-17 15:07:24.248281,162500.02,163513.52
2026-06-17 15:07:24.248300,161828.66,163174.81
2026-06-17 15:07:24.316430,161996.12,163513.52
2026-06-17 15:07:24.320633,160662.03,163344.05
2026-06-17 15:07:24.320833,162500.02,163853.05
2026-06-17 15:07:24.321146,160994.23,163513.52
2026-06-17 15:07:24.323200,161828.66,163853.05
2026-06-17 15:07:24.325433,161160.69,163513.52
2026-06-17 15:07:24.332828,160994.23,163683.19
2026-06-17 15:07:24.333441,161661.36,163344.05
2026-06-17 15:07:24.361137,162163.86,163853.05
2026-06-17 15:07:24.420765,162331.84,164534.89
2026-06-17 15:07:24.497075,161160.69,163853.05
2026-06-17 15:07:24.500461,161828.66,162836.98
2026-06-17 15:07:24.500514,160496.17,164534.89
2026-06-17 15:07:24.503232,160994.23,163344.05
2026-06-17 15:07:24.505361,161996.12,164534.89
2026-06-17 15:07:24.507925,162500.02,163853.05
2026-06-17 15:07:24.516108,163174.81,163853.05
2026-06-17 15:07:24.516842,162163.86,164534.89
2026-06-17 15:07:24.517068,162500.02,164534.89
2026-06-17 15:07:24.517134,162500.02,163683.19
2026-06-17 15:07:24.517566,162836.98,164534.89
2026-06-17 15:07:24.518160,162500.02,164534.89
2026-06-17 15:07:24.518776,162163.86,163344.05
2026-06-17 15:07:24.518817,162163.86,164534.89
2026-06-17 15:07:24.524778,162500.02,164534.89
2026-06-17 15:07:24.525483,163005.73,164534.89
2026-06-17 15:07:24.525658,162668.39,164534.89
2026-06-17 15:07:24.528214,162668.39,163853.05
2026-06-17 15:07:24.542873,162836.98,164534.89
2026-06-17 15:07:24.616266,163344.05,164705.88
2026-06-17 15:07:24.616337,162500.02,164705.88
2026-06-17 15:07:24.619553,162836.98,164534.89
2026-06-17 15:07:24.621700,163344.05,164023.2
2026-06-17 15:07:24.623692,163174.81,164534.89
2026-06-17 15:07:24.623920,163005.73,164705.88
2026-06-17 15:07:24.627617,163344.05,164877.09
2026-06-17 15:07:24.634621,163174.81,164877.09
2026-06-17 15:07:24.635193,163513.52,164705.88
2026-06-17 15:07:24.661989,162836.98,164534.89
2026-06-17 15:07:24.662610,163174.81,163683.19
2026-06-17 15:07:24.664173,163174.81,163344.05
2026-06-17 15:07:24.667486,162668.39,164705.88
2026-06-17 15:07:24.667528,162500.02,165220.19
2026-06-17 15:07:24.670724,162836.98,164023.2
2026-06-17 15:07:24.780869,163174.81,164534.89
2026-06-17 15:07:24.782339,163005.73,164534.89
2026-06-17 15:07:24.784428,162500.02,163513.52
2026-06-17 15:07:24.786008,162836.98,164705.88
2026-06-17 15:07:24.787915,163513.52,163853.05
2026-06-17 15:07:24.790413,163174.81,164877.09
2026-06-17 15:07:24.791439,163853.05,164877.09
2026-06-17 15:07:24.793343,162836.98,164364.11
2026-06-17 15:07:24.795537,162668.39,163853.05
2026-06-17 15:07:24.796991,162836.98,163853.05
2026-06-17 15:07:24.798676,163005.73,164877.09
2026-06-17 15:07:24.800555,163005.73,163853.05
2026-06-17 15:07:24.802403,162836.98,163853.05
2026-06-17 15:07:24.851289,162500.02,164534.89
2026-06-17 15:07:24.851917,162331.84,165220.19
2026-06-17 15:07:24.852639,162668.39,164877.09
2026-06-17 15:07:24.852679,163174.81,163683.19
2026-06-17 15:07:24.900712,163005.73,163853.05
2026-06-17 15:07:24.902600,162500.02,164705.88
2026-06-17 15:07:24.906555,163344.05,164877.09
2026-06-17 15:07:24.907794,163344.05,164877.09
2026-06-17 15:07:24.909574,163513.52,164705.88
2026-06-17 15:07:24.911474,163174.81,164705.88
2026-06-17 15:07:24.913556,162836.98,164705.88
2026-06-17 15:07:24.961600,163513.52,164534.89
2026-06-17 15:07:24.968563,162836.98,163853.05
2026-06-17 15:07:24.969230,162500.02,164705.88
2026-06-17 15:07:25.020434,163174.81,164877.09
2026-06-17 15:07:25.022208,163174.81,165220.19
2026-06-17 15:07:25.024054,162500.02,164705.88
2026-06-17 15:07:25.025927,163174.81,164877.09
2026-06-17 15:07:25.027694,163513.52,164705.88
2026-06-17 15:07:25.029675,162836.98,164534.89
2026-06-17 15:07:25.031444,163174.81,164705.88
2026-06-17 15:07:25.033590,163853.05,164534.89
2026-06-17 15:07:25.035140,163513.52,164534.89
2026-06-17 15:07:25.145286,162836.98,164877.09
2026-06-17 15:07:25.146088,163344.05,164534.89
2026-06-17 15:07:25.146129,163174.81,165048.53
2026-06-17 15:07:25.146148,163513.52,165048.53
2026-06-17 15:07:25.156536,160994.23,163853.05
2026-06-17 15:07:25.157096,162836.98,165392.08
2026-06-17 15:07:25.157669,162668.39,164705.88
2026-06-17 15:07:25.157944,163683.19,165392.08
2026-06-17 15:07:25.158985,162836.98,165220.19
2026-06-17 15:07:25.159355,163174.81,163683.19
2026-06-17 15:07:25.160067,163513.52,163683.19
2026-06-17 15:07:25.160524,163513.52,164534.89
2026-06-17 15:07:25.162366,163174.81,163853.05
2026-06-17 15:07:25.265390,163005.73,164877.09
2026-06-17 15:07:25.266439,163683.19,165220.19
2026-06-17 15:07:25.267577,162836.98,165048.53
2026-06-17 15:07:25.267630,163344.05,164534.89
2026-06-17 15:07:25.268501,162500.02,164534.89
2026-06-17 15:07:25.269831,162668.39,163853.05
2026-06-17 15:07:25.274662,163344.05,165048.53
2026-06-17 15:07:25.320757,163683.19,164877.09
2026-06-17 15:07:25.322403,163344.05,164705.88
2026-06-17 15:07:25.324166,162668.39,164705.88
2026-06-17 15:07:25.325831,163513.52,164534.89
2026-06-17 15:07:25.327852,163513.52,164877.09
2026-06-17 15:07:25.329630,163513.52,164534.89
2026-06-17 15:07:25.331556,163174.81,164023.2
2026-06-17 15:07:25.333742,163513.52,163853.05
2026-06-17 15:07:25.335310,163344.05,164877.09
2026-06-17 15:07:25.337046,163174.81,164534.89
2026-06-17 15:07:25.380515,163853.05,162836.98
2026-06-17 15:07:25.382608,163513.52,163853.05
2026-06-17 15:07:25.384172,163853.05,163853.05
2026-06-17 15:07:25.385895,163853.05,164705.88
2026-06-17 15:07:25.387811,160828.05,164705.88
2026-06-17 15:07:25.389631,163853.05,164534.89
2026-06-17 15:07:25.500737,163344.05,164534.89
2026-06-17 15:07:25.502405,163683.19,164877.09
2026-06-17 15:07:25.504159,163513.52,163513.52
2026-06-17 15:07:25.506129,164705.88,165220.19
2026-06-17 15:07:25.508786,163683.19,164534.89
2026-06-17 15:07:25.510254,163853.05,164705.88
2026-06-17 15:07:25.511776,163174.81,164877.09
2026-06-17 15:07:25.513398,163683.19,164877.09
2026-06-17 15:07:25.539240,163683.19,165048.53
2026-06-17 15:07:25.541243,163513.52,165220.19
2026-06-17 15:07:25.543240,163174.81,163853.05
2026-06-17 15:07:25.543280,163174.81,163513.52
2026-06-17 15:07:25.545352,163513.52,164877.09
2026-06-17 15:07:25.569699,163174.81,164534.89
2026-06-17 15:07:25.620757,163174.81,164877.09
2026-06-17 15:07:25.622476,163513.52,164534.89
2026-06-17 15:07:25.624692,163683.19,163513.52
2026-06-17 15:07:25.626083,162331.84,163853.05
2026-06-17 15:07:25.628035,163344.05,164705.88
2026-06-17 15:07:25.629923,163513.52,164534.89
2026-06-17 15:07:25.631597,163513.52,164534.89
2026-06-17 15:07:25.633746,163344.05,163683.19
2026-06-17 15:07:25.635535,163853.05,163853.05
2026-06-17 15:07:25.637441,163683.19,163853.05
2026-06-17 15:07:25.680630,163174.81,163853.05
2026-06-17 15:07:25.747527,165220.19,164534.89
2026-06-17 15:07:25.748143,164023.2,164534.89
2026-06-17 15:07:25.749455,163513.52,163683.19
2026-06-17 15:07:25.749506,163513.52,167647.09
2026-06-17 15:07:25.750485,163344.05,164023.2
2026-06-17 15:07:25.751151,162836.98,163513.52
2026-06-17 15:07:25.751987,162836.98,163513.52
2026-06-17 15:07:25.761313,163174.81,164023.2
2026-06-17 15:07:25.761761,162836.98,163853.05
2026-06-17 15:07:25.762315,161828.66,163853.05
2026-06-17 15:07:25.762860,161828.66,164023.2
2026-06-17 15:07:25.765578,161661.36,163853.05
2026-06-17 15:07:25.802204,165392.08,163853.05
2026-06-17 15:07:25.802828,162163.86,163683.19
2026-06-17 15:07:25.807039,161828.66,163513.52
2026-06-17 15:07:25.807102,161160.69,164534.89
2026-06-17 15:07:25.863295,160828.05,163513.52
2026-06-17 15:07:25.863346,161160.69,164364.11
2026-06-17 15:07:25.865533,166081.86,164023.2
2026-06-17 15:07:25.868715,162163.86,163344.05
2026-06-17 15:07:25.921501,161828.66,164534.89
2026-06-17 15:07:25.922851,163513.52,164023.2
2026-06-17 15:07:25.924360,163513.52,163853.05
2026-06-17 15:07:25.926122,164534.89,164877.09
2026-06-17 15:07:25.927893,164534.89,164534.89
2026-06-17 15:07:25.929747,164534.89,163344.05
2026-06-17 15:07:25.931713,164023.2,164534.89
2026-06-17 15:07:25.933864,165220.19,164534.89
2026-06-17 15:07:25.935582,164877.09,163513.52
2026-06-17 15:07:25.980731,164705.88,163513.52
2026-06-17 15:07:25.982374,164705.88,164534.89
2026-06-17 15:07:25.985337,165392.08,163853.05
2026-06-17 15:07:25.986583,165564.19,163853.05
2026-06-17 15:07:25.988417,165736.56,164705.88
2026-06-17 15:07:26.051346,166254.86,164023.2
2026-06-17 15:07:26.054640,168172.86,163853.05
2026-06-17 15:07:26.056645,169407.91,164023.2
2026-06-17 15:07:26.058471,170118.73,164705.88
2026-06-17 15:07:26.060322,170654.34,165220.19
2026-06-17 15:07:26.062542,169230.78,163853.05
2026-06-17 15:07:26.064394,171012.56,164534.89
2026-06-17 15:07:26.100801,170833.28,164023.2
2026-06-17 15:07:26.103654,163344.05,163853.05
2026-06-17 15:07:26.106502,172093.02,164534.89
2026-06-17 15:07:26.177197,171551.72,164705.88
2026-06-17 15:07:26.179308,172999.98,164877.09
2026-06-17 15:07:26.181098,172273.94,163853.05
2026-06-17 15:07:26.181991,171731.91,164705.88
2026-06-17 15:07:26.184188,173729.98,163853.05
2026-06-17 15:07:26.186177,172999.98,165220.19
2026-06-17 15:07:26.186842,173364.47,164364.11
2026-06-17 15:07:26.194774,172999.98,164877.09
2026-06-17 15:07:26.221859,174832.25,164534.89
2026-06-17 15:07:26.222513,175386.66,164877.09
2026-06-17 15:07:26.224486,175016.77,164877.09
2026-06-17 15:07:26.227255,175386.66,164534.89
2026-06-17 15:07:26.229697,176315.75,164877.09
2026-06-17 15:07:26.232144,176689.2,164877.09
2026-06-17 15:07:26.232187,176689.2,164534.89
2026-06-17 15:07:26.280612,176876.28,163853.05
2026-06-17 15:07:26.282403,176502.38,164877.09
2026-06-17 15:07:26.284570,177439.03,164534.89
2026-06-17 15:07:26.286105,176876.28,163683.19
2026-06-17 15:07:26.287993,177063.61,164877.09
2026-06-17 15:07:26.290126,176689.2,163853.05
2026-06-17 15:07:26.342676,176876.28,164534.89
2026-06-17 15:07:26.342964,177063.61,163853.05
2026-06-17 15:07:26.358408,177439.03,164534.89
2026-06-17 15:07:26.371091,176502.38,164877.09
2026-06-17 15:07:26.371136,178004.08,165048.53
2026-06-17 15:07:26.373244,177815.47,164705.88
2026-06-17 15:07:26.401570,177251.12,164705.88
2026-06-17 15:07:26.402537,178950.95,165220.19
2026-06-17 15:07:26.413783,177627.12,163344.05
2026-06-17 15:07:26.414227,177063.61,164534.89
2026-06-17 15:07:26.414878,178192.94,164877.09
2026-06-17 15:07:26.415065,177815.47,164877.09
2026-06-17 15:07:26.460540,177439.03,164705.88
2026-06-17 15:07:26.526488,177815.47,163683.19
2026-06-17 15:07:26.526543,177627.12,165392.08
2026-06-17 15:07:26.526688,176315.75,165392.08
2026-06-17 15:07:26.527209,177815.47,163853.05
2026-06-17 15:07:26.527970,176876.28,164534.89
2026-06-17 15:07:26.538537,177815.47,165220.19
2026-06-17 15:07:26.539292,178192.94,164877.09
2026-06-17 15:07:26.539552,177627.12,164877.09
2026-06-17 15:07:26.540439,177439.03,164877.09
2026-06-17 15:07:26.540717,178950.95,165220.19
2026-06-17 15:07:26.541542,177627.12,164705.88
2026-06-17 15:07:26.542050,177815.47,164705.88
2026-06-17 15:07:26.580776,179713.11,164877.09
2026-06-17 15:07:26.582518,178004.08,164705.88
2026-06-17 15:07:26.584545,178382.06,165392.08
2026-06-17 15:07:26.586073,179522.19,164705.88
2026-06-17 15:07:26.640753,177815.47,164877.09
2026-06-17 15:07:26.642544,179713.11,165220.19
2026-06-17 15:07:26.644425,176876.28,165220.19
2026-06-17 15:07:26.646246,177815.47,164705.88
2026-06-17 15:07:26.647984,178950.95,164877.09
2026-06-17 15:07:26.649910,178950.95,165220.19
2026-06-17 15:07:26.651695,177627.12,164877.09
2026-06-17 15:07:26.705304,177063.61,164705.88
2026-06-17 15:07:26.705345,177815.47,164877.09
2026-06-17 15:07:26.705697,179331.5,165220.19
2026-06-17 15:07:26.761567,178192.94,165048.53
2026-06-17 15:07:26.765415,179331.5,165220.19
2026-06-17 15:07:26.766141,177627.12,164877.09
2026-06-17 15:07:26.767364,177627.12,164877.09
2026-06-17 15:07:26.768791,177439.03,164705.88
2026-06-17 15:07:26.770452,177815.47,165048.53
2026-06-17 15:07:26.773468,177627.12,163853.05
2026-06-17 15:07:26.774145,177815.47,164705.88
2026-06-17 15:07:26.775813,178004.08,164877.09
2026-06-17 15:07:26.824929,178192.94,165220.19
2026-06-17 15:07:26.825333,179331.5,165392.08
2026-06-17 15:07:26.827567,177439.03,163853.05
2026-06-17 15:07:26.827612,177063.61,164023.2
2026-06-17 15:07:26.830434,177063.61,164534.89
2026-06-17 15:07:26.833280,178192.94,164877.09
2026-06-17 15:07:26.880836,179904.3,164534.89
2026-06-17 15:07:26.885062,177439.03,164877.09
2026-06-17 15:07:26.886044,178382.06,164877.09
2026-06-17 15:07:26.886088,178192.94,164877.09
2026-06-17 15:07:26.890058,178192.94,165048.53
2026-06-17 15:07:26.890325,178004.08,164877.09
2026-06-17 15:07:27.003294,178004.08,164705.88
2026-06-17 15:07:27.007172,176502.38,164534.89
2026-06-17 15:07:27.007215,178950.95,163853.05
2026-06-17 15:07:27.007528,179331.5,165048.53
2026-06-17 15:07:27.007984,177815.47,165220.19
2026-06-17 15:07:27.011935,177627.12,163853.05
2026-06-17 15:07:27.011978,177439.03,164705.88
2026-06-17 15:07:27.061727,179141.11,164877.09
2026-06-17 15:07:27.063298,177815.47,164705.88
2026-06-17 15:07:27.065283,177815.47,164877.09
2026-06-17 15:07:27.066702,177251.12,163513.52
2026-06-17 15:07:27.070171,177251.12,164534.89
2026-06-17 15:07:27.070773,177815.47,164877.09
2026-06-17 15:07:27.072588,177063.61,164705.88
2026-06-17 15:07:27.076105,177439.03,163853.05
2026-06-17 15:07:27.076933,176876.28,163853.05
2026-06-17 15:07:27.077726,177439.03,164877.09
2026-06-17 15:07:27.079498,176129.44,164534.89
2026-06-17 15:07:27.081380,177439.03,164877.09
2026-06-17 15:07:27.129692,177439.03,164705.88
2026-06-17 15:07:27.129733,177439.03,164877.09
2026-06-17 15:07:27.133369,175757.59,165220.19
2026-06-17 15:07:27.133422,176689.2,165220.19
2026-06-17 15:07:27.180820,176689.2,164023.2
2026-06-17 15:07:27.183781,177815.47,165220.19
2026-06-17 15:07:27.186030,177439.03,164534.89
2026-06-17 15:07:27.186075,178004.08,164877.09
2026-06-17 15:07:27.188723,177439.03,164534.89
2026-06-17 15:07:27.190921,177063.61,165220.19
2026-06-17 15:07:27.192539,177251.12,164705.88
2026-06-17 15:07:27.240721,177063.61,164705.88
2026-06-17 15:07:27.242487,177815.47,164534.89
2026-06-17 15:07:27.244646,178192.94,165220.19
2026-06-17 15:07:27.246265,177439.03,165220.19
2026-06-17 15:07:27.248368,178192.94,165048.53
2026-06-17 15:07:27.249986,177439.03,164705.88
2026-06-17 15:07:27.360760,177063.61,164534.89
2026-06-17 15:07:27.363432,177439.03,164705.88
2026-06-17 15:07:27.364502,177439.03,164534.89
2026-06-17 15:07:27.367440,176315.75,164877.09
2026-06-17 15:07:27.368224,177251.12,164534.89
2026-06-17 15:07:27.379764,177063.61,165048.53
2026-06-17 15:07:27.389482,176689.2,165048.53
2026-06-17 15:07:27.389561,176129.44,165220.19
2026-06-17 15:07:27.389947,176502.38,164705.88
2026-06-17 15:07:27.390434,176689.2,164534.89
2026-06-17 15:07:27.420901,176129.44,163853.05
2026-06-17 15:07:27.487671,176315.75,164877.09
2026-06-17 15:07:27.488415,177063.61,164877.09
2026-06-17 15:07:27.489063,179713.11,164877.09
2026-06-17 15:07:27.489243,177439.03,164877.09
2026-06-17 15:07:27.490098,176876.28,164877.09
2026-06-17 15:07:27.490157,176129.44,163853.05
2026-06-17 15:07:27.492759,175943.42,164705.88
2026-06-17 15:07:27.495121,176315.75,164877.09
2026-06-17 15:07:27.497608,176876.28,164705.88
2026-06-17 15:07:27.540763,175201.58,164534.89
2026-06-17 15:07:27.542482,175943.42,164877.09
2026-06-17 15:07:27.544419,176689.2,164705.88
2026-06-17 15:07:27.546312,175943.42,164705.88
2026-06-17 15:07:27.548645,176129.44,164705.88
2026-06-17 15:07:27.549883,176129.44,165048.53
2026-06-17 15:07:27.551726,176315.75,164877.09
2026-06-17 15:07:27.600586,175201.58,164877.09
2026-06-17 15:07:27.602509,175016.77,164534.89
2026-06-17 15:07:27.604299,175201.58,164877.09
2026-06-17 15:07:27.606574,175201.58,164705.88
2026-06-17 15:07:27.608186,175201.58,163344.05
2026-06-17 15:07:27.609932,176315.75,165564.19
2026-06-17 15:07:27.611777,174647.91,165220.19
2026-06-17 15:07:27.613947,174832.25,164705.88
2026-06-17 15:07:27.615680,173729.98,164534.89
2026-06-17 15:07:27.721554,173364.47,164705.88
2026-06-17 15:07:27.723130,173729.98,164877.09
2026-06-17 15:07:27.724355,172093.02,164877.09
2026-06-17 15:07:27.727649,171912.34,164023.2
2026-06-17 15:07:27.728168,171551.72,164023.2
2026-06-17 15:07:27.789807,170833.28,164877.09
2026-06-17 15:07:27.789850,171192.05,164877.09
2026-06-17 15:07:27.792426,170833.28,164705.88
2026-06-17 15:07:27.794973,169053.84,164023.2
2026-06-17 15:07:27.798775,168348.64,165048.53
2026-06-17 15:07:27.799333,168700.8,164705.88
2026-06-17 15:07:27.808114,168172.86,163853.05
2026-06-17 15:07:27.808341,168700.8,163853.05
2026-06-17 15:07:27.808976,168172.86,164534.89
2026-06-17 15:07:27.809017,168172.86,164534.89
2026-06-17 15:07:27.809690,168348.64,164023.2
2026-06-17 15:07:27.810215,165736.56,163853.05
2026-06-17 15:07:27.810257,166081.86,163683.19
2026-06-17 15:07:27.810858,167647.09,163853.05
2026-06-17 15:07:27.840885,165564.19,164534.89
2026-06-17 15:07:27.843424,165220.19,164705.88
2026-06-17 15:07:27.845276,165564.19,164705.88
2026-06-17 15:07:27.847027,166254.86,164705.88
2026-06-17 15:07:27.901961,165220.19,163853.05
2026-06-17 15:07:27.903534,165564.19,163853.05
2026-06-17 15:07:27.904244,164877.09,163174.81
2026-06-17 15:07:27.906616,164877.09,163513.52
2026-06-17 15:07:27.908057,165048.53,163853.05
2026-06-17 15:07:27.980848,165392.08,163853.05
2026-06-17 15:07:27.982648,165048.53,163853.05
2026-06-17 15:07:27.984827,163853.05,163853.05
2026-06-17 15:07:27.986805,163853.05,164534.89
2026-06-17 15:07:27.987026,164534.89,163513.52
2026-06-17 15:07:27.989051,164534.89,163853.05
2026-06-17 15:07:27.990979,164023.2,163853.05
2026-06-17 15:07:27.993207,163853.05,163853.05
2026-06-17 15:07:28.098995,163853.05,163683.19
2026-06-17 15:07:28.101795,163513.52,164534.89
2026-06-17 15:07:28.102180,164023.2,164705.88
2026-06-17 15:07:28.106225,163853.05,164534.89
2026-06-17 15:07:28.108127,163513.52,163513.52
2026-06-17 15:07:28.110220,164705.88,164705.88
2026-06-17 15:07:28.110263,163513.52,163513.52
2026-06-17 15:07:28.112282,163513.52,163683.19
2026-06-17 15:07:28.122118,163344.05,164534.89
2026-06-17 15:07:28.122794,163513.52,164877.09
2026-06-17 15:07:28.123190,162836.98,163513.52
2026-06-17 15:07:28.123588,162836.98,163344.05
2026-06-17 15:07:28.123953,162668.39,163344.05
2026-06-17 15:07:28.145739,164534.89,163853.05
2026-06-17 15:07:28.145870,163853.05,164534.89
2026-06-17 15:07:28.146547,163853.05,163853.05
2026-06-17 15:07:28.147065,163513.52,163853.05
2026-06-17 15:07:28.200667,163344.05,163513.52
2026-06-17 15:07:28.203192,163513.52,163853.05
2026-06-17 15:07:28.204388,163683.19,163853.05
2026-06-17 15:07:28.206193,163513.52,163683.19
2026-06-17 15:07:28.208265,163513.52,163513.52
2026-06-17 15:07:28.210103,162836.98,163853.05
2026-06-17 15:07:28.212233,163174.81,163174.81
2026-06-17 15:07:28.260660,163344.05,163853.05
2026-06-17 15:07:28.445014,163174.81,163513.52
2026-06-17 15:07:28.445629,163683.19,164023.2
2026-06-17 15:07:28.447801,163683.19,163853.05
2026-06-17 15:07:28.500648,163174.81,164364.11
2026-06-17 15:07:28.502511,163174.81,163853.05
2026-06-17 15:07:28.504567,163513.52,163513.52
2026-06-17 15:07:28.506923,163174.81,163853.05
2026-06-17 15:07:28.507966,163853.05,163853.05
2026-06-17 15:07:28.509904,163513.52,163853.05
2026-06-17 15:07:28.511900,163853.05,163853.05
2026-06-17 15:07:28.513808,162668.39,163513.52
2026-06-17 15:07:28.515755,163344.05,164534.89
2026-06-17 15:07:28.517535,163683.19,163174.81
2026-06-17 15:07:28.519491,163853.05,163853.05
2026-06-17 15:07:28.521483,163853.05,163853.05
2026-06-17 15:07:28.523233,163005.73,164705.88
2026-06-17 15:07:28.525158,163683.19,164705.88
2026-06-17 15:07:28.526895,162836.98,163853.05
2026-06-17 15:07:28.528822,163853.05,163853.05
2026-06-17 15:07:28.530562,163853.05,163853.05
2026-06-17 15:07:28.532639,163513.52,163683.19
2026-06-17 15:07:28.534541,163344.05,164534.89
2026-06-17 15:07:28.536799,162836.98,163853.05
2026-06-17 15:07:28.538583,163174.81,162500.02
2026-06-17 15:07:28.539916,163174.81,163683.19
2026-06-17 15:07:28.560693,163005.73,163513.52
2026-06-17 15:07:28.563165,163853.05,164877.09
2026-06-17 15:07:28.632415,163853.05,163853.05
2026-06-17 15:07:28.632468,163344.05,163853.05
2026-06-17 15:07:28.648927,163174.81,163513.52
2026-06-17 15:07:28.649139,163344.05,164023.2
2026-06-17 15:07:28.650841,163344.05,163853.05
2026-06-17 15:07:28.651216,162836.98,163683.19
2026-06-17 15:07:28.653556,163174.81,163344.05
2026-06-17 15:07:28.687094,163174.81,163513.52
2026-06-17 15:07:28.687664,163513.52,164534.89
2026-06-17 15:07:28.688333,163174.81,163174.81
2026-06-17 15:07:28.688993,163513.52,163853.05
2026-06-17 15:07:28.689304,162836.98,163853.05
2026-06-17 15:07:28.689665,162668.39,163853.05
2026-06-17 15:07:28.740602,163174.81,163853.05
2026-06-17 15:07:28.769275,163174.81,163344.05
2026-06-17 15:07:28.771158,162331.84,163853.05
2026-06-17 15:07:28.771395,163174.81,162836.98
2026-06-17 15:07:28.773141,163513.52,163683.19
2026-06-17 15:07:28.775815,163174.81,163853.05
2026-06-17 15:07:28.807051,163853.05,163853.05
2026-06-17 15:07:28.807744,163683.19,164023.2
2026-06-17 15:07:28.808359,164534.89,163853.05
2026-06-17 15:07:28.809054,163853.05,163513.52
2026-06-17 15:07:28.810279,163853.05,163513.52
2026-06-17 15:07:28.814044,163683.19,163513.52
2026-06-17 15:07:28.860806,163853.05,163683.19
2026-06-17 15:07:28.864487,163683.19,163174.81
2026-06-17 15:07:28.866284,163344.05,164534.89
2026-06-17 15:07:28.868589,163513.52,163853.05
2026-06-17 15:07:28.870175,164705.88,164534.89
2026-06-17 15:07:28.871843,164023.2,163853.05
2026-06-17 15:07:28.920585,164534.89,163853.05
2026-06-17 15:07:28.922563,163853.05,163344.05
2026-06-17 15:07:28.924622,164534.89,163853.05
2026-06-17 15:07:28.926481,163513.52,163513.52
2026-06-17 15:07:28.928078,164705.88,164023.2
2026-06-17 15:07:28.930005,163853.05,163513.52
2026-06-17 15:07:28.985228,165392.08,164534.89
2026-06-17 15:07:28.992299,165220.19,164023.2
2026-06-17 15:07:28.992444,163853.05,163853.05
2026-06-17 15:07:28.993086,165564.19,163683.19
2026-06-17 15:07:28.993413,165220.19,164534.89
2026-06-17 15:07:28.993704,165048.53,164023.2
2026-06-17 15:07:29.041973,165909.08,163853.05
2026-06-17 15:07:29.042520,165909.08,164877.09
2026-06-17 15:07:29.044612,168172.86,163853.05
2026-06-17 15:07:29.046284,167822.08,163853.05
2026-06-17 15:07:29.048022,167822.08,163853.05
2026-06-17 15:07:29.049905,166254.86,164364.11
2026-06-17 15:07:29.100775,166254.86,163853.05
2026-06-17 15:07:29.112426,167997.36,164534.89
2026-06-17 15:07:29.113082,167647.09,163853.05
2026-06-17 15:07:29.113344,167997.36,163344.05
2026-06-17 15:07:29.113968,168700.8,164877.09
2026-06-17 15:07:29.114284,168172.86,163853.05
2026-06-17 15:07:29.161584,169230.78,164705.88
2026-06-17 15:07:29.164890,169762.86,163683.19
2026-06-17 15:07:29.221236,169940.62,164877.09
2026-06-17 15:07:29.222885,170833.28,164877.09
2026-06-17 15:07:29.224812,170297.05,164705.88
2026-06-17 15:07:29.226274,171551.72,164023.2
2026-06-17 15:07:29.228187,171912.34,164877.09
2026-06-17 15:07:29.230477,172999.98,163853.05
2026-06-17 15:07:29.232072,172273.94,164705.88
2026-06-17 15:07:29.233819,173729.98,164534.89
2026-06-17 15:07:29.235567,174096.36,164534.89
2026-06-17 15:07:29.237841,174279.95,164534.89
2026-06-17 15:07:29.300937,175943.42,164877.09
2026-06-17 15:07:29.303340,175201.58,165220.19
2026-06-17 15:07:29.303380,176129.44,165048.53
2026-06-17 15:07:29.307490,175016.77,164534.89
2026-06-17 15:07:29.309480,176129.44,164534.89
2026-06-17 15:07:29.311482,175943.42,164705.88
2026-06-17 15:07:29.342847,176689.2,164877.09
2026-06-17 15:07:29.343303,176502.38,164877.09
2026-06-17 15:07:29.345338,177251.12,164023.2
2026-06-17 15:07:29.354486,177439.03,164877.09
2026-06-17 15:07:29.355164,177627.12,165392.08
2026-06-17 15:07:29.355758,177815.47,164877.09
2026-06-17 15:07:29.417035,177815.47,163853.05
2026-06-17 15:07:29.425905,176689.2,165392.08
2026-06-17 15:07:29.427732,178950.95,164877.09
2026-06-17 15:07:29.429680,177063.61,165392.08
2026-06-17 15:07:29.431646,177815.47,165048.53
2026-06-17 15:07:29.432242,178192.94,165048.53
2026-06-17 15:07:29.465951,177439.03,164877.09
2026-06-17 15:07:29.465992,178950.95,165564.19
2026-06-17 15:07:29.466722,176876.28,163513.52
2026-06-17 15:07:29.467550,176689.2,164705.88
2026-06-17 15:07:29.468264,177815.47,164877.09
2026-06-17 15:07:29.477695,177439.03,164705.88
2026-06-17 15:07:29.521188,177439.03,165220.19
2026-06-17 15:07:29.522918,177251.12,163513.52
2026-06-17 15:07:29.525229,177439.03,164705.88
2026-06-17 15:07:29.526738,177063.61,164877.09
2026-06-17 15:07:29.528957,177439.03,163513.52
2026-06-17 15:07:29.530603,177815.47,166254.86
2026-06-17 15:07:29.580715,178192.94,164877.09
2026-06-17 15:07:29.582868,177627.12,164877.09
2026-06-17 15:07:29.584933,179713.11,165392.08
2026-06-17 15:07:29.586087,179141.11,164877.09
2026-06-17 15:07:29.587989,177627.12,165048.53
2026-06-17 15:07:29.589899,178192.94,164877.09
2026-06-17 15:07:29.643312,177815.47,164877.09
2026-06-17 15:07:29.643645,177815.47,164534.89
2026-06-17 15:07:29.644050,179331.5,165392.08
2026-06-17 15:07:29.648358,178004.08,163853.05
2026-06-17 15:07:29.648579,178192.94,164705.88
2026-06-17 15:07:29.650661,177815.47,164534.89
2026-06-17 15:07:29.702595,178192.94,164877.09
2026-06-17 15:07:29.702648,178192.94,165220.19
2026-06-17 15:07:29.705616,177627.12,165220.19
2026-06-17 15:07:29.706215,177439.03,164534.89
2026-06-17 15:07:29.707890,177815.47,163853.05
2026-06-17 15:07:29.710314,179713.11,164705.88
2026-06-17 15:07:29.761913,178192.94,164877.09
2026-06-17 15:07:29.797136,178192.94,165392.08
2026-06-17 15:07:29.797257,177439.03,163853.05
2026-06-17 15:07:29.798972,177627.12,163513.52
2026-06-17 15:07:29.800788,177627.12,165048.53
2026-06-17 15:07:29.802673,179331.5,164534.89
2026-06-17 15:07:29.822486,177627.12,164877.09
2026-06-17 15:07:29.822529,177815.47,164023.2
2026-06-17 15:07:29.825350,177439.03,165220.19
2026-06-17 15:07:29.827791,178192.94,164023.2
2026-06-17 15:07:29.828361,178192.94,164705.88
2026-06-17 15:07:29.830773,177815.47,163683.19
2026-06-17 15:07:29.940593,178382.06,164534.89
2026-06-17 15:07:29.942567,179331.5,164877.09
2026-06-17 15:07:29.944348,179331.5,163513.52
2026-06-17 15:07:29.946488,177439.03,164877.09
2026-06-17 15:07:29.948124,179331.5,165220.19
2026-06-17 15:07:29.949973,177815.47,165220.19
2026-06-17 15:07:29.951775,177439.03,164534.89
2026-06-17 15:07:29.954068,178004.08,165220.19
2026-06-17 15:07:29.955540,177815.47,164877.09
2026-06-17 15:07:29.957418,177815.47,164023.2
2026-06-17 15:07:29.959320,179141.11,164705.88
2026-06-17 15:07:29.962015,177439.03,164534.89
2026-06-17 15:07:29.962974,177815.47,164877.09
2026-06-17 15:07:30.065864,178192.94,163344.05
2026-06-17 15:07:30.066784,177063.61,164705.88
2026-06-17 15:07:30.067164,179331.5,165392.08
2026-06-17 15:07:30.067956,176876.28,164534.89
2026-06-17 15:07:30.068862,178382.06,164534.89
2026-06-17 15:07:30.070063,179141.11,164877.09
2026-06-17 15:07:30.074131,177815.47,164877.09
2026-06-17 15:07:30.076653,178192.94,164877.09
2026-06-17 15:07:30.076710,178950.95,164877.09
2026-06-17 15:07:30.079376,177439.03,163513.52
2026-06-17 15:07:30.082566,178192.94,164534.89
2026-06-17 15:07:30.082843,177063.61,164705.88
2026-06-17 15:07:30.120777,178004.08,165909.08
2026-06-17 15:07:30.122480,177439.03,165048.53
2026-06-17 15:07:30.124391,178192.94,165392.08
2026-06-17 15:07:30.126185,179713.11,164877.09
2026-06-17 15:07:30.182690,178192.94,164877.09
2026-06-17 15:07:30.191385,178382.06,165220.19
2026-06-17 15:07:30.191893,179904.3,165220.19
2026-06-17 15:07:30.192141,177627.12,164534.89
2026-06-17 15:07:30.303949,177627.12,164705.88
2026-06-17 15:07:30.304482,177627.12,164705.88
2026-06-17 15:07:30.306902,179141.11,165220.19
2026-06-17 15:07:30.307206,178950.95,165392.08
2026-06-17 15:07:30.318504,176876.28,164705.88
2026-06-17 15:07:30.335151,177627.12,165564.19
2026-06-17 15:07:30.338785,179713.11,163853.05
2026-06-17 15:07:30.340725,179331.5,164534.89
2026-06-17 15:07:30.342671,178004.08,164877.09
2026-06-17 15:07:30.344423,177815.47,164534.89
2026-06-17 15:07:30.346243,178192.94,165392.08
2026-06-17 15:07:30.346667,177439.03,163513.52
2026-06-17 15:07:30.349007,179141.11,165048.53
2026-06-17 15:07:30.349056,177439.03,163344.05
2026-06-17 15:07:30.349490,177251.12,164534.89
2026-06-17 15:07:30.349767,178192.94,165048.53
2026-06-17 15:07:30.349930,177815.47,163174.81
2026-06-17 15:07:30.365044,178004.08,164877.09
2026-06-17 15:07:30.365512,179331.5,165392.08
2026-06-17 15:07:30.365809,179713.11,165220.19
2026-06-17 15:07:30.481300,177815.47,164534.89
2026-06-17 15:07:30.483911,177439.03,165220.19
2026-06-17 15:07:30.494388,177815.47,164877.09
2026-06-17 15:07:30.494918,177439.03,165220.19
2026-06-17 15:07:30.495521,178192.94,164705.88
2026-06-17 15:07:30.540684,177251.12,164877.09
2026-06-17 15:07:30.543050,178004.08,164534.89
2026-06-17 15:07:30.544692,177627.12,165220.19
2026-06-17 15:07:30.546350,177627.12,165048.53
2026-06-17 15:07:30.548564,179331.5,165048.53
2026-06-17 15:07:30.550095,177439.03,165220.19
2026-06-17 15:07:30.551996,175943.42,164877.09
2026-06-17 15:07:30.554103,177627.12,164705.88
2026-06-17 15:07:30.555708,178192.94,164705.88
2026-06-17 15:07:30.557563,179141.11,165048.53
2026-06-17 15:07:30.559316,177815.47,164534.89
2026-06-17 15:07:30.561403,177627.12,165392.08
2026-06-17 15:07:30.563222,177815.47,164877.09
2026-06-17 15:07:30.565137,177815.47,164877.09
2026-06-17 15:07:30.567075,177063.61,164534.89
2026-06-17 15:07:30.678617,176689.2,163174.81
2026-06-17 15:07:30.678792,178004.08,164877.09
2026-06-17 15:07:30.679293,178192.94,165392.08
2026-06-17 15:07:30.683241,177815.47,165220.19
2026-06-17 15:07:30.685253,178192.94,165392.08
2026-06-17 15:07:30.687307,177815.47,165220.19
2026-06-17 15:07:30.689262,177439.03,164877.09
2026-06-17 15:07:30.691220,177439.03,163853.05
2026-06-17 15:07:30.693164,176689.2,164877.09
2026-06-17 15:07:30.693655,177251.12,165392.08
2026-06-17 15:07:30.706294,177063.61,164705.88
2026-06-17 15:07:30.706953,176689.2,164534.89
2026-06-17 15:07:30.726745,177627.12,163853.05
2026-06-17 15:07:30.727152,176876.28,164705.88
2026-06-17 15:07:30.727937,176315.75,163513.52
2026-06-17 15:07:30.727972,178004.08,164877.09
2026-06-17 15:07:30.780804,176689.2,164705.88
2026-06-17 15:07:30.782550,176689.2,164534.89
2026-06-17 15:07:30.784670,176689.2,164534.89
2026-06-17 15:07:30.786210,176876.28,164534.89
2026-06-17 15:07:30.810693,176689.2,164193.55
2026-06-17 15:07:30.810739,176876.28,164534.89
2026-06-17 15:07:30.813179,177063.61,164877.09
2026-06-17 15:07:30.840937,177251.12,164705.88
2026-06-17 15:07:30.843543,176876.28,164877.09
2026-06-17 15:07:30.846106,180864.17,164534.89
2026-06-17 15:07:30.846149,176689.2,164705.88
2026-06-17 15:07:30.854509,176689.2,164534.89
2026-06-17 15:07:30.854975,176689.2,164877.09
2026-06-17 15:07:30.900832,177439.03,164877.09
2026-06-17 15:07:30.902559,177251.12,165220.19
2026-06-17 15:07:31.028130,177251.12,165564.19
2026-06-17 15:07:31.028172,177439.03,164877.09
2026-06-17 15:07:31.029030,176689.2,164877.09
2026-06-17 15:07:31.029074,176502.38,164534.89
2026-06-17 15:07:31.029467,176876.28,163853.05
2026-06-17 15:07:31.029778,176129.44,165220.19
2026-06-17 15:07:31.037017,177439.03,164534.89
2026-06-17 15:07:31.037612,178192.94,163853.05
2026-06-17 15:07:31.037661,177439.03,164534.89
2026-06-17 15:07:31.038085,177627.12,164534.89
2026-06-17 15:07:31.041608,176689.2,165220.19
2026-06-17 15:07:31.042363,176689.2,165220.19
2026-06-17 15:07:31.045508,177251.12,165048.53
2026-06-17 15:07:31.045561,176876.28,168877.17
2026-06-17 15:07:31.048933,176689.2,164023.2
2026-06-17 15:07:31.048974,177439.03,165048.53
2026-06-17 15:07:31.051368,176315.75,164705.88
2026-06-17 15:07:31.059825,177063.61,163344.05
2026-06-17 15:07:31.081221,177063.61,164877.09
2026-06-17 15:07:31.082824,176502.38,165048.53
2026-06-17 15:07:31.085035,177063.61,165220.19
2026-06-17 15:07:31.142665,176876.28,164877.09
2026-06-17 15:07:31.142949,176689.2,164877.09
2026-06-17 15:07:31.145356,176876.28,164877.09
2026-06-17 15:07:31.150151,176689.2,164877.09
2026-06-17 15:07:31.150536,176315.75,164534.89
2026-06-17 15:07:31.152847,176502.38,164534.89
2026-06-17 15:07:31.153312,176689.2,164705.88
2026-06-17 15:07:31.201062,176689.2,164534.89
2026-06-17 15:07:31.203959,176689.2,164705.88
2026-06-17 15:07:31.205719,176315.75,164877.09
2026-06-17 15:07:31.207512,177439.03,165048.53
2026-06-17 15:07:31.207750,176689.2,163513.52
2026-06-17 15:07:31.210394,176502.38,164705.88
2026-06-17 15:07:31.387519,177439.03,164877.09
2026-06-17 15:07:31.387696,177063.61,165048.53
2026-06-17 15:07:31.388792,179713.11,164877.09
2026-06-17 15:07:31.389103,176689.2,165048.53
2026-06-17 15:07:31.389665,174647.91,164534.89
2026-06-17 15:07:31.390546,176129.44,164877.09
2026-06-17 15:07:31.404052,174832.25,165220.19
2026-06-17 15:07:31.404112,175943.42,165220.19
2026-06-17 15:07:31.405076,176876.28,165220.19
2026-06-17 15:07:31.405386,176315.75,164877.09
2026-06-17 15:07:31.406163,176502.38,163853.05
2026-06-17 15:07:31.406966,176315.75,164705.88
2026-06-17 15:07:31.407677,175386.66,163853.05
2026-06-17 15:07:31.407916,175386.66,165220.19
2026-06-17 15:07:31.408412,174463.78,164877.09
2026-06-17 15:07:31.409129,174096.36,160662.03
2026-06-17 15:07:31.410572,174096.36,165392.08
2026-06-17 15:07:31.414447,173364.47,164534.89
2026-06-17 15:07:31.414489,172273.94,163853.05
2026-06-17 15:07:31.440751,172273.94,163174.81
2026-06-17 15:07:31.442503,171731.91,163853.05
2026-06-17 15:07:31.444334,172093.02,165220.19
2026-06-17 15:07:31.446186,170833.28,163853.05
2026-06-17 15:07:31.502647,169230.78,163853.05
2026-06-17 15:07:31.502976,169053.84,164534.89
2026-06-17 15:07:31.508272,169053.84,163513.52
2026-06-17 15:07:31.511990,169762.86,163853.05
2026-06-17 15:07:31.512425,169053.84,163853.05
2026-06-17 15:07:31.562473,170118.73,163853.05
2026-06-17 15:07:31.564188,168172.86,164534.89
2026-06-17 15:07:31.564760,167822.08,165564.19
2026-06-17 15:07:31.566654,167822.08,163853.05
2026-06-17 15:07:31.568178,167647.09,164534.89
2026-06-17 15:07:31.570088,164534.89,163853.05
2026-06-17 15:07:31.571967,165909.08,163853.05
2026-06-17 15:07:31.574174,165909.08,164534.89
2026-06-17 15:07:31.620644,164877.09,163683.19
2026-06-17 15:07:31.622718,165564.19,163853.05
2026-06-17 15:07:31.624450,163513.52,163853.05
2026-06-17 15:07:31.626335,164705.88,163513.52
2026-06-17 15:07:31.628080,165220.19,163683.19
2026-06-17 15:07:31.629974,163513.52,163513.52
2026-06-17 15:07:31.680848,163513.52,163683.19
2026-06-17 15:07:31.682655,163174.81,163174.81
2026-06-17 15:07:31.684672,164877.09,164023.2
2026-06-17 15:07:31.686472,163853.05,164534.89
2026-06-17 15:07:31.688174,163853.05,163853.05
2026-06-17 15:07:31.744627,163344.05,163853.05
2026-06-17 15:07:31.747068,163174.81,163513.52
2026-06-17 15:07:31.747305,165909.08,163683.19
2026-06-17 15:07:31.747753,163513.52,164534.89
2026-06-17 15:07:31.751524,164534.89,163853.05
2026-06-17 15:07:31.751848,163174.81,164023.2
2026-06-17 15:07:31.752209,162668.39,163853.05
2026-06-17 15:07:31.800712,162331.84,163853.05
2026-06-17 15:07:31.804322,163174.81,164023.2
2026-06-17 15:07:31.805902,162668.39,163853.05
2026-06-17 15:07:31.806298,162163.86,163853.05
2026-06-17 15:07:31.809238,160000.03,163344.05
2026-06-17 15:07:31.810102,160994.23,163174.81
2026-06-17 15:07:31.879248,161996.12,163513.52
2026-06-17 15:07:31.881605,161160.69,162836.98
2026-06-17 15:07:31.881908,160828.05,163005.73
2026-06-17 15:07:31.884019,160496.17,163853.05
2026-06-17 15:07:31.884069,160662.03,163513.52
2026-06-17 15:07:31.886160,160330.55,163174.81
2026-06-17 15:07:31.924784,160000.03,163174.81
2026-06-17 15:07:31.924831,160000.03,163344.05
2026-06-17 15:07:31.936889,161828.66,163174.81
2026-06-17 15:07:31.980730,160000.03,163513.52
2026-06-17 15:07:31.982513,160000.03,163513.52
2026-06-17 15:07:31.984894,159835.05,163513.52
2026-06-17 15:07:31.986123,159835.05,163513.52
2026-06-17 15:07:31.988120,161828.66,163005.73
2026-06-17 15:07:31.989992,159013.31,163853.05
2026-06-17 15:07:31.992150,158522.72,163344.05
2026-06-17 15:07:31.994087,159341.34,163174.81
2026-06-17 15:07:31.996041,159177.2,163174.81
2026-06-17 15:07:32.041459,159177.2,163344.05
2026-06-17 15:07:32.043122,159835.05,164877.09
2026-06-17 15:07:32.045437,158359.62,163853.05
2026-06-17 15:07:32.046540,160165.17,163513.52
2026-06-17 15:07:32.048318,160000.03,163174.81
2026-06-17 15:07:32.050936,159670.23,163344.05
2026-06-17 15:07:32.107587,159505.69,163344.05
2026-06-17 15:07:32.109802,159505.69,162836.98
2026-06-17 15:07:32.109845,159505.69,163005.73
2026-06-17 15:07:32.111799,160165.17,163683.19
2026-06-17 15:07:32.113886,159670.23,163344.05
2026-06-17 15:07:32.115916,159341.34,163513.52
2026-06-17 15:07:32.161053,159505.69,163513.52
2026-06-17 15:07:32.162491,159341.34,163174.81
2026-06-17 15:07:32.165636,159505.69,164023.2
2026-06-17 15:07:32.167220,158359.62,163853.05
2026-06-17 15:07:32.168489,159505.69,163005.73
2026-06-17 15:07:32.170028,159177.2,163174.81
2026-06-17 15:07:32.237551,159341.34,162836.98
2026-06-17 15:07:32.237809,159505.69,163513.52
2026-06-17 15:07:32.239768,159505.69,163513.52
2026-06-17 15:07:32.242023,159177.2,163513.52
2026-06-17 15:07:32.243822,158196.72,163853.05
2026-06-17 15:07:32.245779,159177.2,163513.52
2026-06-17 15:07:32.291225,160662.03,163513.52
2026-06-17 15:07:32.291800,159505.69,163683.19
2026-06-17 15:07:32.292274,160000.03,163174.81
2026-06-17 15:07:32.292924,159835.05,163174.81
2026-06-17 15:07:32.292958,159177.2,163005.73
2026-06-17 15:07:32.293725,159341.34,162836.98
2026-06-17 15:07:32.340924,159177.2,162668.39
2026-06-17 15:07:32.342588,159341.34,163513.52
2026-06-17 15:07:32.344781,159835.05,163683.19
2026-06-17 15:07:32.346435,159670.23,163174.81
2026-06-17 15:07:32.348215,159670.23,163513.52
2026-06-17 15:07:32.350034,159505.69,163683.19
2026-06-17 15:07:32.401126,160000.03,163174.81
2026-06-17 15:07:32.402614,158522.72,163513.52
2026-06-17 15:07:32.406323,159670.23,163853.05
2026-06-17 15:07:32.408195,159505.69,163513.52
2026-06-17 15:07:32.410116,159670.23,163174.81
2026-06-17 15:07:32.411946,159177.2,162836.98
2026-06-17 15:07:32.469484,158849.55,163344.05
2026-06-17 15:07:32.469751,159341.34,163513.52
2026-06-17 15:07:32.470175,159835.05,163513.52
2026-06-17 15:07:32.470637,159505.69,163513.52
2026-06-17 15:07:32.471051,159835.05,163853.05
2026-06-17 15:07:32.471707,159835.05,163344.05
2026-06-17 15:07:32.523197,159177.2,163174.81
2026-06-17 15:07:32.523250,159341.34,163513.52
2026-06-17 15:07:32.525196,160165.17,163683.19
2026-06-17 15:07:32.526988,160000.03,163344.05
2026-06-17 15:07:32.528330,159177.2,163853.05
2026-06-17 15:07:32.529928,159505.69,163513.52
2026-06-17 15:07:32.582525,159341.34,163513.52
2026-06-17 15:07:32.583286,161160.69,163683.19
2026-06-17 15:07:32.586038,159835.05,163683.19
2026-06-17 15:07:32.588359,160165.17,163344.05
2026-06-17 15:07:32.589032,159670.23,163683.19
2026-06-17 15:07:32.591424,159341.34,163174.81
2026-06-17 15:07:32.640904,160000.03,163513.52
2026-06-17 15:07:32.643869,159670.23,163344.05
2026-06-17 15:07:32.645510,160000.03,163513.52
2026-06-17 15:07:32.647922,159505.69,163513.52
2026-06-17 15:07:32.648132,158034.03,162836.98
2026-06-17 15:07:32.650656,160496.17,163853.05
2026-06-17 15:07:32.700772,159341.34,163174.81
2026-06-17 15:07:32.703116,159505.69,162836.98
2026-06-17 15:07:32.704678,159835.05,163853.05
2026-06-17 15:07:32.706337,160165.17,163513.52
2026-06-17 15:07:32.708611,159341.34,163513.52
2026-06-17 15:07:32.710167,159505.69,163513.52
2026-06-17 15:07:32.764125,159341.34,163174.81
2026-06-17 15:07:32.787823,159177.2,163344.05
2026-06-17 15:07:32.787861,159505.69,163853.05
2026-06-17 15:07:32.790302,160000.03,163513.52
2026-06-17 15:07:32.790347,160165.17,163344.05
2026-06-17 15:07:32.790755,160000.03,163513.52
2026-06-17 15:07:32.880711,160000.03,163853.05
2026-06-17 15:07:32.882599,160330.55,163513.52
2026-06-17 15:07:32.884575,159835.05,163853.05
2026-06-17 15:07:32.886211,160496.17,163853.05
2026-06-17 15:07:32.888322,160165.17,163853.05
2026-06-17 15:07:32.920385,160496.17,163683.19
2026-06-17 15:07:32.925584,160662.03,163513.52
2026-06-17 15:07:32.925638,158522.72,163174.81
2026-06-17 15:07:32.928849,160828.05,163853.05
2026-06-17 15:07:32.928901,160000.03,164023.2
2026-06-17 15:07:32.929487,161160.69,163513.52
2026-06-17 15:07:32.930248,160662.03,163174.81
2026-06-17 15:07:32.930401,161160.69,163513.52
2026-06-17 15:07:32.941871,164877.09,163853.05
2026-06-17 15:07:32.942536,162163.86,164534.89
2026-06-17 15:07:32.952409,162500.02,164877.09
2026-06-17 15:07:32.952453,162668.39,163853.05
2026-06-17 15:07:33.000799,163174.81,163853.05
2026-06-17 15:07:33.002573,163005.73,163853.05
2026-06-17 15:07:33.004454,163174.81,163853.05
2026-06-17 15:07:33.006292,164534.89,164534.89
2026-06-17 15:07:33.008066,164534.89,163005.73
2026-06-17 15:07:33.009970,164705.88,165220.19
2026-06-17 15:07:33.011854,164534.89,163853.05
2026-06-17 15:07:33.060657,165392.08,163853.05
2026-06-17 15:07:33.062585,165736.56,163853.05
2026-06-17 15:07:33.064461,165392.08,164023.2
2026-06-17 15:07:33.066332,164877.09,164023.2
2026-06-17 15:07:33.069192,168172.86,164705.88
2026-06-17 15:07:33.070305,166428.09,163853.05
2026-06-17 15:07:33.140267,168348.64,163853.05
2026-06-17 15:07:33.140311,169053.84,163853.05
2026-06-17 15:07:33.142508,165736.56,162836.98
2026-06-17 15:07:33.143068,169762.86,164534.89
2026-06-17 15:07:33.145524,170475.56,164705.88
2026-06-17 15:07:33.145568,170833.28,164364.11
2026-06-17 15:07:33.249489,170833.28,163853.05
2026-06-17 15:07:33.259719,172818.17,165048.53
2026-06-17 15:07:33.260346,171912.34,164534.89
2026-06-17 15:07:33.262694,171731.91,164705.88
2026-06-17 15:07:33.262734,172273.94,164877.09
2026-06-17 15:07:33.262753,173364.47,165048.53
2026-06-17 15:07:33.264920,172999.98,164534.89
2026-06-17 15:07:33.265042,173729.98,164877.09
2026-06-17 15:07:33.265537,172273.94,164705.88
2026-06-17 15:07:33.266167,173913.08,165220.19
2026-06-17 15:07:33.302042,173729.98,165220.19
2026-06-17 15:07:33.302647,174096.36,164705.88
2026-06-17 15:07:33.309633,173913.08,164534.89
2026-06-17 15:07:33.316164,175943.42,165048.53
2026-06-17 15:07:33.316979,173913.08,164877.09
2026-06-17 15:07:33.317529,175943.42,164705.88
2026-06-17 15:07:33.318026,174832.25,164877.09
2026-06-17 15:07:33.318495,174463.78,164534.89
2026-06-17 15:07:33.360939,175757.59,165048.53
2026-06-17 15:07:33.420872,176315.75,164877.09
2026-06-17 15:07:33.422503,176315.75,165220.19
2026-06-17 15:07:33.424520,176689.2,164877.09
2026-06-17 15:07:33.426218,176876.28,164534.89
2026-06-17 15:07:33.428074,176689.2,164877.09
2026-06-17 15:07:33.429892,176689.2,165220.19
2026-06-17 15:07:33.431836,177815.47,165048.53
2026-06-17 15:07:33.434194,176689.2,164877.09
2026-06-17 15:07:33.435752,176315.75,164877.09
2026-06-17 15:07:33.437708,176876.28,164023.2
2026-06-17 15:07:33.439468,177627.12,164877.09
2026-06-17 15:07:33.441346,176502.38,164705.88
2026-06-17 15:07:33.486778,175943.42,163853.05
2026-06-17 15:07:33.490854,176689.2,165220.19
2026-06-17 15:07:33.491452,177063.61,165048.53
2026-06-17 15:07:33.492029,177627.12,165220.19
2026-06-17 15:07:33.604240,177439.03,164877.09
2026-06-17 15:07:33.606121,177627.12,165220.19
2026-06-17 15:07:33.607084,176876.28,164705.88
2026-06-17 15:07:33.610364,177627.12,165048.53
2026-06-17 15:07:33.610894,176129.44,164705.88
2026-06-17 15:07:33.614455,177063.61,164705.88
2026-06-17 15:07:33.616912,176129.44,164877.09
2026-06-17 15:07:33.617565,176876.28,163853.05
2026-06-17 15:07:33.618425,176689.2,165392.08
2026-06-17 15:07:33.621023,177063.61,164877.09
2026-06-17 15:07:33.621313,176502.38,163853.05
2026-06-17 15:07:33.720868,177815.47,165220.19
2026-06-17 15:07:33.722527,177063.61,164877.09
2026-06-17 15:07:33.724518,177627.12,164877.09
2026-06-17 15:07:33.726205,176129.44,165048.53
2026-06-17 15:07:33.728131,176876.28,164877.09
2026-06-17 15:07:33.729881,177627.12,164705.88
2026-06-17 15:07:33.731971,176315.75,164877.09
2026-06-17 15:07:33.733769,176876.28,165220.19
2026-06-17 15:07:33.735805,177439.03,165048.53
2026-06-17 15:07:33.737992,177063.61,164877.09
2026-06-17 15:07:33.739477,176689.2,164705.88
2026-06-17 15:07:33.741265,177063.61,164877.09
2026-06-17 15:07:33.743230,176876.28,163683.19
2026-06-17 15:07:33.744908,177063.61,164534.89
2026-06-17 15:07:33.746865,176689.2,164705.88
2026-06-17 15:07:33.780747,177063.61,163683.19
2026-06-17 15:07:33.782876,177063.61,165220.19
2026-06-17 15:07:33.784666,177063.61,164877.09
2026-06-17 15:07:33.786249,177627.12,164877.09
2026-06-17 15:07:33.848069,176502.38,164534.89
2026-06-17 15:07:33.848111,177063.61,165392.08
2026-06-17 15:07:33.848130,177815.47,164877.09
2026-06-17 15:07:33.849266,177439.03,164705.88
2026-06-17 15:07:33.849441,177439.03,164877.09
2026-06-17 15:07:33.850170,177439.03,164705.88
2026-06-17 15:07:33.852879,177815.47,164534.89
2026-06-17 15:07:33.961338,176689.2,164023.2
2026-06-17 15:07:33.963941,177063.61,165220.19
2026-06-17 15:07:33.964542,177063.61,164877.09
2026-06-17 15:07:33.967066,176689.2,165220.19
2026-06-17 15:07:33.971144,177627.12,164877.09
2026-06-17 15:07:33.971185,177439.03,164705.88
2026-06-17 15:07:33.971947,176876.28,165220.19
2026-06-17 15:07:33.981840,176876.28,164705.88
2026-06-17 15:07:33.982382,177439.03,165220.19
2026-06-17 15:07:34.023179,177251.12,164534.89
2026-06-17 15:07:34.023972,176876.28,164877.09
2026-06-17 15:07:34.025689,177439.03,164705.88
2026-06-17 15:07:34.027183,177251.12,165220.19
2026-06-17 15:07:34.030079,177251.12,165220.19
2026-06-17 15:07:34.030492,176502.38,164705.88
2026-06-17 15:07:34.033149,176689.2,165220.19
2026-06-17 15:07:34.036554,177439.03,164877.09
2026-06-17 15:07:34.038295,177063.61,165220.19
2026-06-17 15:07:34.081657,177063.61,165048.53
2026-06-17 15:07:34.082523,175386.66,164534.89
2026-06-17 15:07:34.084525,176689.2,164877.09
2026-06-17 15:07:34.088096,177063.61,164705.88
2026-06-17 15:07:34.088139,177439.03,164877.09
2026-06-17 15:07:34.089981,176502.38,164705.88
2026-06-17 15:07:34.140865,174463.78,164705.88
2026-06-17 15:07:34.143041,176689.2,163853.05
2026-06-17 15:07:34.144844,175201.58,163853.05
2026-06-17 15:07:34.146551,176315.75,164705.88
2026-06-17 15:07:34.148160,175943.42,164877.09
2026-06-17 15:07:34.150080,176315.75,164877.09
2026-06-17 15:07:34.217527,175943.42,164705.88
2026-06-17 15:07:34.218029,176315.75,165048.53
2026-06-17 15:07:34.218617,175943.42,165220.19
2026-06-17 15:07:34.221174,174463.78,163853.05
2026-06-17 15:07:34.222708,174096.36,163513.52
2026-06-17 15:07:34.223707,173729.98,164877.09
2026-06-17 15:07:34.339323,172273.94,164534.89
2026-06-17 15:07:34.339961,171912.34,164534.89
2026-06-17 15:07:34.343046,171731.91,163683.19
2026-06-17 15:07:34.345288,170118.73,163853.05
2026-06-17 15:07:34.345781,170118.73,163853.05
2026-06-17 15:07:34.346100,169762.86,163683.19
2026-06-17 15:07:34.350077,168348.64,164877.09
2026-06-17 15:07:34.350116,167997.36,164023.2
2026-06-17 15:07:34.350446,168700.8,162836.98
2026-06-17 15:07:34.350837,167647.09,163344.05
2026-06-17 15:07:34.351104,166428.09,163683.19
2026-06-17 15:07:34.351604,166254.86,163853.05
2026-06-17 15:07:34.353606,166254.86,163853.05
2026-06-17 15:07:34.387317,164705.88,162836.98
2026-06-17 15:07:34.387358,165392.08,163683.19
2026-06-17 15:07:34.388412,165220.19,164534.89
2026-06-17 15:07:34.440751,165564.19,163513.52
2026-06-17 15:07:34.442877,165220.19,163853.05
2026-06-17 15:07:34.444788,165392.08,163344.05
2026-06-17 15:07:34.446391,164877.09,164705.88
2026-06-17 15:07:34.448097,164534.89,163513.52
2026-06-17 15:07:34.450155,164534.89,164023.2
2026-06-17 15:07:34.452133,164534.89,163513.52
2026-06-17 15:07:34.454304,167822.08,162836.98
2026-06-17 15:07:34.582437,163853.05,163853.05
2026-06-17 15:07:34.582485,163683.19,164534.89
2026-06-17 15:07:34.585491,163853.05,163344.05
2026-06-17 15:07:34.585549,164705.88,163683.19
2026-06-17 15:07:34.586259,165392.08,163005.73
2026-06-17 15:07:34.586910,163174.81,163853.05
2026-06-17 15:07:34.589321,163174.81,163853.05
2026-06-17 15:07:34.589778,162500.02,164534.89
2026-06-17 15:07:34.591181,163853.05,163853.05
2026-06-17 15:07:34.591226,163174.81,161996.12
2026-06-17 15:07:34.591251,163513.52,163683.19
2026-06-17 15:07:34.592056,163174.81,164705.88
2026-06-17 15:07:34.592261,162836.98,163683.19
2026-06-17 15:07:34.621268,162500.02,164534.89
2026-06-17 15:07:34.624122,162668.39,165048.53
2026-06-17 15:07:34.625226,162668.39,163513.52
2026-06-17 15:07:34.628329,162668.39,163853.05
2026-06-17 15:07:34.680720,162500.02,163683.19
2026-06-17 15:07:34.682662,162500.02,163853.05
2026-06-17 15:07:34.684966,160662.03,165048.53
2026-06-17 15:07:34.686918,162163.86,163853.05
2026-06-17 15:07:34.688422,162163.86,163513.52
2026-06-17 15:07:34.690157,162163.86,163683.19
2026-06-17 15:07:34.692133,161996.12,164023.2
2026-06-17 15:07:34.741384,162500.02,163513.52
2026-06-17 15:07:34.802636,160330.55,163344.05
2026-06-17 15:07:34.803316,160994.23,163344.05
2026-06-17 15:07:34.805210,160994.23,163853.05
2026-06-17 15:07:34.807590,160496.17,163853.05
2026-06-17 15:07:34.810632,161996.12,163005.73
2026-06-17 15:07:34.811850,161160.69,164534.89
2026-06-17 15:07:34.813803,160662.03,163683.19
2026-06-17 15:07:34.815492,160828.05,164364.11
2026-06-17 15:07:34.817646,160496.17,163853.05
2026-06-17 15:07:34.819499,160165.17,165392.08
2026-06-17 15:07:34.821155,160165.17,163513.52
2026-06-17 15:07:34.823262,159505.69,163853.05
2026-06-17 15:07:34.861268,160165.17,162163.86
2026-06-17 15:07:34.862597,160165.17,163853.05
2026-06-17 15:07:34.864370,159177.2,164534.89
2026-06-17 15:07:34.866718,160000.03,163344.05
2026-06-17 15:07:34.921056,159341.34,162836.98
2026-06-17 15:07:34.922793,159670.23,163683.19
2026-06-17 15:07:34.985599,159341.34,163344.05
2026-06-17 15:07:34.990061,159670.23,163683.19
2026-06-17 15:07:34.990648,159013.31,163344.05
2026-06-17 15:07:34.990886,159177.2,163853.05
2026-06-17 15:07:34.991432,158359.62,163513.52
2026-06-17 15:07:34.991705,159835.05,163853.05
2026-06-17 15:07:34.992214,158522.72,163344.05
2026-06-17 15:07:34.999505,159177.2,163513.52
2026-06-17 15:07:35.000227,158522.72,163513.52
2026-06-17 15:07:35.000268,158522.72,163853.05
2026-06-17 15:07:35.042944,158359.62,163344.05
2026-06-17 15:07:35.043158,158359.62,162500.02
2026-06-17 15:07:35.044843,162836.98,163683.19
2026-06-17 15:07:35.048589,158359.62,163683.19
2026-06-17 15:07:35.048634,158849.55,163513.52
2026-06-17 15:07:35.050854,158849.55,163513.52
2026-06-17 15:07:35.052164,158196.72,165736.56
2026-06-17 15:07:35.102180,158196.72,163513.52
2026-06-17 15:07:35.163985,158359.62,163853.05
2026-06-17 15:07:35.164659,159013.31,163513.52
2026-06-17 15:07:35.164870,158359.62,163513.52
2026-06-17 15:07:35.167242,160165.17,162836.98
2026-06-17 15:07:35.169016,158196.72,163513.52
2026-06-17 15:07:35.170605,158359.62,163513.52
2026-06-17 15:07:35.173535,159013.31,163683.19
2026-06-17 15:07:35.173698,158359.62,163005.73
2026-06-17 15:07:35.177805,158522.72,163513.52
2026-06-17 15:07:35.178408,159177.2,163853.05
2026-06-17 15:07:35.179415,159013.31,163513.52
2026-06-17 15:07:35.182809,158034.03,163174.81
2026-06-17 15:07:35.220892,157709.25,164705.88
2026-06-17 15:07:35.222650,159177.2,163344.05
2026-06-17 15:07:35.224414,159177.2,163853.05
2026-06-17 15:07:35.226325,159835.05,163513.52
2026-06-17 15:07:35.280677,159505.69,163513.52
2026-06-17 15:07:35.282681,159835.05,163853.05
2026-06-17 15:07:35.284661,158522.72,163513.52
2026-06-17 15:07:35.286602,159670.23,163853.05
2026-06-17 15:07:35.288335,159835.05,163513.52
2026-06-17 15:07:35.290199,160165.17,163853.05
2026-06-17 15:07:35.292073,160000.03,163174.81