#,Thumb,Index,Middle,Ring,Pinky,ch15,ch16,ch17
calib_closed,114954.78,135115.07,155290.79,126601.36,124314.97,,,
calib_half,113928.07,125202.51,165044.76,119316.84,116570.69,,,
calib_open,104107.11,114771.06,204350.98,116003.54,107763.68,,,
calib_span,10847.67,20344.01,49060.19,10597.82,16551.30,,,

time_s,Thumb,Index,Middle,Ring,Pinky,ch15,ch16,ch17
0.0160,0.00000,0.00000,0.00000,0.00000,0.00000,0.35750,-0.07100,-0.91380
0.0320,0.00000,0.00000,0.00000,0.00000,0.00000,0.35750,-0.07100,-0.91380
0.0490,0.00000,0.00000,0.00000,0.00000,0.00000,0.35750,-0.07100,-0.91380
0.0660,0.99857,0.98215,1.00000,1.00000,0.96891,0.34750,-0.07340,-0.91740
0.0830,0.99857,0.98215,1.00000,1.00000,0.96891,0.34750,-0.07340,-0.91740
0.0990,0.99857,0.98215,1.00000,1.00000,0.96891,0.34750,-0.07340,-0.91740
0.1160,0.99992,0.98396,1.00000,1.00000,0.96252,0.33400,-0.07730,-0.90650
0.1330,0.99716,0.98432,1.00000,1.00000,0.95852,0.33550,-0.07200,-0.90350
0.1500,0.99716,0.98432,1.00000,1.00000,0.95852,0.33550,-0.07200,-0.90350
0.1660,0.99716,0.98432,1.00000,1.00000,0.95852,0.33550,-0.07200,-0.90350
0.1840,0.99785,0.98324,1.00000,1.00000,0.95491,0.34770,-0.07300,-0.89600
0.2010,0.99785,0.98324,1.00000,1.00000,0.95491,0.34770,-0.07300,-0.89600
0.2180,0.99785,0.98324,1.00000,1.00000,0.95491,0.34770,-0.07300,-0.89600
0.2350,0.99822,0.97927,1.00000,1.00000,0.95611,0.33570,-0.04880,-0.90690
0.2510,0.99649,0.97638,1.00000,1.00000,0.94730,0.33940,-0.07660,-0.90960
0.2670,0.99649,0.97638,1.00000,1.00000,0.94730,0.33940,-0.07660,-0.90960
0.2830,0.99649,0.97638,1.00000,1.00000,0.94730,0.33940,-0.07660,-0.90960
0.3000,0.99684,0.97639,1.00000,1.00000,0.93888,0.34040,-0.06120,-0.90650
0.3180,0.99684,0.97639,1.00000,1.00000,0.93888,0.34040,-0.06120,-0.90650
0.3340,0.99684,0.97639,1.00000,1.00000,0.93888,0.34040,-0.06120,-0.90650
0.3500,0.99684,0.97639,1.00000,1.00000,0.93888,0.34040,-0.06120,-0.90650
0.3670,0.99272,0.96844,1.00000,1.00000,0.92365,0.34940,-0.07690,-0.89940
0.3840,0.99272,0.96844,1.00000,1.00000,0.92365,0.34940,-0.07690,-0.89940
0.4000,0.99272,0.96844,1.00000,1.00000,0.92365,0.34940,-0.07690,-0.89940
0.4170,0.99410,0.96230,1.00000,1.00000,0.92123,0.34600,-0.07930,-0.91520
0.4330,0.99410,0.96049,1.00000,1.00000,0.91963,0.34380,-0.07810,-0.91160
0.4490,0.99410,0.96049,1.00000,1.00000,0.91963,0.34380,-0.07810,-0.91160
0.4660,0.99410,0.96049,1.00000,1.00000,0.91963,0.34380,-0.07810,-0.91160
0.4820,0.99445,0.95760,1.00000,1.00000,0.91642,0.34750,-0.07470,-0.91350
0.4990,0.99445,0.95760,1.00000,1.00000,0.91642,0.34750,-0.07470,-0.91350
0.5160,0.99445,0.95760,1.00000,1.00000,0.91642,0.34750,-0.07470,-0.91350
0.5320,0.99445,0.95760,1.00000,1.00000,0.91642,0.34750,-0.07470,-0.91350
0.5490,0.98823,0.95290,1.00000,1.00000,0.89914,0.33230,-0.06710,-0.89280
0.5660,0.98927,0.94820,1.00000,1.00000,0.89551,0.32870,-0.08340,-0.90600
0.5830,0.98927,0.94820,1.00000,1.00000,0.89551,0.32870,-0.08340,-0.90600
0.5990,0.98823,0.94783,1.00000,1.00000,0.89229,0.33960,-0.05730,-0.90280
0.6160,0.98823,0.94783,1.00000,1.00000,0.89229,0.33960,-0.05730,-0.90280
0.6320,0.98823,0.94783,1.00000,1.00000,0.89229,0.33960,-0.05730,-0.90280
0.6490,0.98823,0.94783,1.00000,1.00000,0.89229,0.33960,-0.05730,-0.90280
0.6660,0.98684,0.94890,1.00000,1.00000,0.88463,0.33990,-0.07120,-0.91480
0.6820,0.98684,0.94890,1.00000,1.00000,0.88463,0.33990,-0.07120,-0.91480
0.6980,0.98684,0.94890,1.00000,1.00000,0.88463,0.33990,-0.07120,-0.91480
0.7150,0.98684,0.95252,1.00000,1.00000,0.88262,0.34500,-0.06120,-0.90430
0.7310,0.98615,0.95252,1.00000,1.00000,0.87779,0.34430,-0.08100,-0.90870
0.7470,0.98615,0.95252,1.00000,1.00000,0.87779,0.34430,-0.08100,-0.90870
0.7640,0.98615,0.95252,1.00000,1.00000,0.87779,0.34430,-0.08100,-0.90870
0.7810,0.98649,0.95468,1.00000,1.00000,0.87537,0.32920,-0.05490,-0.90010
0.7970,0.98718,0.95215,1.00000,1.00000,0.87457,0.32280,-0.06660,-0.90130
0.8140,0.98718,0.95215,1.00000,1.00000,0.87457,0.32280,-0.06660,-0.90130
0.8310,0.98718,0.95215,1.00000,1.00000,0.87457,0.32280,-0.06660,-0.90130
0.8480,0.99030,0.94818,1.00000,1.00000,0.87175,0.34890,-0.05120,-0.90940
0.8650,0.99030,0.94818,1.00000,1.00000,0.87175,0.34890,-0.05120,-0.90940
0.8810,0.99030,0.94818,1.00000,1.00000,0.87175,0.34890,-0.05120,-0.90940
0.8970,0.98995,0.95071,1.00000,1.00000,0.87175,0.34840,-0.03810,-0.90890
0.9140,0.98995,0.95071,1.00000,1.00000,0.87175,0.34840,-0.03810,-0.90890
0.9310,0.98995,0.95071,1.00000,1.00000,0.87175,0.34840,-0.03810,-0.90890
0.9480,0.98995,0.95071,1.00000,1.00000,0.87175,0.34840,-0.03810,-0.90890
0.9640,0.98823,0.95034,1.00000,1.00000,0.86691,0.35580,-0.07370,-0.92160
0.9810,0.98927,0.94530,1.00000,1.00000,0.86368,0.34180,-0.06540,-0.91380
0.9970,0.98927,0.94530,1.00000,1.00000,0.86368,0.34180,-0.06540,-0.91380
1.0140,0.98996,0.94636,1.00000,1.00000,0.86287,0.35040,-0.08000,-0.89990
1.0300,0.98823,0.94600,1.00000,1.00000,0.86045,0.34890,-0.08150,-0.90130
1.0470,0.98823,0.94600,1.00000,1.00000,0.86045,0.34890,-0.08150,-0.90130
1.0630,0.98823,0.94600,1.00000,1.00000,0.86045,0.34890,-0.08150,-0.90130
1.0790,0.98789,0.94166,1.00000,1.00000,0.85722,0.34450,-0.05100,-0.90450
1.0960,0.98789,0.94166,1.00000,1.00000,0.85722,0.34450,-0.05100,-0.90450
1.1130,0.98789,0.94166,1.00000,1.00000,0.85722,0.34450,-0.05100,-0.90450
1.1300,0.98789,0.94166,1.00000,1.00000,0.85722,0.34450,-0.05100,-0.90450
1.1480,0.98270,0.94021,1.00000,1.00000,0.84793,0.34230,-0.07640,-0.91010
1.1640,0.98270,0.94021,1.00000,1.00000,0.84793,0.34230,-0.07640,-0.91010
1.1800,0.98270,0.94021,1.00000,1.00000,0.84793,0.34230,-0.07640,-0.91010
1.1960,0.98166,0.93588,1.00000,1.00000,0.84711,0.34770,-0.07610,-0.91300
1.2120,0.98270,0.93298,1.00000,1.00000,0.84631,0.34480,-0.07000,-0.91570
1.2290,0.98270,0.93298,1.00000,1.00000,0.84631,0.34480,-0.07000,-0.91570
1.2460,0.98270,0.93298,1.00000,1.00000,0.84631,0.34480,-0.07000,-0.91570
1.2630,0.98166,0.93153,1.00000,1.00000,0.83823,0.33060,-0.05490,-0.91700
1.2790,0.98166,0.93153,1.00000,1.00000,0.83823,0.33060,-0.05490,-0.91700
1.2960,0.98166,0.93153,1.00000,1.00000,0.83823,0.33060,-0.05490,-0.91700
1.3120,0.98166,0.93153,1.00000,1.00000,0.83823,0.33060,-0.05490,-0.91700
1.3280,0.98339,0.92249,1.00000,1.00000,0.83822,0.34670,-0.06440,-0.90570
1.3440,0.98339,0.92249,1.00000,1.00000,0.83822,0.34670,-0.06440,-0.90570
1.3600,0.98339,0.92249,1.00000,1.00000,0.83822,0.34670,-0.06440,-0.90570
1.3780,0.97854,0.92358,1.00000,1.00000,0.83418,0.33750,-0.06610,-0.92400
1.3950,0.97716,0.92068,1.00000,1.00000,0.83094,0.33790,-0.06540,-0.91700
1.4120,0.97716,0.92068,1.00000,1.00000,0.83094,0.33790,-0.06540,-0.91700
1.4280,0.97716,0.92068,1.00000,1.00000,0.83094,0.33790,-0.06540,-0.91700
1.4460,0.97751,0.91813,1.00000,1.00000,0.83013,0.34840,-0.07340,-0.90840
1.4630,0.97751,0.91813,1.00000,1.00000,0.83013,0.34840,-0.07340,-0.90840
1.4800,0.97751,0.91813,1.00000,1.00000,0.83013,0.34840,-0.07340,-0.90840
1.4960,0.97958,0.91668,1.00000,1.00000,0.82852,0.33350,-0.08030,-0.93400
1.5120,0.98166,0.91305,1.00000,1.00000,0.82528,0.33670,-0.05710,-0.89520
1.5290,0.98166,0.91305,1.00000,1.00000,0.82528,0.33670,-0.05710,-0.89520
1.5460,0.98166,0.91305,1.00000,1.00000,0.82528,0.33670,-0.05710,-0.89520
1.5630,0.98200,0.90942,1.00000,1.00000,0.82406,0.33600,-0.07730,-0.91210
1.5800,0.98200,0.90942,1.00000,1.00000,0.82406,0.33600,-0.07730,-0.91210
1.5960,0.98200,0.90942,1.00000,1.00000,0.82406,0.33600,-0.07730,-0.91210
1.6130,0.98200,0.90942,1.00000,1.00000,0.82406,0.33600,-0.07730,-0.91210
1.6300,0.98026,0.90833,1.00000,1.00000,0.81961,0.34870,-0.06910,-0.90060
1.6470,0.98026,0.90833,1.00000,1.00000,0.81961,0.34870,-0.06910,-0.90060
1.6640,0.98026,0.90833,1.00000,1.00000,0.81961,0.34870,-0.06910,-0.90060
1.6810,0.98164,0.90688,1.00000,1.00000,0.81879,0.35140,-0.08590,-0.90890
1.6970,0.98164,0.90688,1.00000,1.00000,0.81879,0.35140,-0.08590,-0.90890
1.7140,0.98164,0.90688,1.00000,1.00000,0.81879,0.35140,-0.08590,-0.90890
1.7300,0.98164,0.90688,1.00000,1.00000,0.81879,0.35140,-0.08590,-0.90890
1.7460,0.98302,0.90616,1.00000,1.00000,0.81717,0.34040,-0.07470,-0.93230
1.7630,0.98302,0.90616,1.00000,1.00000,0.81717,0.34040,-0.07470,-0.93230
1.7790,0.98302,0.90616,1.00000,1.00000,0.81717,0.34040,-0.07470,-0.93230
1.7950,0.98128,0.90906,1.00000,1.00000,0.81515,0.34310,-0.09080,-0.91260
1.8110,0.97610,0.90943,1.00000,1.00000,0.81271,0.33920,-0.08590,-0.91790
1.8270,0.97610,0.90943,1.00000,1.00000,0.81271,0.33920,-0.08590,-0.91790
1.8440,0.97610,0.90943,1.00000,1.00000,0.81271,0.33920,-0.08590,-0.91790
1.8610,0.97333,0.90870,1.00000,1.00000,0.80947,0.31700,-0.04220,-0.91620
1.8780,0.97333,0.90870,1.00000,1.00000,0.80947,0.31700,-0.04220,-0.91620
1.8940,0.97333,0.90870,1.00000,1.00000,0.80947,0.31700,-0.04220,-0.91620
1.9100,0.97333,0.90870,1.00000,1.00000,0.80947,0.31700,-0.04220,-0.91620
1.9280,0.97472,0.90979,1.00000,1.00000,0.80583,0.33060,-0.07340,-0.90740
1.9460,0.97472,0.90979,1.00000,1.00000,0.80583,0.33060,-0.07340,-0.90740
1.9630,0.97472,0.90979,1.00000,1.00000,0.80583,0.33060,-0.07340,-0.90740
1.9800,0.97542,0.91306,1.00000,1.00000,0.80257,0.33940,-0.07980,-0.90600
1.9970,0.97542,0.91306,1.00000,1.00000,0.80257,0.33940,-0.07980,-0.90600
2.0130,0.97542,0.91306,1.00000,1.00000,0.80257,0.33940,-0.07980,-0.90600
2.0300,0.97542,0.91306,1.00000,1.00000,0.80257,0.33940,-0.07980,-0.90600
2.0460,0.97681,0.91522,1.00000,1.00000,0.79893,0.33400,-0.10080,-0.91090
2.0630,0.97681,0.91522,1.00000,1.00000,0.79893,0.33400,-0.10080,-0.91090
2.0790,0.97681,0.91522,1.00000,1.00000,0.79893,0.33400,-0.10080,-0.91090
2.0950,0.97681,0.91522,1.00000,1.00000,0.79731,0.34060,-0.08590,-0.90180
2.1110,0.97543,0.91595,1.00000,1.00000,0.79487,0.32820,-0.06690,-0.90620
2.1280,0.97543,0.91595,1.00000,1.00000,0.79487,0.32820,-0.06690,-0.90620
2.1450,0.97543,0.91595,1.00000,1.00000,0.79487,0.32820,-0.06690,-0.90620
2.1620,0.97577,0.91595,1.00000,1.00000,0.79325,0.32890,-0.07470,-0.91450
2.1790,0.97577,0.91595,1.00000,1.00000,0.79325,0.32890,-0.07470,-0.91450
2.1960,0.97577,0.91595,1.00000,1.00000,0.79325,0.32890,-0.07470,-0.91450
2.2120,0.97577,0.91595,1.00000,1.00000,0.79325,0.32890,-0.07470,-0.91450
2.2280,0.97923,0.91232,1.00000,1.00000,0.78918,0.34670,-0.09150,-0.90940
2.2440,0.97992,0.91051,1.00000,1.00000,0.78959,0.33960,-0.09080,-0.91450
2.2610,0.97992,0.91051,1.00000,1.00000,0.78959,0.33960,-0.09080,-0.91450
2.2770,0.97992,0.91122,1.00000,1.00000,0.78878,0.33280,-0.07730,-0.90230
2.2940,0.97610,0.90649,1.00000,1.00000,0.78227,0.32960,-0.08220,-0.91870
2.3100,0.97610,0.90649,1.00000,1.00000,0.78227,0.32960,-0.08220,-0.91870
2.3270,0.97610,0.90649,1.00000,1.00000,0.78227,0.32960,-0.08220,-0.91870
2.3440,0.97679,0.89889,1.00000,1.00000,0.77860,0.33700,-0.09150,-0.91840
2.3620,0.97679,0.89889,1.00000,1.00000,0.77860,0.33700,-0.09150,-0.91840
2.3780,0.97679,0.89889,1.00000,1.00000,0.77860,0.33700,-0.09150,-0.91840
2.3940,0.97921,0.89634,1.00000,1.00000,0.77738,0.32940,-0.06780,-0.91110
2.4100,0.98128,0.89344,1.00000,1.00000,0.77494,0.33480,-0.08540,-0.91260
2.4270,0.98128,0.89344,1.00000,1.00000,0.77494,0.33480,-0.08540,-0.91260
2.4430,0.98128,0.89344,1.00000,1.00000,0.77494,0.33480,-0.08540,-0.91260
2.4590,0.97852,0.89307,1.00000,1.00000,0.76354,0.32700,-0.06470,-0.90180
2.4760,0.97852,0.89307,1.00000,1.00000,0.76354,0.32700,-0.06470,-0.90180
2.4920,0.97852,0.89307,1.00000,1.00000,0.76354,0.32700,-0.06470,-0.90180
2.5080,0.97852,0.89307,1.00000,1.00000,0.76354,0.32700,-0.06470,-0.90180
2.5240,0.98025,0.88691,1.00000,1.00000,0.75540,0.32500,-0.07050,-0.90790
2.5400,0.98025,0.88691,1.00000,1.00000,0.75540,0.32500,-0.07050,-0.90790
2.5570,0.98025,0.88691,1.00000,1.00000,0.75540,0.32500,-0.07050,-0.90790
2.5740,0.97956,0.88654,1.00000,1.00000,0.75295,0.32310,-0.05690,-0.91010
2.5910,0.98026,0.88691,1.00000,1.00000,0.74889,0.32620,-0.10000,-0.90720
2.6090,0.98026,0.88691,1.00000,1.00000,0.74889,0.32620,-0.10000,-0.90720
2.6260,0.98026,0.88691,1.00000,1.00000,0.74889,0.32620,-0.10000,-0.90720
2.6430,0.97715,0.88837,1.00000,1.00000,0.74808,0.32570,-0.10050,-0.89570
2.6600,0.97715,0.88837,1.00000,1.00000,0.74808,0.32570,-0.10050,-0.89570
2.6760,0.97715,0.88837,1.00000,1.00000,0.74808,0.32570,-0.10050,-0.89570
2.6930,0.97715,0.88837,1.00000,1.00000,0.74808,0.32570,-0.10050,-0.89570
2.7100,0.97126,0.88909,1.00000,1.00000,0.72443,0.32770,-0.08560,-0.92330
2.7260,0.97057,0.89018,1.00000,1.00000,0.72484,0.33350,-0.09470,-0.91480
2.7430,0.97057,0.89018,1.00000,1.00000,0.72484,0.33350,-0.09470,-0.91480
2.7610,0.97126,0.89878,1.00000,1.00000,0.72361,0.33500,-0.09780,-0.90840
2.7780,0.97126,0.89878,1.00000,1.00000,0.72361,0.33500,-0.09780,-0.90840
2.7940,0.97126,0.89878,1.00000,1.00000,0.72361,0.33500,-0.09780,-0.90840
2.8110,0.97126,0.89878,1.00000,1.00000,0.72361,0.33500,-0.09780,-0.90840
2.8270,0.96952,0.90278,1.00000,1.00000,0.71830,0.32450,-0.06860,-0.92130
2.8440,0.96952,0.90278,1.00000,1.00000,0.71830,0.32450,-0.06860,-0.92130
2.8610,0.96952,0.90278,1.00000,1.00000,0.71830,0.32450,-0.06860,-0.92130
2.8780,0.97091,0.90205,1.00000,1.00000,0.71748,0.34110,-0.09830,-0.89690
2.8950,0.97160,0.90060,1.00000,1.00000,0.71748,0.34260,-0.10760,-0.89940
2.9110,0.97160,0.90060,1.00000,1.00000,0.71748,0.34260,-0.10760,-0.89940
2.9280,0.97160,0.90060,1.00000,1.00000,0.71748,0.34260,-0.10760,-0.89940
2.9460,0.97681,0.89878,1.00000,1.00000,0.72115,0.33720,-0.06150,-0.90940
2.9630,0.97681,0.89878,1.00000,1.00000,0.72115,0.33720,-0.06150,-0.90940
2.9790,0.97681,0.89878,1.00000,1.00000,0.72115,0.33720,-0.06150,-0.90940
2.9950,0.97542,0.89951,1.00000,1.00000,0.72197,0.33650,-0.06730,-0.90940
3.0120,0.97681,0.89951,1.00000,1.00000,0.72400,0.34060,-0.07640,-0.91060
3.0290,0.97681,0.89951,1.00000,1.00000,0.72400,0.34060,-0.07640,-0.91060
3.0460,0.97681,0.89951,1.00000,1.00000,0.72400,0.34060,-0.07640,-0.91060
3.0630,0.97612,0.88945,1.00000,1.00000,0.72155,0.32500,-0.07440,-0.92160
3.0790,0.97854,0.88800,1.00000,1.00000,0.71992,0.32700,-0.06980,-0.90300
3.0960,0.97854,0.88800,1.00000,1.00000,0.71992,0.32700,-0.06980,-0.90300
3.1130,0.97854,0.88800,1.00000,1.00000,0.71992,0.32700,-0.06980,-0.90300
3.1300,0.98166,0.88618,1.00000,1.00000,0.72156,0.34060,-0.07660,-0.91090
3.1470,0.98166,0.88618,1.00000,1.00000,0.72156,0.34060,-0.07660,-0.91090
3.1630,0.98166,0.88618,1.00000,1.00000,0.72156,0.34060,-0.07660,-0.91090
3.1800,0.97994,0.88654,1.00000,1.00000,0.71952,0.34160,-0.07560,-0.91060
3.1970,0.97994,0.88654,1.00000,1.00000,0.71952,0.34160,-0.07560,-0.91060
3.2130,0.97994,0.88654,1.00000,1.00000,0.71952,0.34160,-0.07560,-0.91060
3.2290,0.97994,0.88654,1.00000,1.00000,0.71952,0.34160,-0.07560,-0.91060
3.2460,0.97439,0.88581,1.00000,1.00000,0.71380,0.34380,-0.08150,-0.90450
3.2630,0.97508,0.88144,1.00000,1.00000,0.70849,0.33550,-0.07170,-0.90300
3.2800,0.97508,0.88144,1.00000,1.00000,0.70849,0.33550,-0.07170,-0.90300
3.2960,0.97473,0.87852,1.00000,1.00000,0.70400,0.31890,-0.10440,-0.90500
3.3120,0.97577,0.87743,1.00000,1.00000,0.70359,0.33180,-0.10390,-0.89620
3.3290,0.97577,0.87743,1.00000,1.00000,0.70359,0.33180,-0.10390,-0.89620
3.3460,0.97577,0.87743,1.00000,1.00000,0.70359,0.33180,-0.10390,-0.89620
3.3630,0.96572,0.87561,1.00000,1.00000,0.69581,0.33570,-0.09610,-0.91160
3.3790,0.96572,0.87561,1.00000,1.00000,0.69581,0.33570,-0.09610,-0.91160
3.3960,0.96572,0.87561,1.00000,1.00000,0.69581,0.33570,-0.09610,-0.91160
3.4150,0.96155,0.87452,1.00000,1.00000,0.69089,0.35670,-0.06730,-0.89570
3.4320,0.96017,0.87415,1.00000,1.00000,0.68844,0.34010,-0.05200,-0.91040
3.4480,0.96017,0.87415,1.00000,1.00000,0.68844,0.34010,-0.05200,-0.91040
3.4650,0.96017,0.87415,1.00000,1.00000,0.68844,0.34010,-0.05200,-0.91040
3.4810,0.96190,0.86723,1.00000,1.00000,0.68517,0.33700,-0.07590,-0.91570
3.4980,0.96156,0.86650,1.00000,1.00000,0.68353,0.32820,-0.07150,-0.90430
3.5140,0.96156,0.86650,1.00000,1.00000,0.68353,0.32820,-0.07150,-0.90430
3.5310,0.96156,0.86650,1.00000,1.00000,0.68353,0.32820,-0.07150,-0.90430
3.5480,0.95774,0.86686,1.00000,1.00000,0.67614,0.32650,-0.08590,-0.92350
3.5640,0.95774,0.86686,1.00000,1.00000,0.67614,0.32650,-0.08590,-0.92350
3.5810,0.95774,0.86686,1.00000,1.00000,0.67614,0.32650,-0.08590,-0.92350
3.5970,0.95463,0.86723,1.00000,1.00000,0.67532,0.33160,-0.07000,-0.93110
3.6140,0.95290,0.86468,1.00000,1.00000,0.67368,0.36110,-0.09910,-0.90080
3.6310,0.95290,0.86468,1.00000,1.00000,0.67368,0.36110,-0.09910,-0.90080
3.6480,0.95290,0.86468,1.00000,1.00000,0.67368,0.36110,-0.09910,-0.90080
3.6650,0.95950,0.85993,1.00000,1.00000,0.67532,0.34140,-0.07690,-0.91890
3.6820,0.95950,0.85993,1.00000,1.00000,0.67532,0.34140,-0.07690,-0.91890
3.6980,0.95950,0.85993,1.00000,1.00000,0.67532,0.34140,-0.07690,-0.91890
3.7150,0.95846,0.85775,1.00000,1.00000,0.67369,0.34750,-0.07340,-0.89890
3.7320,0.95672,0.85446,1.00000,1.00000,0.67040,0.34430,-0.08690,-0.91380
3.7500,0.95672,0.85446,1.00000,1.00000,0.67040,0.34430,-0.08690,-0.91380
3.7670,0.95672,0.85446,1.00000,1.00000,0.67040,0.34430,-0.08690,-0.91380
3.7840,0.95429,0.85737,1.00000,1.00000,0.66630,0.33350,-0.06590,-0.90400
3.8010,0.95429,0.85737,1.00000,1.00000,0.66630,0.33350,-0.06590,-0.90400
3.8170,0.95429,0.85737,1.00000,1.00000,0.66630,0.33350,-0.06590,-0.90400
3.8340,0.95429,0.85737,1.00000,1.00000,0.66630,0.33350,-0.06590,-0.90400
3.8500,0.95949,0.85482,1.00000,1.00000,0.66630,0.34010,-0.08250,-0.90060
3.8670,0.95949,0.85482,1.00000,1.00000,0.66630,0.34010,-0.08250,-0.90060
3.8840,0.95949,0.85482,1.00000,1.00000,0.66630,0.34010,-0.08250,-0.90060
3.9000,0.95602,0.85591,1.00000,1.00000,0.65974,0.34090,-0.08050,-0.89690
3.9160,0.95947,0.85591,1.00000,1.00000,0.66015,0.34570,-0.10100,-0.89430
3.9330,0.95947,0.85591,1.00000,1.00000,0.66015,0.34570,-0.10100,-0.89430
3.9500,0.95947,0.85591,1.00000,1.00000,0.66015,0.34570,-0.10100,-0.89430
3.9670,0.95392,0.85737,1.00000,1.00000,0.65194,0.33480,-0.07470,-0.91350
3.9840,0.95392,0.85737,1.00000,1.00000,0.65194,0.33480,-0.07470,-0.91350
4.0000,0.95392,0.85737,1.00000,1.00000,0.65194,0.33480,-0.07470,-0.91350
4.0170,0.95878,0.85628,1.00000,1.00000,0.65399,0.33450,-0.06690,-0.91230
4.0340,0.95600,0.85627,1.00000,1.00000,0.64947,0.33570,-0.08370,-0.90670
4.0500,0.95600,0.85627,1.00000,1.00000,0.64947,0.33570,-0.08370,-0.90670
4.0660,0.95600,0.85627,1.00000,1.00000,0.64947,0.33570,-0.08370,-0.90670
4.0830,0.95599,0.85482,1.00000,1.00000,0.64742,0.34060,-0.08710,-0.90650
4.0990,0.95599,0.85482,1.00000,1.00000,0.64742,0.34060,-0.08710,-0.90650
4.1160,0.95599,0.85482,1.00000,1.00000,0.64742,0.34060,-0.08710,-0.90650
4.1320,0.95599,0.85482,1.00000,1.00000,0.64742,0.34060,-0.08710,-0.90650
4.1490,0.94940,0.85117,1.00000,1.00000,0.64413,0.33400,-0.08200,-0.91520
4.1660,0.94940,0.85117,1.00000,1.00000,0.64413,0.33400,-0.08200,-0.91520
4.1830,0.94940,0.85117,1.00000,1.00000,0.64413,0.33400,-0.08200,-0.91520
4.2000,0.95078,0.84715,1.00000,1.00000,0.64248,0.35820,-0.09370,-0.91890
4.2170,0.95078,0.84715,1.00000,1.00000,0.64248,0.35820,-0.09370,-0.91890
4.2340,0.95078,0.84715,1.00000,1.00000,0.64248,0.35820,-0.09370,-0.91890
4.2510,0.95078,0.84715,1.00000,1.00000,0.64248,0.35820,-0.09370,-0.91890
4.2670,0.94872,0.84496,1.00000,1.00000,0.64207,0.33480,-0.06860,-0.90430
4.2840,0.94872,0.84496,1.00000,1.00000,0.64207,0.33480,-0.06860,-0.90430
4.3000,0.94872,0.84496,1.00000,1.00000,0.64207,0.33480,-0.06860,-0.90430
4.3180,0.94560,0.84606,1.00000,1.00000,0.63919,0.34890,-0.08300,-0.89500
4.3350,0.94525,0.84351,1.00000,1.00000,0.64084,0.34210,-0.09470,-0.89840
4.3520,0.94525,0.84351,1.00000,1.00000,0.64084,0.34210,-0.09470,-0.89840
4.3680,0.94525,0.84351,1.00000,1.00000,0.64084,0.34210,-0.09470,-0.89840
4.3850,0.94561,0.84169,1.00000,1.00000,0.63796,0.33750,-0.07100,-0.92060
4.4020,0.94561,0.84169,1.00000,1.00000,0.63796,0.33750,-0.07100,-0.92060
4.4180,0.94561,0.84169,1.00000,1.00000,0.63796,0.33750,-0.07100,-0.92060
4.4360,0.95046,0.84132,1.00000,1.00000,0.64166,0.33720,-0.06510,-0.90620
4.4530,0.95046,0.84315,1.00000,1.00000,0.63796,0.34230,-0.10930,-0.91550
4.4690,0.95046,0.84315,1.00000,1.00000,0.63796,0.34230,-0.10930,-0.91550
4.4860,0.95046,0.84315,1.00000,1.00000,0.63796,0.34230,-0.10930,-0.91550
4.5020,0.94629,0.84388,1.00000,1.00000,0.63425,0.34260,-0.08150,-0.89960
4.5190,0.94629,0.84388,1.00000,1.00000,0.63425,0.34260,-0.08150,-0.89960
4.5350,0.94629,0.84388,1.00000,1.00000,0.63425,0.34260,-0.08150,-0.89960
4.5530,0.94421,0.84607,1.00000,1.00000,0.63302,0.34990,-0.08690,-0.91910
4.5690,0.94003,0.84571,1.00000,1.00000,0.62725,0.34700,-0.08200,-0.90380
4.5860,0.94003,0.84571,1.00000,1.00000,0.62725,0.34700,-0.08200,-0.90380
4.6030,0.94003,0.84571,1.00000,1.00000,0.62725,0.34700,-0.08200,-0.90380
4.6200,0.94282,0.84534,1.00000,1.00000,0.62767,0.35280,-0.07640,-0.90180
4.6360,0.94072,0.84607,1.00000,1.00000,0.62561,0.35160,-0.07420,-0.90550
4.6530,0.94072,0.84607,1.00000,1.00000,0.62561,0.35160,-0.07420,-0.90550
4.6690,0.94072,0.84607,1.00000,1.00000,0.62561,0.35160,-0.07420,-0.90550
4.6850,0.94245,0.84351,1.00000,1.00000,0.62684,0.35650,-0.09000,-0.91010
4.7020,0.94245,0.84351,1.00000,1.00000,0.62684,0.35650,-0.09000,-0.91010
4.7180,0.94245,0.84351,1.00000,1.00000,0.62684,0.35650,-0.09000,-0.91010
4.7360,0.94003,0.84533,1.00000,1.00000,0.62067,0.33550,-0.08130,-0.89770
4.7520,0.93932,0.84424,1.00000,1.00000,0.61861,0.33310,-0.09930,-0.89960
4.7680,0.93932,0.84424,1.00000,1.00000,0.61861,0.33310,-0.09930,-0.89960
4.7850,0.93932,0.84424,1.00000,1.00000,0.61861,0.33310,-0.09930,-0.89960
4.8010,0.94556,0.84351,1.00000,1.00000,0.62149,0.34970,-0.08560,-0.89550
4.8170,0.94764,0.83985,1.00000,1.00000,0.62149,0.36210,-0.08200,-0.90180
4.8340,0.94764,0.83985,1.00000,1.00000,0.62149,0.36210,-0.08200,-0.90180
4.8510,0.94764,0.83985,1.00000,1.00000,0.62149,0.36210,-0.08200,-0.90180
4.8680,0.95390,0.84167,1.00000,1.00000,0.62149,0.33960,-0.08200,-0.91040
4.8840,0.95390,0.84167,1.00000,1.00000,0.62149,0.33960,-0.08200,-0.91040
4.9010,0.95390,0.84167,1.00000,1.00000,0.62149,0.33960,-0.08200,-0.91040
4.9180,0.94973,0.84460,1.00000,1.00000,0.62108,0.34970,-0.10050,-0.90210
4.9360,0.95078,0.84350,1.00000,1.00000,0.61984,0.35060,-0.07250,-0.90740
4.9520,0.95078,0.84350,1.00000,1.00000,0.61984,0.35060,-0.07250,-0.90740
4.9680,0.95078,0.84350,1.00000,1.00000,0.61984,0.35060,-0.07250,-0.90740
4.9840,0.95252,0.84349,1.00000,1.00000,0.62149,0.34720,-0.07760,-0.90890
5.0010,0.95252,0.84349,1.00000,1.00000,0.62149,0.34720,-0.07760,-0.90890
5.0170,0.95252,0.84349,1.00000,1.00000,0.62149,0.34720,-0.07760,-0.90890
5.0350,0.95147,0.84167,1.00000,1.00000,0.62191,0.35230,-0.08470,-0.90670
5.0520,0.94347,0.84276,1.00000,1.00000,0.62066,0.35620,-0.09420,-0.90260
5.0690,0.94347,0.84276,1.00000,1.00000,0.62066,0.35620,-0.09420,-0.90260
5.0860,0.94347,0.84276,1.00000,1.00000,0.62066,0.35620,-0.09420,-0.90260
5.1030,0.93861,0.84057,1.00000,1.00000,0.61860,0.35550,-0.09710,-0.88600
5.1200,0.93861,0.84057,1.00000,1.00000,0.61860,0.35550,-0.09710,-0.88600
5.1360,0.93861,0.84057,1.00000,1.00000,0.61860,0.35550,-0.09710,-0.88600
5.1520,0.93861,0.84057,1.00000,1.00000,0.61860,0.35550,-0.09710,-0.88600
5.1680,0.92644,0.83984,1.00000,1.00000,0.61036,0.34110,-0.08050,-0.89160
5.1840,0.92644,0.83984,1.00000,1.00000,0.61036,0.34110,-0.08050,-0.89160
5.2000,0.92644,0.83984,1.00000,1.00000,0.61036,0.34110,-0.08050,-0.89160
5.2160,0.92540,0.83765,1.00000,1.00000,0.60706,0.35310,-0.12440,-0.92280
5.2320,0.92505,0.83875,1.00000,1.00000,0.60582,0.35310,-0.12320,-0.92090
5.2490,0.92505,0.83875,1.00000,1.00000,0.60582,0.35310,-0.12320,-0.92090
5.2660,0.92505,0.83875,1.00000,1.00000,0.60582,0.35310,-0.12320,-0.92090
5.2830,0.91951,0.83766,1.00000,1.00000,0.59716,0.36650,-0.08690,-0.90430
5.3000,0.91951,0.83766,1.00000,1.00000,0.59716,0.36650,-0.08690,-0.90430
5.3170,0.91951,0.83766,1.00000,1.00000,0.59716,0.36650,-0.08690,-0.90430
5.3330,0.91951,0.83766,1.00000,1.00000,0.59716,0.36650,-0.08690,-0.90430
5.3510,0.92925,0.83400,1.00000,1.00000,0.59923,0.34400,-0.07830,-0.90180
5.3670,0.92925,0.83400,1.00000,1.00000,0.59923,0.34400,-0.07830,-0.90180
5.3840,0.92925,0.83400,1.00000,1.00000,0.59923,0.34400,-0.07830,-0.90180
5.4010,0.93552,0.83217,1.00000,1.00000,0.59922,0.36380,-0.08780,-0.91500
5.4170,0.93552,0.83217,1.00000,1.00000,0.59922,0.36380,-0.08780,-0.91500
5.4340,0.93552,0.83217,1.00000,1.00000,0.59922,0.36380,-0.08780,-0.91500
5.4500,0.93552,0.83217,1.00000,1.00000,0.59922,0.36380,-0.08780,-0.91500
5.4670,0.93517,0.83033,1.00000,1.00000,0.59840,0.35310,-0.08590,-0.90400
5.4840,0.93517,0.83033,1.00000,1.00000,0.59840,0.35310,-0.08590,-0.90400
5.5000,0.93517,0.83033,1.00000,1.00000,0.59840,0.35310,-0.08590,-0.90400
5.5160,0.93170,0.83143,1.00000,1.00000,0.59467,0.36310,-0.10050,-0.90130
5.5330,0.93691,0.83034,1.00000,1.00000,0.59509,0.34480,-0.09960,-0.89620
5.5490,0.93691,0.83034,1.00000,1.00000,0.59509,0.34480,-0.09960,-0.89620
5.5660,0.93691,0.83034,1.00000,1.00000,0.59509,0.34480,-0.09960,-0.89620
5.5820,0.93517,0.82888,1.00000,1.00000,0.59550,0.33720,-0.08980,-0.90080
5.5990,0.93517,0.82888,1.00000,1.00000,0.59550,0.33720,-0.08980,-0.90080
5.6160,0.93517,0.82888,1.00000,1.00000,0.59550,0.33720,-0.08980,-0.90080
5.6320,0.93517,0.82888,1.00000,1.00000,0.59550,0.33720,-0.08980,-0.90080
5.6490,0.93274,0.83290,1.00000,1.00000,0.59097,0.33010,-0.08170,-0.91280
5.6660,0.93135,0.82667,1.00000,1.00000,0.59179,0.37770,-0.13590,-0.89910
5.6820,0.93135,0.82667,1.00000,1.00000,0.59179,0.37770,-0.13590,-0.89910
5.6990,0.93135,0.83069,1.00000,1.00000,0.58725,0.33700,-0.10080,-0.90330
5.7160,0.93135,0.83069,1.00000,1.00000,0.58725,0.33700,-0.10080,-0.90330
5.7330,0.93135,0.83069,1.00000,1.00000,0.58725,0.33700,-0.10080,-0.90330
5.7500,0.93135,0.83069,1.00000,1.00000,0.58725,0.33700,-0.10080,-0.90330
5.7670,0.93273,0.83033,1.00000,1.00000,0.58726,0.33280,-0.07730,-0.89500
5.7840,0.93273,0.83033,1.00000,1.00000,0.58726,0.33280,-0.07730,-0.89500
5.8000,0.93273,0.83033,1.00000,1.00000,0.58726,0.33280,-0.07730,-0.89500
5.8170,0.93030,0.83179,1.00000,1.00000,0.58394,0.33770,-0.08540,-0.91380
5.8330,0.92995,0.83143,1.00000,1.00000,0.58187,0.34530,-0.10170,-0.91110
5.8490,0.92995,0.83143,1.00000,1.00000,0.58187,0.34530,-0.10170,-0.91110
5.8660,0.92995,0.83143,1.00000,1.00000,0.58187,0.34530,-0.10170,-0.91110
5.8830,0.92820,0.82557,1.00000,1.00000,0.57939,0.34260,-0.12220,-0.89230
5.9000,0.92820,0.82557,1.00000,1.00000,0.57939,0.34260,-0.12220,-0.89230
5.9170,0.92820,0.82557,1.00000,1.00000,0.57939,0.34260,-0.12220,-0.89230
5.9340,0.93064,0.82264,1.00000,1.00000,0.57939,0.35820,-0.10860,-0.88690
5.9500,0.92855,0.82410,1.00000,1.00000,0.57774,0.34920,-0.10740,-0.89890
5.9670,0.92855,0.82410,1.00000,1.00000,0.57774,0.34920,-0.10740,-0.89890
5.9840,0.92855,0.82410,1.00000,1.00000,0.57774,0.34920,-0.10740,-0.89890
6.0010,0.92369,0.82815,1.00000,1.00000,0.57568,0.35310,-0.11760,-0.91740
6.0180,0.92368,0.82595,1.00000,1.00000,0.57278,0.34570,-0.09960,-0.90820
6.0340,0.92368,0.82595,1.00000,1.00000,0.57278,0.34570,-0.09960,-0.90820
6.0510,0.92368,0.82595,1.00000,1.00000,0.57278,0.34570,-0.09960,-0.90820
6.0680,0.92508,0.82522,1.00000,1.00000,0.57361,0.34870,-0.10220,-0.91350
6.0840,0.92508,0.82522,1.00000,1.00000,0.57361,0.34870,-0.10220,-0.91350
6.1000,0.92508,0.82522,1.00000,1.00000,0.57361,0.34870,-0.10220,-0.91350
6.1170,0.92472,0.82082,1.00000,1.00000,0.57402,0.35380,-0.09590,-0.91010
6.1340,0.92682,0.82118,1.00000,1.00000,0.57362,0.35770,-0.10420,-0.89820
6.1510,0.92682,0.82118,1.00000,1.00000,0.57362,0.35770,-0.10420,-0.89820
6.1670,0.92682,0.82118,1.00000,1.00000,0.57362,0.35770,-0.10420,-0.89820
6.1840,0.92368,0.82704,1.00000,1.00000,0.57279,0.36450,-0.10710,-0.91570
6.2000,0.92368,0.82704,1.00000,1.00000,0.57279,0.36450,-0.10710,-0.91570
6.2160,0.92368,0.82704,1.00000,1.00000,0.57279,0.36450,-0.10710,-0.91570
6.2330,0.92368,0.82704,1.00000,1.00000,0.57279,0.36450,-0.10710,-0.91570
6.2500,0.91740,0.82960,1.00000,1.00000,0.56907,0.35310,-0.10690,-0.91060
6.2670,0.91740,0.82960,1.00000,1.00000,0.56907,0.35310,-0.10690,-0.91060
6.2840,0.91740,0.82960,1.00000,1.00000,0.56907,0.35310,-0.10690,-0.91060
6.3000,0.91323,0.83069,1.00000,1.00000,0.56824,0.33960,-0.07540,-0.90380
6.3160,0.91323,0.83069,1.00000,1.00000,0.56824,0.33960,-0.07540,-0.90380
6.3320,0.91323,0.83069,1.00000,1.00000,0.56824,0.33960,-0.07540,-0.90380
6.3480,0.91323,0.83069,1.00000,1.00000,0.56824,0.33960,-0.07540,-0.90380
6.3650,0.91323,0.83142,1.00000,1.00000,0.56824,0.34140,-0.06390,-0.90480
6.3810,0.91323,0.83142,1.00000,1.00000,0.56824,0.34140,-0.06390,-0.90480
6.3970,0.91323,0.83142,1.00000,1.00000,0.56824,0.34140,-0.06390,-0.90480
6.4140,0.91183,0.83215,1.00000,1.00000,0.56369,0.35260,-0.10080,-0.87520
6.4310,0.90764,0.83216,1.00000,1.00000,0.55125,0.34450,-0.10220,-0.88990
6.4470,0.91077,0.83180,1.00000,1.00000,0.55249,0.33570,-0.08440,-0.90450
6.4630,0.91077,0.83180,1.00000,1.00000,0.55249,0.33570,-0.08440,-0.90450
6.4800,0.91599,0.82740,1.00000,1.00000,0.55539,0.36600,-0.12130,-0.89720
6.4970,0.91599,0.82740,1.00000,1.00000,0.55539,0.36600,-0.12130,-0.89720
6.5150,0.91599,0.82740,1.00000,1.00000,0.55539,0.36600,-0.12130,-0.89720
6.5330,0.91599,0.82740,1.00000,1.00000,0.55539,0.36600,-0.12130,-0.89720
6.5500,0.91599,0.82740,1.00000,1.00000,0.55539,0.36600,-0.12130,-0.89720
6.5660,0.91599,0.82740,1.00000,1.00000,0.55539,0.36600,-0.12130,-0.89720
6.5830,0.91599,0.82740,1.00000,1.00000,0.55539,0.36600,-0.12130,-0.89720
6.6000,0.92401,0.82337,1.00000,1.00000,0.55704,0.35210,-0.08170,-0.90790
6.6160,0.92193,0.81641,1.00000,1.00000,0.54709,0.36720,-0.12910,-0.89840
6.6320,0.92193,0.81641,1.00000,1.00000,0.54709,0.36720,-0.12910,-0.89840
6.6490,0.92193,0.81641,1.00000,1.00000,0.54709,0.36720,-0.12910,-0.89840
6.6660,0.92786,0.81236,1.00000,1.00000,0.55206,0.34870,-0.07640,-0.91130
6.6830,0.92786,0.81236,1.00000,1.00000,0.55206,0.34870,-0.07640,-0.91130
6.7000,0.92786,0.81236,1.00000,1.00000,0.55206,0.34870,-0.07640,-0.91130
6.7160,0.92370,0.81310,1.00000,1.00000,0.55497,0.36060,-0.12270,-0.89740
6.7330,0.92649,0.80870,1.00000,1.00000,0.55580,0.34750,-0.09610,-0.90790
6.7490,0.92649,0.80870,1.00000,1.00000,0.55580,0.34750,-0.09610,-0.90790
6.7660,0.92649,0.80870,1.00000,1.00000,0.55580,0.34750,-0.09610,-0.90790
6.7820,0.92753,0.80541,1.00000,1.00000,0.55580,0.35720,-0.10520,-0.88840
6.7990,0.92753,0.80541,1.00000,1.00000,0.55580,0.35720,-0.10520,-0.88840
6.8160,0.92753,0.80541,1.00000,1.00000,0.55580,0.35720,-0.10520,-0.88840
6.8330,0.92509,0.80688,1.00000,1.00000,0.55372,0.36040,-0.09150,-0.88790
6.8490,0.92440,0.80761,1.00000,1.00000,0.55248,0.35160,-0.08910,-0.88890
6.8660,0.92440,0.80761,1.00000,1.00000,0.55248,0.35160,-0.08910,-0.88890
6.8830,0.92440,0.80761,1.00000,1.00000,0.55248,0.35160,-0.08910,-0.88890
6.9010,0.92092,0.80284,1.00000,1.00000,0.55124,0.35140,-0.10150,-0.90010
6.9170,0.92264,0.80284,1.00000,1.00000,0.55456,0.35550,-0.09440,-0.89840
6.9330,0.92264,0.80284,1.00000,1.00000,0.55456,0.35550,-0.09440,-0.89840
6.9500,0.92264,0.80284,1.00000,1.00000,0.55456,0.35550,-0.09440,-0.89840
6.9670,0.92055,0.80610,1.00000,1.00000,0.54959,0.35530,-0.07950,-0.88740
6.9840,0.92055,0.80610,1.00000,1.00000,0.54959,0.35530,-0.07950,-0.88740
7.0000,0.92055,0.80610,1.00000,1.00000,0.54959,0.35530,-0.07950,-0.88740
7.0170,0.91777,0.80646,1.00000,1.00000,0.54544,0.36430,-0.12050,-0.88670
7.0340,0.91080,0.81013,1.00000,1.00000,0.54586,0.34790,-0.10420,-0.92130
7.0500,0.91080,0.81013,1.00000,1.00000,0.54586,0.34790,-0.10420,-0.92130
7.0670,0.91080,0.81013,1.00000,1.00000,0.54586,0.34790,-0.10420,-0.92130
7.0840,0.90905,0.80645,1.00000,1.00000,0.54420,0.37140,-0.12080,-0.89840
7.1000,0.90905,0.80645,1.00000,1.00000,0.54420,0.37140,-0.12080,-0.89840
7.1170,0.90905,0.80645,1.00000,1.00000,0.54420,0.37140,-0.12080,-0.89840
7.1340,0.90661,0.80829,1.00000,1.00000,0.54378,0.35840,-0.09270,-0.90720
7.1500,0.89861,0.81232,1.00000,1.00000,0.53840,0.35920,-0.07610,-0.91010
7.1670,0.89861,0.81232,1.00000,1.00000,0.53840,0.35920,-0.07610,-0.91010
7.1840,0.89861,0.81232,1.00000,1.00000,0.53840,0.35920,-0.07610,-0.91010
7.2010,0.89651,0.81416,1.00000,1.00000,0.53675,0.35110,-0.08640,-0.91060
7.2180,0.89651,0.81416,1.00000,1.00000,0.53675,0.35110,-0.08640,-0.91060
7.2340,0.89651,0.81416,1.00000,1.00000,0.53675,0.35110,-0.08640,-0.91060
7.2500,0.89651,0.81416,1.00000,1.00000,0.53675,0.35110,-0.08640,-0.91060
7.2660,0.88746,0.80909,1.00000,1.00000,0.53839,0.34840,-0.08220,-0.90430
7.2830,0.88606,0.80724,1.00000,1.00000,0.54130,0.35110,-0.09250,-0.90040
7.2990,0.88606,0.80724,1.00000,1.00000,0.54130,0.35110,-0.09250,-0.90040
7.3150,0.88641,0.80577,1.00000,1.00000,0.54337,0.34530,-0.09200,-0.90330
7.3310,0.88430,0.80174,1.00000,1.00000,0.54005,0.36160,-0.08980,-0.90210
7.3480,0.88430,0.80174,1.00000,1.00000,0.54005,0.36160,-0.08980,-0.90210
7.3640,0.88430,0.80174,1.00000,1.00000,0.54005,0.36160,-0.08980,-0.90210
7.3800,0.87628,0.80541,1.00000,1.00000,0.53258,0.36430,-0.11030,-0.90990
7.3970,0.87733,0.80100,1.00000,1.00000,0.53176,0.35840,-0.09610,-0.90790
7.4140,0.87733,0.80100,1.00000,1.00000,0.53176,0.35840,-0.09610,-0.90790
7.4300,0.87733,0.80100,1.00000,1.00000,0.53176,0.35840,-0.09610,-0.90790
7.4470,0.87174,0.79402,1.00000,1.00000,0.52387,0.36040,-0.09560,-0.89470
7.4630,0.87174,0.79402,1.00000,1.00000,0.52387,0.36040,-0.09560,-0.89470
7.4790,0.87174,0.79402,1.00000,1.00000,0.52387,0.36040,-0.09560,-0.89470
7.4960,0.87242,0.78740,1.00000,1.00000,0.51931,0.36580,-0.09810,-0.90770
7.5130,0.87207,0.78447,1.00000,1.00000,0.52139,0.36800,-0.12400,-0.91260
7.5290,0.87207,0.78447,1.00000,1.00000,0.52139,0.36800,-0.12400,-0.91260
7.5450,0.87207,0.78447,1.00000,1.00000,0.52139,0.36800,-0.12400,-0.91260
7.5610,0.86648,0.78006,1.00000,1.00000,0.51476,0.34550,-0.07980,-0.88890
7.5770,0.86648,0.78006,1.00000,1.00000,0.51476,0.34550,-0.07980,-0.88890
7.5940,0.86648,0.78006,1.00000,1.00000,0.51476,0.34550,-0.07980,-0.88890
7.6110,0.86648,0.78006,1.00000,1.00000,0.51476,0.34550,-0.07980,-0.88890
7.6280,0.86369,0.78300,1.00000,1.00000,0.51434,0.34870,-0.10170,-0.88770
7.6460,0.86369,0.78300,1.00000,1.00000,0.51434,0.34870,-0.10170,-0.88770
7.6630,0.86369,0.78300,1.00000,1.00000,0.51434,0.34870,-0.10170,-0.88770
7.6800,0.86754,0.77787,1.00000,1.00000,0.51725,0.33770,-0.07150,-0.91010
7.6970,0.86754,0.77787,1.00000,1.00000,0.51725,0.33770,-0.07150,-0.91010
7.7140,0.86194,0.78338,1.00000,1.00000,0.51434,0.36550,-0.11150,-0.89550
7.7300,0.86194,0.78338,1.00000,1.00000,0.51434,0.36550,-0.11150,-0.89550
7.7470,0.85914,0.78301,1.00000,1.00000,0.52098,0.36330,-0.10390,-0.88910
7.7630,0.85914,0.78301,1.00000,1.00000,0.52098,0.36330,-0.10390,-0.88910
7.7790,0.85914,0.78301,1.00000,1.00000,0.52098,0.36330,-0.10390,-0.88910
7.7970,0.85775,0.78743,1.00000,1.00000,0.51890,0.36110,-0.11030,-0.89650
7.8140,0.85566,0.79000,1.00000,1.00000,0.51683,0.34890,-0.09540,-0.90160
7.8300,0.85566,0.79000,1.00000,1.00000,0.51683,0.34890,-0.09540,-0.90160
7.8470,0.85566,0.79000,1.00000,1.00000,0.51683,0.34890,-0.09540,-0.90160
7.8630,0.85391,0.79074,1.00000,1.00000,0.51433,0.35140,-0.09030,-0.90430
7.8790,0.85391,0.79074,1.00000,1.00000,0.51433,0.35140,-0.09030,-0.90430
7.8960,0.85391,0.79074,1.00000,1.00000,0.51433,0.35140,-0.09030,-0.90430
7.9130,0.85391,0.79074,1.00000,1.00000,0.51433,0.35140,-0.09030,-0.90430
7.9290,0.84972,0.78926,1.00000,1.00000,0.50561,0.35450,-0.08590,-0.90840
7.9450,0.84972,0.78926,1.00000,1.00000,0.50561,0.35450,-0.08590,-0.90840
7.9610,0.84972,0.78926,1.00000,1.00000,0.50561,0.35450,-0.08590,-0.90840
7.9780,0.85007,0.78486,1.00000,1.00000,0.50478,0.36010,-0.09520,-0.90740
7.9950,0.85007,0.78486,1.00000,1.00000,0.50394,0.36190,-0.08490,-0.90890
8.0120,0.85007,0.78486,1.00000,1.00000,0.50394,0.36190,-0.08490,-0.90890
8.0280,0.85007,0.78486,1.00000,1.00000,0.50394,0.36190,-0.08490,-0.90890
8.0440,0.84902,0.78375,1.00000,1.00000,0.50352,0.35400,-0.08420,-0.91090
8.0610,0.84902,0.78375,1.00000,1.00000,0.50352,0.35400,-0.08420,-0.91090
8.0780,0.84902,0.78375,1.00000,1.00000,0.50352,0.35400,-0.08420,-0.91090
8.0950,0.84867,0.77970,1.00000,1.00000,0.49854,0.35110,-0.09780,-0.89620
8.1120,0.84411,0.77970,1.00000,1.00000,0.49646,0.36580,-0.08610,-0.90380
8.1280,0.84411,0.77970,1.00000,1.00000,0.49646,0.36580,-0.08610,-0.90380
8.1440,0.84411,0.77970,1.00000,1.00000,0.49646,0.36580,-0.08610,-0.90380
8.1600,0.84095,0.77933,1.00000,1.00000,0.49354,0.36620,-0.09470,-0.91400
8.1770,0.84095,0.77933,1.00000,1.00000,0.49354,0.36620,-0.09470,-0.91400
8.1940,0.84095,0.77933,1.00000,1.00000,0.49354,0.36620,-0.09470,-0.91400
8.2110,0.84095,0.77933,1.00000,1.00000,0.49354,0.36620,-0.09470,-0.91400
8.2280,0.83884,0.77528,1.00000,1.00000,0.49188,0.34430,-0.08250,-0.91400
8.2460,0.83884,0.77528,1.00000,1.00000,0.49188,0.34430,-0.08250,-0.91400
8.2630,0.83884,0.77528,1.00000,1.00000,0.49188,0.34430,-0.08250,-0.91400
8.2800,0.83673,0.77084,1.00000,1.00000,0.49313,0.35180,-0.09080,-0.91110
8.2960,0.83673,0.77084,1.00000,1.00000,0.49313,0.35180,-0.09080,-0.91110
8.3130,0.83673,0.77084,1.00000,1.00000,0.49313,0.35180,-0.09080,-0.91110
8.3300,0.83673,0.77084,1.00000,1.00000,0.49313,0.35180,-0.09080,-0.91110
8.3480,0.83144,0.76715,1.00000,1.00000,0.49022,0.34140,-0.08780,-0.89650
8.3640,0.83144,0.76715,1.00000,1.00000,0.49022,0.34140,-0.08780,-0.89650
8.3810,0.83144,0.76715,1.00000,1.00000,0.49022,0.34140,-0.08780,-0.89650
8.3970,0.83355,0.76163,1.00000,1.00000,0.49105,0.34570,-0.09250,-0.88550
8.4130,0.83215,0.76457,1.00000,1.00000,0.49187,0.34550,-0.08910,-0.87670
8.4290,0.83215,0.76457,1.00000,1.00000,0.49187,0.34550,-0.08910,-0.87670
8.4450,0.83215,0.76457,1.00000,1.00000,0.49187,0.34550,-0.08910,-0.87670
8.4620,0.83566,0.76200,1.00000,1.00000,0.53153,0.34820,-0.09490,-0.90520
8.4790,0.83392,0.76310,1.00000,1.00000,0.54221,0.34620,-0.09830,-0.90380
8.4960,0.83392,0.76310,1.00000,1.00000,0.54221,0.34620,-0.09830,-0.90380
8.5120,0.83392,0.76310,1.00000,1.00000,0.54221,0.34620,-0.09830,-0.90380
8.5280,0.83532,0.76016,1.00000,1.00000,0.55332,0.34280,-0.09960,-0.90260
8.5450,0.83532,0.76016,1.00000,1.00000,0.55332,0.34280,-0.09960,-0.90260
8.5620,0.83532,0.76016,1.00000,1.00000,0.55332,0.34280,-0.09960,-0.90260
8.5780,0.83602,0.75795,1.00000,1.00000,0.56644,0.33920,-0.08910,-0.89910
8.5940,0.83602,0.75795,1.00000,1.00000,0.56644,0.33920,-0.08910,-0.89910
8.6100,0.83602,0.75795,1.00000,1.00000,0.56644,0.33920,-0.08910,-0.89910
8.6260,0.83602,0.75795,1.00000,1.00000,0.56644,0.33920,-0.08910,-0.89910
8.6420,0.83357,0.76200,1.00000,1.00000,0.64380,0.36040,-0.11130,-0.90130
8.6580,0.83465,0.76865,1.00000,1.00000,0.81023,0.35840,-0.09710,-0.89330
8.6750,0.83184,0.76681,1.00000,1.00000,0.84439,0.35380,-0.10170,-0.90380
8.6910,0.83184,0.76681,1.00000,1.00000,0.84439,0.35380,-0.10170,-0.90380
8.7080,0.83009,0.76387,1.00000,1.00000,0.89759,0.35180,-0.09540,-0.91280
8.7250,0.83009,0.76387,1.00000,1.00000,0.89759,0.35180,-0.09540,-0.91280
8.7420,0.83009,0.76387,1.00000,1.00000,0.89759,0.35180,-0.09540,-0.91280
8.7590,0.82868,0.76608,1.00000,1.00000,0.94397,0.35060,-0.09520,-0.89960
8.7760,0.82868,0.76608,1.00000,1.00000,0.94397,0.35060,-0.09520,-0.89960
8.7930,0.82868,0.76608,1.00000,1.00000,0.94397,0.35060,-0.09520,-0.89960
8.8090,0.82868,0.76608,1.00000,1.00000,0.94397,0.35060,-0.09520,-0.89960
8.8260,0.82552,0.76129,1.00000,1.00000,1.00000,0.34280,-0.10440,-0.89960
8.8420,0.82691,0.76018,1.00000,1.00000,1.00000,0.33990,-0.10100,-0.90400
8.8580,0.82691,0.76018,1.00000,1.00000,1.00000,0.33990,-0.10100,-0.90400
8.8750,0.82902,0.75097,1.00000,1.00000,1.00000,0.34970,-0.10540,-0.88650
8.8920,0.82584,0.74729,1.00000,1.00000,1.00000,0.34500,-0.09610,-0.89670
8.9090,0.82584,0.74729,1.00000,1.00000,1.00000,0.34500,-0.09610,-0.89670
8.9260,0.82584,0.74729,1.00000,1.00000,1.00000,0.34500,-0.09610,-0.89670
8.9420,0.82793,0.74101,1.00000,1.00000,1.00000,0.34750,-0.09050,-0.92160
8.9590,0.82793,0.74101,1.00000,1.00000,1.00000,0.34750,-0.09050,-0.92160
8.9760,0.82793,0.74101,1.00000,1.00000,1.00000,0.34750,-0.09050,-0.92160
8.9930,0.82793,0.74101,1.00000,1.00000,1.00000,0.34750,-0.09050,-0.92160
9.0090,0.83074,0.73990,1.00000,1.00000,1.00000,0.34310,-0.10760,-0.89280
9.0260,0.83074,0.73990,1.00000,1.00000,1.00000,0.34310,-0.10760,-0.89280
9.0430,0.83074,0.73990,1.00000,1.00000,1.00000,0.34310,-0.10760,-0.89280
9.0590,0.82723,0.74100,1.00000,1.00000,1.00000,0.33920,-0.08860,-0.89960
9.0760,0.83003,0.74100,1.00000,1.00000,1.00000,0.35010,-0.11390,-0.90130
9.0930,0.83003,0.74100,1.00000,1.00000,1.00000,0.35010,-0.11390,-0.90130
9.1090,0.83003,0.74100,1.00000,1.00000,1.00000,0.35010,-0.11390,-0.90130
9.1260,0.83108,0.74101,1.00000,1.00000,1.00000,0.35550,-0.08950,-0.90450
9.1430,0.83108,0.74101,1.00000,1.00000,1.00000,0.35550,-0.08950,-0.90450
9.1600,0.83108,0.74101,1.00000,1.00000,1.00000,0.35550,-0.08950,-0.90450
9.1790,0.82548,0.74507,1.00000,1.00000,1.00000,0.35380,-0.10660,-0.89350
9.1960,0.82516,0.75024,1.00000,1.00000,1.00000,0.34570,-0.09300,-0.91280
9.2120,0.82516,0.75024,1.00000,1.00000,1.00000,0.34570,-0.09300,-0.91280
9.2280,0.82516,0.75024,1.00000,1.00000,1.00000,0.34570,-0.09300,-0.91280
9.2440,0.82411,0.75614,1.00000,1.00000,1.00000,0.35380,-0.09610,-0.90400
9.2610,0.82411,0.75614,1.00000,1.00000,1.00000,0.35380,-0.09610,-0.90400
9.2780,0.82411,0.75614,1.00000,1.00000,1.00000,0.35380,-0.09610,-0.90400
9.2950,0.82166,0.75577,1.00000,1.00000,1.00000,0.35870,-0.11520,-0.91700
9.3110,0.81990,0.75393,1.00000,1.00000,1.00000,0.34060,-0.08740,-0.90180
9.3270,0.81990,0.75393,1.00000,1.00000,1.00000,0.34060,-0.08740,-0.90180
9.3440,0.81990,0.75393,1.00000,1.00000,1.00000,0.34060,-0.08740,-0.90180
9.3600,0.82305,0.74545,1.00000,1.00000,1.00000,0.36430,-0.11250,-0.91040
9.3770,0.81956,0.74582,1.00000,1.00000,0.99360,0.36670,-0.09860,-0.90840
9.3950,0.81956,0.74582,1.00000,1.00000,0.99360,0.36670,-0.09860,-0.90840
9.4110,0.81956,0.74582,1.00000,1.00000,0.99360,0.36670,-0.09860,-0.90840
9.4280,0.81920,0.74213,1.00000,1.00000,0.96323,0.34010,-0.09170,-0.90500
9.4440,0.81920,0.74213,1.00000,1.00000,0.96323,0.34010,-0.09170,-0.90500
9.4600,0.81920,0.74213,1.00000,1.00000,0.96323,0.34010,-0.09170,-0.90500
9.4770,0.81815,0.73732,1.00000,1.00000,0.93920,0.34260,-0.09250,-0.89470
9.4940,0.81779,0.73400,1.00000,1.00000,0.92275,0.35530,-0.11200,-0.89720
9.5110,0.81779,0.73400,1.00000,1.00000,0.92275,0.35530,-0.11200,-0.89720
9.5270,0.81779,0.73400,1.00000,1.00000,0.92275,0.35530,-0.11200,-0.89720
9.5440,0.81533,0.72774,1.00000,1.00000,0.89258,0.35720,-0.09350,-0.91280
9.5600,0.81533,0.72774,1.00000,1.00000,0.89258,0.35720,-0.09350,-0.91280
9.5770,0.81533,0.72774,1.00000,1.00000,0.89258,0.35720,-0.09350,-0.91280
9.5940,0.81533,0.72774,1.00000,1.00000,0.89258,0.35720,-0.09350,-0.91280
9.6110,0.80828,0.73068,1.00000,1.00000,0.84985,0.34750,-0.11270,-0.88650
9.6280,0.80828,0.73068,1.00000,1.00000,0.84985,0.34750,-0.11270,-0.88650
9.6450,0.80828,0.73068,1.00000,1.00000,0.84985,0.34750,-0.11270,-0.88650
9.6610,0.80441,0.73142,1.00000,1.00000,0.82560,0.34010,-0.08560,-0.89160
9.6780,0.80441,0.73142,1.00000,1.00000,0.82560,0.34010,-0.08560,-0.89160
9.6940,0.80441,0.73142,1.00000,1.00000,0.82560,0.34010,-0.08560,-0.89160
9.7110,0.80441,0.73142,1.00000,1.00000,0.82560,0.34010,-0.08560,-0.89160
9.7280,0.80511,0.73105,1.00000,1.00000,0.81628,0.34310,-0.08540,-0.90380
9.7440,0.80511,0.73105,1.00000,1.00000,0.81628,0.34310,-0.08540,-0.90380
9.7610,0.80511,0.73105,1.00000,1.00000,0.81628,0.34310,-0.08540,-0.90380
9.7780,0.80230,0.73068,1.00000,1.00000,0.79682,0.35870,-0.12050,-0.91160
9.7950,0.79985,0.72920,1.00000,1.00000,0.76432,0.35400,-0.09880,-0.91230
9.8120,0.79985,0.72920,1.00000,1.00000,0.76432,0.35400,-0.09880,-0.91230
9.8280,0.79985,0.72920,1.00000,1.00000,0.76432,0.35400,-0.09880,-0.91230
9.8440,0.79949,0.72846,1.00000,1.00000,0.74354,0.36190,-0.08760,-0.89960
9.8600,0.79949,0.72846,1.00000,1.00000,0.74354,0.36190,-0.08760,-0.89960
9.8770,0.79949,0.72846,1.00000,1.00000,0.74354,0.36190,-0.08760,-0.89960
9.8940,0.79949,0.72846,1.00000,1.00000,0.74354,0.36190,-0.08760,-0.89960
9.9110,0.80654,0.71997,1.00000,1.00000,0.72029,0.34480,-0.10420,-0.91010
9.9280,0.80654,0.71997,1.00000,1.00000,0.72029,0.34480,-0.10420,-0.91010
9.9440,0.80654,0.71997,1.00000,1.00000,0.72029,0.34480,-0.10420,-0.91010
9.9610,0.80584,0.71776,1.00000,1.00000,0.70437,0.35500,-0.10830,-0.89060
9.9770,0.80584,0.71776,1.00000,1.00000,0.70437,0.35500,-0.10830,-0.89060
9.9940,0.80584,0.71776,1.00000,1.00000,0.70437,0.35500,-0.10830,-0.89060
10.0100,0.80584,0.71776,1.00000,1.00000,0.70437,0.35500,-0.10830,-0.89060
10.0260,0.80477,0.71222,1.00000,1.00000,0.68514,0.35650,-0.10130,-0.90210
10.0430,0.80477,0.71222,1.00000,1.00000,0.68514,0.35650,-0.10130,-0.90210
10.0590,0.80477,0.71222,1.00000,1.00000,0.68514,0.35650,-0.10130,-0.90210
10.0760,0.80513,0.71370,1.00000,1.00000,0.67572,0.34600,-0.08050,-0.88130
10.0930,0.80653,0.71370,1.00000,1.00000,0.67122,0.34820,-0.10660,-0.90620
10.1100,0.80653,0.71370,1.00000,1.00000,0.67122,0.34820,-0.10660,-0.90620
10.1270,0.80653,0.71370,1.00000,1.00000,0.67122,0.34820,-0.10660,-0.90620
10.1440,0.81461,0.70333,1.00000,1.00000,0.65890,0.35480,-0.09100,-0.91160
10.1610,0.81461,0.70333,1.00000,1.00000,0.65890,0.35480,-0.09100,-0.91160
10.1770,0.81461,0.70333,1.00000,1.00000,0.65890,0.35480,-0.09100,-0.91160
10.1940,0.81426,0.70406,1.00000,1.00000,0.65684,0.36330,-0.10540,-0.89210
10.2110,0.81144,0.70443,1.00000,1.00000,0.64862,0.35090,-0.10100,-0.92380
10.2270,0.81144,0.70443,1.00000,1.00000,0.64862,0.35090,-0.10100,-0.92380
10.2440,0.81144,0.70443,1.00000,1.00000,0.64862,0.35090,-0.10100,-0.92380
10.2600,0.81181,0.70406,1.00000,1.00000,0.63383,0.34430,-0.09490,-0.89650
10.2770,0.81321,0.70332,1.00000,1.00000,0.63259,0.34210,-0.10300,-0.90060
10.2940,0.81321,0.70332,1.00000,1.00000,0.63259,0.34210,-0.10300,-0.90060
10.3100,0.81321,0.70332,1.00000,1.00000,0.63259,0.34210,-0.10300,-0.90060
10.3270,0.81743,0.69999,1.00000,1.00000,0.62396,0.34230,-0.10930,-0.91010
10.3440,0.81743,0.69999,1.00000,1.00000,0.62396,0.34230,-0.10930,-0.91010
10.3610,0.81743,0.69999,1.00000,1.00000,0.62396,0.34230,-0.10930,-0.91010
10.3780,0.81566,0.70072,1.00000,1.00000,0.61859,0.35600,-0.09350,-0.90430
10.3960,0.81320,0.70034,1.00000,1.00000,0.61034,0.34040,-0.09350,-0.91480
10.4130,0.81320,0.70034,1.00000,1.00000,0.61034,0.34040,-0.09350,-0.91480
10.4290,0.81320,0.70034,1.00000,1.00000,0.61034,0.34040,-0.09350,-0.91480
10.4460,0.81426,0.70258,1.00000,1.00000,0.60252,0.33790,-0.09830,-0.90520
10.4630,0.81426,0.70258,1.00000,1.00000,0.60252,0.33790,-0.09830,-0.90520
10.4800,0.81426,0.70258,1.00000,1.00000,0.60252,0.33790,-0.09830,-0.90520
10.4960,0.80967,0.70035,1.00000,1.00000,0.59508,0.34310,-0.12050,-0.89040
10.5130,0.80896,0.69998,1.00000,1.00000,0.59135,0.34180,-0.10370,-0.90650
10.5300,0.80896,0.69998,1.00000,1.00000,0.59135,0.34180,-0.10370,-0.90650
10.5470,0.80896,0.69998,1.00000,1.00000,0.59135,0.34180,-0.10370,-0.90650
10.5630,0.80579,0.69850,1.00000,1.00000,0.58764,0.33720,-0.09690,-0.91110
10.5790,0.80579,0.69850,1.00000,1.00000,0.58764,0.33720,-0.09690,-0.91110
10.5960,0.80579,0.69850,1.00000,1.00000,0.58764,0.33720,-0.09690,-0.91110
10.6130,0.80579,0.69850,1.00000,1.00000,0.58764,0.33720,-0.09690,-0.91110
10.6290,0.79414,0.69848,1.00000,1.00000,0.56572,0.34010,-0.10370,-0.90910
10.6460,0.79414,0.69848,1.00000,1.00000,0.56572,0.34010,-0.10370,-0.90910
10.6630,0.79414,0.69848,1.00000,1.00000,0.56572,0.34010,-0.10370,-0.90910
10.6800,0.79486,0.69405,1.00000,1.00000,0.56075,0.33550,-0.09100,-0.91450
10.6960,0.79486,0.69405,1.00000,1.00000,0.56075,0.33550,-0.09100,-0.91450
10.7130,0.79486,0.69405,1.00000,1.00000,0.56075,0.33550,-0.09100,-0.91450
10.7300,0.79486,0.69405,1.00000,1.00000,0.56075,0.33550,-0.09100,-0.91450
10.7460,0.78287,0.69479,1.00000,1.00000,0.54874,0.35990,-0.11490,-0.91450
10.7620,0.78287,0.69182,1.00000,1.00000,0.54874,0.36430,-0.11440,-0.91040
10.7790,0.78287,0.69182,1.00000,1.00000,0.54874,0.36430,-0.11440,-0.91040
10.7960,0.78853,0.69257,1.00000,1.00000,0.54667,0.35110,-0.11030,-0.88860
10.8120,0.78429,0.69146,1.00000,1.00000,0.54003,0.34180,-0.11960,-0.88740
10.8290,0.78429,0.69146,1.00000,1.00000,0.54003,0.34180,-0.11960,-0.88740
10.8460,0.78429,0.69146,1.00000,1.00000,0.54003,0.34180,-0.11960,-0.88740
10.8630,0.78640,0.69257,1.00000,1.00000,0.52510,0.35280,-0.09440,-0.88550
10.8800,0.78640,0.69257,1.00000,1.00000,0.52510,0.35280,-0.09440,-0.88550
10.8960,0.78640,0.69257,1.00000,1.00000,0.52510,0.35280,-0.09440,-0.88550
10.9120,0.78640,0.69257,1.00000,1.00000,0.52510,0.35280,-0.09440,-0.88550
10.9290,0.78467,0.68887,1.00000,1.00000,0.51763,0.35430,-0.10220,-0.89430
10.9460,0.78467,0.68887,1.00000,1.00000,0.51763,0.35430,-0.10220,-0.89430
10.9630,0.78467,0.68887,1.00000,1.00000,0.51763,0.35430,-0.10220,-0.89430
10.9790,0.78114,0.69073,1.00000,1.00000,0.50974,0.36010,-0.11440,-0.90480
10.9960,0.78044,0.69110,1.00000,1.00000,0.50683,0.36110,-0.11100,-0.90480
11.0120,0.78044,0.69110,1.00000,1.00000,0.50683,0.36110,-0.11100,-0.90480
11.0290,0.78044,0.69110,1.00000,1.00000,0.50683,0.36110,-0.11100,-0.90480
11.0450,0.78926,0.68740,1.00000,1.00000,0.50102,0.34480,-0.10640,-0.89570
11.0620,0.78926,0.68740,1.00000,1.00000,0.50102,0.34480,-0.10640,-0.89570
11.0780,0.78926,0.68740,1.00000,1.00000,0.50102,0.34480,-0.10640,-0.89570
11.0950,0.78679,0.68814,1.00000,1.00000,0.49563,0.34820,-0.09200,-0.90480
11.1110,0.79279,0.68814,1.00000,1.00000,0.49605,0.34650,-0.08880,-0.91450
11.1270,0.79279,0.68814,1.00000,1.00000,0.49605,0.34650,-0.08880,-0.91450
11.1430,0.79279,0.68814,1.00000,1.00000,0.49605,0.34650,-0.08880,-0.91450
11.1600,0.79597,0.68812,1.00000,1.00000,0.49521,0.35550,-0.09250,-0.90350
11.1760,0.79457,0.68589,1.00000,1.00000,0.49563,0.35770,-0.09710,-0.90650
11.1920,0.79457,0.68589,1.00000,1.00000,0.49563,0.35770,-0.09710,-0.90650
11.2080,0.79457,0.68589,1.00000,1.00000,0.49563,0.35770,-0.09710,-0.90650
11.2240,0.80055,0.68627,1.00000,1.00000,0.49480,0.35450,-0.11490,-0.91500
11.2400,0.80055,0.68627,1.00000,1.00000,0.49480,0.35450,-0.11490,-0.91500
11.2560,0.80055,0.68627,1.00000,1.00000,0.49480,0.35450,-0.11490,-0.91500
11.2730,0.79772,0.68404,1.00000,1.00000,0.49313,0.34750,-0.10250,-0.91060
11.2890,0.80477,0.68404,1.00000,1.00000,0.49271,0.34940,-0.09910,-0.89670
11.3060,0.80477,0.68404,1.00000,1.00000,0.49271,0.34940,-0.09910,-0.89670
11.3220,0.80477,0.68404,1.00000,1.00000,0.49271,0.34940,-0.09910,-0.89670
11.3380,0.80230,0.68553,1.00000,1.00000,0.48772,0.35280,-0.10200,-0.91550
11.3540,0.79947,0.68404,1.00000,1.00000,0.48564,0.34970,-0.10300,-0.90280
11.3700,0.79947,0.68404,1.00000,1.00000,0.48564,0.34970,-0.10300,-0.90280
11.3860,0.79947,0.68404,1.00000,1.00000,0.48564,0.34970,-0.10300,-0.90280
11.4030,0.79244,0.68478,1.00000,1.00000,0.47897,0.35260,-0.11150,-0.89670
11.4190,0.79244,0.68478,1.00000,1.00000,0.47897,0.35260,-0.11150,-0.89670
11.4360,0.79244,0.68478,1.00000,1.00000,0.47897,0.35260,-0.11150,-0.89670
11.4530,0.79031,0.68183,1.00000,1.00000,0.47814,0.35160,-0.09830,-0.90300
11.4700,0.79031,0.68183,1.00000,1.00000,0.47814,0.35160,-0.09830,-0.90300
11.4860,0.79031,0.68183,1.00000,1.00000,0.47814,0.35160,-0.09830,-0.90300
11.5030,0.79031,0.68183,1.00000,1.00000,0.47814,0.35160,-0.09830,-0.90300
11.5190,0.78854,0.68220,1.00000,1.00000,0.47856,0.34570,-0.08340,-0.90820
11.5360,0.78854,0.68220,1.00000,1.00000,0.47856,0.34570,-0.08340,-0.90820
11.5530,0.78854,0.68220,1.00000,1.00000,0.47856,0.34570,-0.08340,-0.90820
11.5700,0.78854,0.68220,1.00000,1.00000,0.47856,0.34570,-0.08340,-0.90820
11.5870,0.77726,0.68665,1.00000,1.00000,0.47314,0.34770,-0.10000,-0.90130
11.6040,0.77867,0.69256,1.00000,1.00000,0.46771,0.33750,-0.10030,-0.88990
11.6200,0.77867,0.69256,1.00000,1.00000,0.46771,0.33750,-0.10030,-0.88990
11.6370,0.77620,0.69479,1.00000,1.00000,0.46521,0.34160,-0.08930,-0.89740
11.6540,0.77620,0.69479,1.00000,1.00000,0.46521,0.34160,-0.08930,-0.89740
11.6700,0.77620,0.69479,1.00000,1.00000,0.46521,0.34160,-0.08930,-0.89740
11.6860,0.77620,0.69479,1.00000,1.00000,0.46521,0.34160,-0.08930,-0.89740
11.7030,0.77124,0.69589,1.00000,1.00000,0.45894,0.34450,-0.09130,-0.91450
11.7200,0.77124,0.69589,1.00000,1.00000,0.45894,0.34450,-0.09130,-0.91450
11.7370,0.77124,0.69589,1.00000,1.00000,0.45894,0.34450,-0.09130,-0.91450
11.7530,0.77124,0.69589,1.00000,1.00000,0.45894,0.34450,-0.09130,-0.91450
11.7710,0.77655,0.69588,1.00000,1.00000,0.45935,0.36670,-0.11420,-0.90820
11.7870,0.77655,0.69588,1.00000,1.00000,0.45935,0.36670,-0.11420,-0.90820
11.8040,0.77655,0.69588,1.00000,1.00000,0.45935,0.36670,-0.11420,-0.90820
11.8210,0.77759,0.69403,1.00000,1.00000,0.46019,0.35600,-0.10960,-0.91090
11.8380,0.77759,0.69403,1.00000,1.00000,0.46019,0.35600,-0.10960,-0.91090
11.8540,0.77759,0.69403,1.00000,1.00000,0.46019,0.35600,-0.10960,-0.91090
11.8710,0.77759,0.69403,1.00000,1.00000,0.46019,0.35600,-0.10960,-0.91090
11.8880,0.77581,0.68959,1.00000,1.00000,0.46395,0.34790,-0.11420,-0.90690
11.9040,0.77581,0.68959,1.00000,1.00000,0.46395,0.34790,-0.11420,-0.90690
11.9210,0.77581,0.68959,1.00000,1.00000,0.46395,0.34790,-0.11420,-0.90690
11.9370,0.77758,0.68737,1.00000,1.00000,0.46436,0.34210,-0.09440,-0.90720
11.9530,0.78253,0.68551,1.00000,1.00000,0.46645,0.33960,-0.08420,-0.89770
11.9690,0.78253,0.68551,1.00000,1.00000,0.46645,0.33960,-0.08420,-0.89770
11.9850,0.78253,0.68551,1.00000,1.00000,0.46645,0.33960,-0.08420,-0.89770
12.0020,0.79276,0.68033,1.00000,1.00000,0.47188,0.36260,-0.10490,-0.90890
12.0180,0.79276,0.68033,1.00000,1.00000,0.47188,0.36260,-0.10490,-0.90890
12.0340,0.79276,0.68033,1.00000,1.00000,0.47188,0.36260,-0.10490,-0.90890
12.0510,0.79276,0.68033,1.00000,1.00000,0.47188,0.36260,-0.10490,-0.90890
12.0680,0.79134,0.67922,1.00000,1.00000,0.47104,0.35400,-0.11610,-0.90380
12.0850,0.79134,0.67922,1.00000,1.00000,0.47104,0.35400,-0.11610,-0.90380
12.1020,0.79134,0.67922,1.00000,1.00000,0.47104,0.35400,-0.11610,-0.90380
12.1200,0.78961,0.68478,1.00000,1.00000,0.46562,0.34210,-0.09640,-0.89330
12.1370,0.78926,0.68404,1.00000,1.00000,0.46521,0.34500,-0.10590,-0.89280
12.1530,0.78926,0.68404,1.00000,1.00000,0.46521,0.34500,-0.10590,-0.89280
12.1700,0.78926,0.68404,1.00000,1.00000,0.46521,0.34500,-0.10590,-0.89280
12.1870,0.78928,0.68107,1.00000,1.00000,0.46396,0.34650,-0.08590,-0.89770
12.2030,0.78928,0.68107,1.00000,1.00000,0.46396,0.34650,-0.08590,-0.89770
12.2190,0.78928,0.68107,1.00000,1.00000,0.46396,0.34650,-0.08590,-0.89770
12.2360,0.78858,0.68033,1.00000,1.00000,0.46187,0.34790,-0.09740,-0.89910
12.2530,0.78858,0.68033,1.00000,1.00000,0.46187,0.34790,-0.09740,-0.89910
12.2700,0.78858,0.68033,1.00000,1.00000,0.46187,0.34790,-0.09740,-0.89910
12.2870,0.78858,0.68033,1.00000,1.00000,0.46187,0.34790,-0.09740,-0.89910
12.3040,0.78645,0.67995,1.00000,1.00000,0.46228,0.35110,-0.10980,-0.90480
12.3200,0.78645,0.67995,1.00000,1.00000,0.46228,0.35110,-0.10980,-0.90480
12.3360,0.78645,0.67995,1.00000,1.00000,0.46228,0.35110,-0.10980,-0.90480
12.3520,0.78715,0.67884,1.00000,1.00000,0.46103,0.35260,-0.10880,-0.90650
12.3680,0.77974,0.67550,1.00000,1.00000,0.45644,0.35400,-0.09640,-0.90620
12.3840,0.78114,0.66659,1.00000,0.96580,0.45059,0.34530,-0.10390,-0.89740
12.4000,0.78114,0.66659,1.00000,0.96580,0.45059,0.34530,-0.10390,-0.89740
12.4160,0.78432,0.66399,1.00000,0.97721,0.45059,0.34360,-0.10270,-0.89570
12.4320,0.78432,0.66399,1.00000,0.97721,0.45059,0.34360,-0.10270,-0.89570
12.4480,0.78432,0.66399,1.00000,0.97721,0.45059,0.34360,-0.10270,-0.89570
12.4640,0.78432,0.66399,1.00000,0.97721,0.45059,0.34360,-0.10270,-0.89570
12.4800,0.78007,0.66585,1.00000,0.96005,0.44683,0.34180,-0.08490,-0.90040
12.4960,0.78218,0.66660,1.00000,0.94964,0.44892,0.34010,-0.08250,-0.90550
12.5120,0.78218,0.66660,1.00000,0.94964,0.44892,0.34010,-0.08250,-0.90550
12.5280,0.78218,0.66660,1.00000,0.94964,0.44892,0.34010,-0.08250,-0.90550
12.5450,0.78431,0.66660,1.00000,0.95307,0.44725,0.35890,-0.11690,-0.90080
12.5620,0.78431,0.66660,1.00000,0.95307,0.44725,0.35890,-0.11690,-0.90080
12.5790,0.78431,0.66660,1.00000,0.95307,0.44725,0.35890,-0.11690,-0.90080
12.5960,0.78114,0.66511,1.00000,0.95879,0.44474,0.35210,-0.10370,-0.89890
12.6130,0.77865,0.66511,1.00000,0.95993,0.44432,0.35090,-0.08200,-0.89650
12.6300,0.77865,0.66511,1.00000,0.95993,0.44432,0.35090,-0.08200,-0.89650
12.6470,0.77865,0.66511,1.00000,0.95993,0.44432,0.35090,-0.08200,-0.89650
12.6640,0.78008,0.66660,1.00000,0.96109,0.44265,0.36060,-0.10760,-0.89690
12.6810,0.78008,0.66660,1.00000,0.96109,0.44265,0.36060,-0.10760,-0.89690
12.6990,0.78008,0.66660,1.00000,0.96109,0.44265,0.36060,-0.10760,-0.89690
12.7150,0.77938,0.66958,1.00000,0.96912,0.44306,0.36110,-0.12150,-0.89790
12.7320,0.77302,0.66846,1.00000,0.95535,0.44307,0.34700,-0.10930,-0.89670
12.7480,0.77302,0.66846,1.00000,0.95535,0.44307,0.34700,-0.10930,-0.89670
12.7650,0.77302,0.66846,1.00000,0.95535,0.44307,0.34700,-0.10930,-0.89670
12.7820,0.77197,0.66957,1.00000,0.97706,0.43931,0.35060,-0.08150,-0.89690
12.7990,0.77197,0.66957,1.00000,0.97706,0.43931,0.35060,-0.08150,-0.89690
12.8160,0.77197,0.66957,1.00000,0.97706,0.43931,0.35060,-0.08150,-0.89690
12.8320,0.77197,0.66957,1.00000,0.97706,0.43931,0.35060,-0.08150,-0.89690
12.8480,0.77197,0.66697,1.00000,0.97806,0.44056,0.35750,-0.11470,-0.90480
12.8640,0.77197,0.66697,1.00000,0.97806,0.44056,0.35750,-0.11470,-0.90480
12.8810,0.77197,0.66697,1.00000,0.97806,0.44056,0.35750,-0.11470,-0.90480
12.8980,0.78010,0.66660,1.00000,0.96550,0.44390,0.34940,-0.11860,-0.90840
12.9160,0.77975,0.66585,1.00000,0.96321,0.44473,0.35110,-0.12050,-0.90550
12.9320,0.77975,0.66585,1.00000,0.96321,0.44473,0.35110,-0.12050,-0.90550
12.9480,0.77975,0.66585,1.00000,0.96321,0.44473,0.35110,-0.12050,-0.90550
12.9640,0.77762,0.66731,1.00000,0.97254,0.44473,0.35040,-0.10490,-0.91620
12.9800,0.77762,0.66731,1.00000,0.97254,0.44473,0.35040,-0.10490,-0.91620
12.9960,0.77762,0.66731,1.00000,0.97254,0.44473,0.35040,-0.10490,-0.91620
13.0130,0.77762,0.66731,1.00000,0.97254,0.44473,0.35040,-0.10490,-0.91620
13.0290,0.77232,0.66285,1.00000,0.98989,0.44223,0.35330,-0.06950,-0.90430
13.0450,0.77232,0.66285,1.00000,0.98989,0.44223,0.35330,-0.06950,-0.90430
13.0620,0.77232,0.66285,1.00000,0.98989,0.44223,0.35330,-0.06950,-0.90430
13.0790,0.77019,0.66136,1.00000,0.99561,0.44181,0.35530,-0.11790,-0.89870
13.0960,0.77090,0.65988,1.00000,0.98878,0.44181,0.36230,-0.13520,-0.90080
13.1130,0.77090,0.65988,1.00000,0.98878,0.44181,0.36230,-0.13520,-0.90080
13.1290,0.77090,0.65988,1.00000,0.98878,0.44181,0.36230,-0.13520,-0.90080
13.1460,0.76594,0.66099,1.00000,0.97855,0.44056,0.35840,-0.09030,-0.89690
13.1620,0.76594,0.66099,1.00000,0.97855,0.44056,0.35840,-0.09030,-0.89690
13.1790,0.76594,0.66099,1.00000,0.97855,0.44056,0.35840,-0.09030,-0.89690
13.1960,0.76418,0.66099,1.00000,0.97969,0.43847,0.35530,-0.10980,-0.90060
13.2130,0.76064,0.66285,1.00000,0.97969,0.43597,0.36060,-0.11760,-0.89990
13.2300,0.76064,0.66285,1.00000,0.97969,0.43597,0.36060,-0.11760,-0.89990
13.2470,0.76064,0.66285,1.00000,0.97969,0.43597,0.36060,-0.11760,-0.89990
13.2640,0.75712,0.66213,1.00000,0.99006,0.43387,0.35670,-0.10710,-0.91040
13.2800,0.75712,0.66213,1.00000,0.99006,0.43387,0.35670,-0.10710,-0.91040
13.2960,0.75712,0.66213,1.00000,0.99006,0.43387,0.35670,-0.10710,-0.91040
13.3120,0.75712,0.66213,1.00000,0.99006,0.43387,0.35670,-0.10710,-0.91040
13.3280,0.76490,0.66250,1.00000,0.98090,0.43387,0.35140,-0.08150,-0.91350
13.3440,0.76490,0.66250,1.00000,0.98090,0.43387,0.35140,-0.08150,-0.91350
13.3610,0.76490,0.66250,1.00000,0.98090,0.43387,0.35140,-0.08150,-0.91350
13.3780,0.76277,0.65916,1.00000,0.95786,0.43513,0.36190,-0.10710,-0.90180
13.3940,0.75958,0.66102,1.00000,0.95329,0.43387,0.35500,-0.09860,-0.90280
13.4110,0.75958,0.66102,1.00000,0.95329,0.43387,0.35500,-0.09860,-0.90280
13.4280,0.75958,0.66102,1.00000,0.95329,0.43387,0.35500,-0.09860,-0.90280
13.4460,0.75641,0.66065,1.00000,0.95778,0.42759,0.35310,-0.09420,-0.90080
13.4630,0.75641,0.66065,1.00000,0.95778,0.42759,0.35310,-0.09420,-0.90080
13.4800,0.75641,0.66065,1.00000,0.95778,0.42759,0.35310,-0.09420,-0.90080
13.4970,0.76031,0.65768,1.00000,0.95205,0.43010,0.35650,-0.09470,-0.90130
13.5140,0.76031,0.65768,1.00000,0.95205,0.43010,0.35650,-0.09470,-0.90130
13.5310,0.76031,0.65768,1.00000,0.95205,0.43010,0.35650,-0.09470,-0.90130
13.5470,0.76031,0.65768,1.00000,0.95205,0.43010,0.35650,-0.09470,-0.90130
13.5640,0.76421,0.65768,1.00000,0.93588,0.42969,0.35140,-0.09590,-0.90260
13.5800,0.76774,0.65806,1.00000,0.92430,0.43094,0.36820,-0.08910,-0.89620
13.5960,0.76774,0.65806,1.00000,0.92430,0.43094,0.36820,-0.08910,-0.89620
13.6140,0.76739,0.65470,1.00000,0.92545,0.43178,0.35970,-0.06980,-0.90890
13.6310,0.76492,0.65247,1.00000,0.92203,0.43345,0.35360,-0.11540,-0.90520
13.6470,0.76492,0.65247,1.00000,0.92203,0.43345,0.35360,-0.11540,-0.90520
13.6630,0.76492,0.65247,1.00000,0.92203,0.43345,0.35360,-0.11540,-0.90520
13.6790,0.76491,0.65247,1.00000,0.93712,0.43260,0.34750,-0.10390,-0.89870
13.6950,0.77410,0.64875,1.00000,0.94292,0.43553,0.34600,-0.09760,-0.89890
13.7110,0.77410,0.64875,1.00000,0.94292,0.43553,0.34600,-0.09760,-0.89890
13.7280,0.77410,0.64875,1.00000,0.94292,0.43553,0.34600,-0.09760,-0.89890
13.7450,0.77268,0.64726,1.00000,0.93491,0.43720,0.35400,-0.08830,-0.89910
13.7620,0.77268,0.64726,1.00000,0.93491,0.43720,0.35400,-0.08830,-0.89910
13.7780,0.77268,0.64726,1.00000,0.93491,0.43720,0.35400,-0.08830,-0.89910
13.7950,0.77339,0.64651,1.00000,0.93491,0.43720,0.36040,-0.09830,-0.90110
13.8110,0.77339,0.64651,1.00000,0.93491,0.43720,0.36040,-0.09830,-0.90110
13.8270,0.77339,0.64651,1.00000,0.93491,0.43720,0.36040,-0.09830,-0.90110
13.8430,0.77339,0.64651,1.00000,0.93491,0.43720,0.36040,-0.09830,-0.90110
13.8590,0.77021,0.64129,1.00000,0.94073,0.43636,0.33920,-0.09710,-0.88860
13.8760,0.77092,0.63720,1.00000,0.92465,0.43678,0.35110,-0.10390,-0.89960
13.8930,0.77092,0.63720,1.00000,0.92465,0.43678,0.35110,-0.10390,-0.89960
13.9090,0.77092,0.63720,1.00000,0.92465,0.43678,0.35110,-0.10390,-0.89960
13.9260,0.76632,0.64278,1.00000,0.92351,0.43135,0.34750,-0.08340,-0.91230
13.9430,0.76632,0.64278,1.00000,0.92351,0.43135,0.34750,-0.08340,-0.91230
13.9600,0.76632,0.64278,1.00000,0.92351,0.43135,0.34750,-0.08340,-0.91230
13.9780,0.76950,0.64054,1.00000,0.91309,0.43010,0.35600,-0.08860,-0.90600
13.9950,0.76031,0.64129,1.00000,0.93154,0.42842,0.35110,-0.11030,-0.90890
14.0120,0.76031,0.64129,1.00000,0.93154,0.42842,0.35110,-0.11030,-0.90890
14.0290,0.76031,0.64129,1.00000,0.93154,0.42842,0.35110,-0.11030,-0.90890
14.0460,0.75997,0.64129,1.00000,0.92810,0.43010,0.35970,-0.10150,-0.89160
14.0630,0.75997,0.64129,1.00000,0.92810,0.43010,0.35970,-0.10150,-0.89160
14.0800,0.75997,0.64129,1.00000,0.92810,0.43010,0.35970,-0.10150,-0.89160
14.0970,0.76102,0.64204,1.00000,0.93617,0.42885,0.34400,-0.09000,-0.90870
14.1140,0.76279,0.64167,1.00000,0.94074,0.42634,0.35670,-0.11590,-0.90300
14.1300,0.76279,0.64167,1.00000,0.94074,0.42634,0.35670,-0.11590,-0.90300
14.1460,0.76279,0.64167,1.00000,0.94074,0.42634,0.35670,-0.11590,-0.90300
14.1620,0.76031,0.64279,1.00000,0.95793,0.42634,0.35110,-0.10590,-0.88280
14.1790,0.76031,0.64279,1.00000,0.95793,0.42634,0.35110,-0.10590,-0.88280
14.1960,0.76031,0.64279,1.00000,0.95793,0.42634,0.35110,-0.10590,-0.88280
14.2120,0.76031,0.64279,1.00000,0.95793,0.42634,0.35110,-0.10590,-0.88280
14.2280,0.76101,0.64130,1.00000,0.95325,0.42550,0.36140,-0.10540,-0.89040
14.2450,0.76101,0.64130,1.00000,0.95325,0.42550,0.36140,-0.10540,-0.89040
14.2630,0.76101,0.64130,1.00000,0.95325,0.42550,0.36140,-0.10540,-0.89040
14.2800,0.76278,0.63870,1.00000,0.95210,0.42130,0.34380,-0.09760,-0.89940
14.2960,0.75889,0.63758,1.00000,0.94295,0.41790,0.34870,-0.11130,-0.89870
14.3120,0.75889,0.63758,1.00000,0.94295,0.41790,0.34870,-0.11130,-0.89870
14.3280,0.75889,0.63758,1.00000,0.94295,0.41790,0.34870,-0.11130,-0.89870
14.3440,0.75321,0.64386,1.00000,0.94983,0.41498,0.34400,-0.08810,-0.90690
14.3610,0.75321,0.64386,1.00000,0.94983,0.41498,0.34400,-0.08810,-0.90690
14.3770,0.75321,0.64386,1.00000,0.94983,0.41498,0.34400,-0.08810,-0.90690
14.3930,0.75251,0.64124,1.00000,0.96376,0.41540,0.34530,-0.09200,-0.90870
14.4090,0.75251,0.64124,1.00000,0.96376,0.41540,0.34530,-0.09200,-0.90870
14.4250,0.75251,0.64124,1.00000,0.96376,0.41540,0.34530,-0.09200,-0.90870
14.4410,0.75251,0.64124,1.00000,0.96376,0.41540,0.34530,-0.09200,-0.90870
14.4570,0.74685,0.64347,1.00000,0.95803,0.41582,0.34820,-0.09560,-0.90450
14.4740,0.73942,0.64421,1.00000,0.96604,0.40741,0.34890,-0.09660,-0.90520
14.4910,0.73942,0.64421,1.00000,0.96604,0.40741,0.34890,-0.09660,-0.90520
14.5080,0.73942,0.64421,1.00000,0.96604,0.40741,0.34890,-0.09660,-0.90520
14.5240,0.73694,0.64197,1.00000,0.96032,0.40994,0.34570,-0.10570,-0.90720
14.5400,0.73694,0.64197,1.00000,0.96032,0.40994,0.34570,-0.10570,-0.90720
14.5570,0.73694,0.64197,1.00000,0.96032,0.40994,0.34570,-0.10570,-0.90720
14.5740,0.73694,0.64197,1.00000,0.96032,0.40994,0.34570,-0.10570,-0.90720
14.5910,0.73621,0.64159,1.00000,0.93950,0.41250,0.33890,-0.09000,-0.90260
14.6080,0.73621,0.64159,1.00000,0.93950,0.41250,0.33890,-0.09000,-0.90260
14.6250,0.73621,0.64159,1.00000,0.93950,0.41250,0.33890,-0.09000,-0.90260
14.6410,0.73585,0.64047,1.00000,0.94179,0.41083,0.33550,-0.09830,-0.89990
14.6580,0.73585,0.64047,1.00000,0.94179,0.41083,0.33550,-0.09830,-0.89990
14.6740,0.73585,0.64047,1.00000,0.94179,0.41083,0.33550,-0.09830,-0.89990
14.6900,0.73585,0.64047,1.00000,0.94179,0.41083,0.33550,-0.09830,-0.89990
14.7060,0.74011,0.63344,1.00000,0.93703,0.40451,0.34870,-0.10710,-0.90940
14.7220,0.73976,0.63344,1.00000,0.93236,0.40788,0.35230,-0.10860,-0.90870
14.7380,0.73976,0.63344,1.00000,0.93236,0.40788,0.35230,-0.10860,-0.90870
14.7540,0.74117,0.63419,1.00000,0.91861,0.40956,0.35750,-0.10370,-0.89840
14.7710,0.74400,0.63195,1.00000,0.91632,0.41082,0.35280,-0.10300,-0.88910
14.7870,0.74400,0.63195,1.00000,0.91632,0.41082,0.35280,-0.10300,-0.88910
14.8030,0.74400,0.63195,1.00000,0.91632,0.41082,0.35280,-0.10300,-0.88910
14.8190,0.73941,0.63270,1.00000,0.93122,0.40661,0.34380,-0.07930,-0.90550
14.8360,0.73906,0.63419,1.00000,0.92889,0.40577,0.33670,-0.06860,-0.90300
14.8530,0.73906,0.63419,1.00000,0.92889,0.40577,0.33670,-0.06860,-0.90300
14.8700,0.73906,0.63419,1.00000,0.92889,0.40577,0.33670,-0.06860,-0.90300
14.8870,0.74366,0.63493,1.00000,0.93349,0.40661,0.35480,-0.11740,-0.90940
14.9040,0.74366,0.63493,1.00000,0.93349,0.40661,0.35480,-0.11740,-0.90940
14.9200,0.74366,0.63493,1.00000,0.93349,0.40661,0.35480,-0.11740,-0.90940
14.9370,0.74083,0.63232,1.00000,0.92087,0.40828,0.34970,-0.09200,-0.91570
14.9540,0.74260,0.63307,1.00000,0.92080,0.41041,0.35600,-0.11440,-0.90060
14.9720,0.74260,0.63307,1.00000,0.92080,0.41041,0.35600,-0.11440,-0.90060
14.9880,0.74260,0.63307,1.00000,0.92080,0.41041,0.35600,-0.11440,-0.90060
15.0040,0.74578,0.62823,1.00000,0.90821,0.40873,0.35550,-0.08470,-0.91480
15.0200,0.74578,0.62823,1.00000,0.90821,0.40873,0.35550,-0.08470,-0.91480
15.0370,0.74578,0.62823,1.00000,0.90821,0.40873,0.35550,-0.08470,-0.91480
15.0540,0.74578,0.62823,1.00000,0.90821,0.40873,0.35550,-0.08470,-0.91480
15.0700,0.73694,0.62637,1.00000,0.91160,0.40536,0.36090,-0.10570,-0.90690
15.0860,0.73694,0.62637,1.00000,0.91160,0.40536,0.36090,-0.10570,-0.90690
15.1030,0.73694,0.62637,1.00000,0.91160,0.40536,0.36090,-0.10570,-0.90690
15.1200,0.74189,0.62525,1.00000,0.89673,0.40787,0.35110,-0.10130,-0.88890
15.1360,0.74189,0.62525,1.00000,0.89673,0.40787,0.35110,-0.10130,-0.88890
15.1520,0.74189,0.62525,1.00000,0.89673,0.40787,0.35110,-0.10130,-0.88890
15.1680,0.74189,0.62525,1.00000,0.89673,0.40787,0.35110,-0.10130,-0.88890
15.1840,0.73058,0.62040,1.00000,0.92103,0.40243,0.34260,-0.07050,-0.89550
15.2010,0.73058,0.62040,1.00000,0.92103,0.40243,0.34260,-0.07050,-0.89550
15.2170,0.73058,0.62040,1.00000,0.92103,0.40243,0.34260,-0.07050,-0.89550
15.2330,0.73130,0.61928,1.00000,0.93019,0.39992,0.34570,-0.10930,-0.88960
15.2500,0.72669,0.61853,1.00000,0.93133,0.40201,0.35230,-0.11390,-0.89840
15.2670,0.72669,0.61853,1.00000,0.93133,0.40201,0.35230,-0.11390,-0.89840
15.2840,0.72669,0.61853,1.00000,0.93133,0.40201,0.35230,-0.11390,-0.89840
15.3010,0.72210,0.61741,1.00000,0.94173,0.39822,0.34750,-0.10780,-0.90990
15.3180,0.72634,0.61666,1.00000,0.96492,0.40201,0.34890,-0.09610,-0.91090
15.3350,0.72634,0.61666,1.00000,0.96492,0.40201,0.34890,-0.09610,-0.91090
15.3510,0.72634,0.61666,1.00000,0.96492,0.40201,0.34890,-0.09610,-0.91090
15.3670,0.72491,0.61367,1.00000,0.96721,0.40075,0.35920,-0.11570,-0.90400
15.3830,0.72491,0.61367,1.00000,0.96721,0.40075,0.35920,-0.11570,-0.90400
15.3990,0.72491,0.61367,1.00000,0.96721,0.40075,0.35920,-0.11570,-0.90400
15.4150,0.72136,0.61629,1.00000,0.97301,0.39992,0.34480,-0.11050,-0.91160
15.4320,0.71958,0.61367,1.00000,0.98330,0.39191,0.34380,-0.09830,-0.89160
15.4480,0.71958,0.61367,1.00000,0.98330,0.39191,0.34380,-0.09830,-0.89160
15.4650,0.71958,0.61367,1.00000,0.98330,0.39191,0.34380,-0.09830,-0.89160
15.4810,0.72205,0.61291,1.00000,0.97987,0.39317,0.34770,-0.10080,-0.89500
15.4980,0.72205,0.61291,1.00000,0.97987,0.39317,0.34770,-0.10080,-0.89500
15.5150,0.72205,0.61291,1.00000,0.97987,0.39317,0.34770,-0.10080,-0.89500
15.5340,0.72772,0.60693,1.00000,0.98103,0.39610,0.35110,-0.11370,-0.90990
15.5510,0.73338,0.60505,1.00000,0.96592,0.39189,0.34400,-0.08710,-0.90570
15.5680,0.73338,0.60505,1.00000,0.96592,0.39189,0.34400,-0.08710,-0.90570
15.5860,0.73338,0.60505,1.00000,0.96592,0.39189,0.34400,-0.08710,-0.90570
15.6020,0.73195,0.60281,1.00000,0.97049,0.39022,0.35010,-0.09350,-0.90670
15.6190,0.73195,0.60281,1.00000,0.97049,0.39022,0.35010,-0.09350,-0.90670
15.6360,0.73195,0.60281,1.00000,0.97049,0.39022,0.35010,-0.09350,-0.90670
15.6530,0.73195,0.60281,1.00000,0.97049,0.39022,0.35010,-0.09350,-0.90670
15.6700,0.73621,0.59570,1.00000,0.94389,0.39316,0.35210,-0.09540,-0.91940
15.6870,0.73621,0.59570,1.00000,0.94389,0.39316,0.35210,-0.09540,-0.91940
15.7030,0.73621,0.59570,1.00000,0.94389,0.39316,0.35210,-0.09540,-0.91940
15.7190,0.74189,0.59384,1.00000,0.94044,0.39485,0.35890,-0.09660,-0.91260
15.7360,0.73977,0.59384,1.00000,0.94159,0.39276,0.35500,-0.10350,-0.91400
15.7520,0.73977,0.59384,1.00000,0.94159,0.39276,0.35500,-0.10350,-0.91400
15.7680,0.73977,0.59384,1.00000,0.94159,0.39276,0.35500,-0.10350,-0.91400
15.7840,0.74047,0.59197,1.00000,0.93810,0.39571,0.34890,-0.10640,-0.92040
15.8020,0.74047,0.59197,1.00000,0.93810,0.39571,0.34890,-0.10640,-0.92040
15.8180,0.74047,0.59197,1.00000,0.93810,0.39571,0.34890,-0.10640,-0.92040
15.8350,0.74366,0.59084,1.00000,0.92893,0.39487,0.34360,-0.09860,-0.90890
15.8520,0.74294,0.58935,1.00000,0.93349,0.39950,0.33140,-0.09130,-0.89670
15.8680,0.73940,0.59010,1.00000,0.93468,0.40288,0.33450,-0.09150,-0.89400
15.8850,0.73940,0.59010,1.00000,0.93468,0.40288,0.33450,-0.09150,-0.89400
15.9020,0.73478,0.59045,1.00000,0.92896,0.40497,0.34990,-0.10470,-0.90260
15.9190,0.73478,0.59045,1.00000,0.92896,0.40497,0.34990,-0.10470,-0.90260
15.9360,0.73478,0.59045,1.00000,0.92896,0.40497,0.34990,-0.10470,-0.90260
15.9530,0.73478,0.59045,1.00000,0.92896,0.40497,0.34990,-0.10470,-0.90260
15.9690,0.73231,0.59156,1.00000,0.93130,0.40327,0.34010,-0.12080,-0.88860
15.9860,0.73231,0.59156,1.00000,0.93130,0.40327,0.34010,-0.12080,-0.88860
16.0020,0.73231,0.59156,1.00000,0.93130,0.40327,0.34010,-0.12080,-0.88860
16.0180,0.73655,0.59155,1.00000,0.93359,0.40788,0.33940,-0.10660,-0.89620
16.0340,0.73655,0.59155,1.00000,0.93359,0.40788,0.33940,-0.10660,-0.89620
16.0500,0.73655,0.59155,1.00000,0.93359,0.40788,0.33940,-0.10660,-0.89620
16.0670,0.73655,0.59155,1.00000,0.93359,0.40788,0.33940,-0.10660,-0.89620
16.0830,0.72595,0.59268,1.00000,0.94730,0.40621,0.34260,-0.07200,-0.90910
16.1010,0.72595,0.59268,1.00000,0.94730,0.40621,0.34260,-0.07200,-0.90910
16.1170,0.72595,0.59268,1.00000,0.94730,0.40621,0.34260,-0.07200,-0.90910
16.1340,0.72737,0.59156,1.00000,0.94273,0.40663,0.36040,-0.09660,-0.91720
16.1500,0.73057,0.58670,1.00000,0.93700,0.40957,0.36040,-0.10390,-0.92430
16.1660,0.73057,0.58670,1.00000,0.93700,0.40957,0.36040,-0.10390,-0.92430
16.1830,0.73057,0.58670,1.00000,0.93700,0.40957,0.36040,-0.10390,-0.92430
16.2010,0.73769,0.58745,1.00000,0.94846,0.40914,0.33890,-0.07220,-0.90790
16.2170,0.73769,0.58745,1.00000,0.94846,0.40914,0.33890,-0.07220,-0.90790
16.2340,0.73769,0.58745,1.00000,0.94846,0.40914,0.33890,-0.07220,-0.90790
16.2500,0.73769,0.58745,1.00000,0.94846,0.40914,0.33890,-0.07220,-0.90790
16.2670,0.73769,0.58746,1.00000,0.95190,0.40958,0.34870,-0.11000,-0.90740
16.2830,0.73769,0.58746,1.00000,0.95190,0.40958,0.34870,-0.11000,-0.90740
16.3000,0.73769,0.58746,1.00000,0.95190,0.40958,0.34870,-0.11000,-0.90740
16.3170,0.73344,0.58410,1.00000,0.94953,0.41335,0.32450,-0.09860,-0.91990
16.3340,0.73096,0.58635,1.00000,0.94953,0.41168,0.34160,-0.10570,-0.89790
16.3510,0.73096,0.58635,1.00000,0.94953,0.41168,0.34160,-0.10570,-0.89790
16.3670,0.73096,0.58635,1.00000,0.94953,0.41168,0.34160,-0.10570,-0.89790
16.3830,0.72491,0.59046,1.00000,0.94837,0.40538,0.33330,-0.08690,-0.90300
16.4000,0.72597,0.58971,1.00000,0.95305,0.40496,0.33430,-0.07490,-0.90570
16.4170,0.72597,0.58971,1.00000,0.95305,0.40496,0.33430,-0.07490,-0.90570
16.4330,0.72384,0.59121,1.00000,0.95533,0.40454,0.33600,-0.09520,-0.90790
16.4500,0.72384,0.59121,1.00000,0.95533,0.40454,0.33600,-0.09520,-0.90790
16.4660,0.72384,0.59121,1.00000,0.95533,0.40454,0.33600,-0.09520,-0.90790
16.4830,0.72384,0.59121,1.00000,0.95533,0.40454,0.33600,-0.09520,-0.90790
16.5000,0.72313,0.59010,1.00000,0.95185,0.39401,0.34180,-0.09780,-0.90040
16.5170,0.72985,0.58898,1.00000,0.95070,0.39105,0.33380,-0.11810,-0.88620
16.5330,0.72985,0.58898,1.00000,0.95070,0.39105,0.33380,-0.11810,-0.88620
16.5500,0.72985,0.58898,1.00000,0.95070,0.39105,0.33380,-0.11810,-0.88620
16.5660,0.72525,0.58747,1.00000,0.95527,0.39063,0.33530,-0.09350,-0.90080
16.5830,0.72525,0.58747,1.00000,0.95527,0.39063,0.33530,-0.09350,-0.90080
16.5990,0.72525,0.58747,1.00000,0.95527,0.39063,0.33530,-0.09350,-0.90080
16.6160,0.73163,0.58747,1.00000,0.95994,0.38896,0.34230,-0.09880,-0.91230
16.6330,0.73092,0.59159,1.00000,0.95426,0.38307,0.34500,-0.11910,-0.91650
16.6500,0.73092,0.59159,1.00000,0.95426,0.38307,0.34500,-0.11910,-0.91650
16.6660,0.73092,0.59159,1.00000,0.95426,0.38307,0.34500,-0.11910,-0.91650
16.6820,0.73519,0.58747,1.00000,0.96226,0.38432,0.33620,-0.06780,-0.93040
16.6990,0.73519,0.58747,1.00000,0.96226,0.38432,0.33620,-0.06780,-0.93040
16.7160,0.73519,0.58747,1.00000,0.96226,0.38432,0.33620,-0.06780,-0.93040
16.7320,0.73519,0.58747,1.00000,0.96226,0.38432,0.33620,-0.06780,-0.93040
16.7480,0.73447,0.58560,1.00000,0.96812,0.39568,0.34670,-0.10640,-0.91090
16.7650,0.73447,0.58560,1.00000,0.96812,0.39568,0.34670,-0.10640,-0.91090
16.7810,0.73447,0.58560,1.00000,0.96812,0.39568,0.34670,-0.10640,-0.91090
16.7970,0.72666,0.58859,1.00000,0.96470,0.39233,0.34890,-0.10370,-0.91230
16.8140,0.72064,0.59047,1.00000,0.97496,0.38981,0.35480,-0.11520,-0.90890
16.8300,0.72064,0.59047,1.00000,0.97496,0.38981,0.35480,-0.11520,-0.90890
16.8470,0.72064,0.59047,1.00000,0.97496,0.38981,0.35480,-0.11520,-0.90890
16.8640,0.72028,0.58934,1.00000,0.97029,0.39319,0.34670,-0.11470,-0.90890
16.8800,0.72028,0.58934,1.00000,0.97029,0.39319,0.34670,-0.11470,-0.90890
16.8960,0.72028,0.58934,1.00000,0.97029,0.39319,0.34670,-0.11470,-0.90890
16.9120,0.72028,0.58934,1.00000,0.97029,0.39319,0.34670,-0.11470,-0.90890
16.9290,0.71285,0.58972,1.00000,0.99097,0.37633,0.33960,-0.11300,-0.90280
16.9460,0.71498,0.58110,1.00000,1.00000,0.37886,0.34160,-0.10000,-0.90130
16.9620,0.71498,0.58110,1.00000,1.00000,0.37886,0.34160,-0.10000,-0.90130
16.9790,0.71852,0.58035,1.00000,0.98751,0.37803,0.33870,-0.10370,-0.91160
16.9960,0.71852,0.58035,1.00000,0.98751,0.37803,0.33870,-0.10370,-0.91160
17.0130,0.71852,0.58035,1.00000,0.98751,0.37803,0.33870,-0.10370,-0.91160
17.0290,0.71852,0.58035,1.00000,0.98751,0.37803,0.33870,-0.10370,-0.91160
17.0450,0.70931,0.58521,1.00000,0.99779,0.37004,0.33700,-0.08860,-0.91130
17.0620,0.70931,0.58521,1.00000,0.99779,0.37004,0.33700,-0.08860,-0.91130
17.0780,0.70931,0.58521,1.00000,0.99779,0.37004,0.33700,-0.08860,-0.91130
17.0940,0.70859,0.58521,1.00000,1.00000,0.36709,0.34230,-0.09910,-0.92160
17.1100,0.70788,0.58371,1.00000,0.98523,0.36456,0.35500,-0.12130,-0.92060
17.1260,0.70788,0.58371,1.00000,0.98523,0.36456,0.35500,-0.12130,-0.92060
17.1430,0.70788,0.58371,1.00000,0.98523,0.36456,0.35500,-0.12130,-0.92060
17.1590,0.70541,0.58333,1.00000,0.98422,0.36920,0.33770,-0.08080,-0.89790
17.1760,0.70575,0.58221,1.00000,0.96568,0.37342,0.33210,-0.10390,-0.91110
17.1930,0.70575,0.58221,1.00000,0.96568,0.37342,0.33210,-0.10390,-0.91110
17.2100,0.70575,0.58221,1.00000,0.96568,0.37342,0.33210,-0.10390,-0.91110
17.2260,0.70114,0.58295,1.00000,0.95427,0.37511,0.32840,-0.09590,-0.89230
17.2420,0.70114,0.58295,1.00000,0.95427,0.37511,0.32840,-0.09590,-0.89230
17.2580,0.70114,0.58295,1.00000,0.95427,0.37511,0.32840,-0.09590,-0.89230
17.2740,0.70539,0.58632,1.00000,0.95084,0.37552,0.32840,-0.09200,-0.89960
17.2910,0.69937,0.58745,1.00000,0.94854,0.37593,0.34160,-0.10250,-0.90430
17.3080,0.69937,0.58745,1.00000,0.94854,0.37593,0.34160,-0.10250,-0.90430
17.3240,0.69937,0.58745,1.00000,0.94854,0.37593,0.34160,-0.10250,-0.90430
17.3410,0.70221,0.58895,1.00000,0.94739,0.37719,0.33500,-0.10440,-0.90350
17.3570,0.70221,0.58895,1.00000,0.94739,0.37719,0.33500,-0.10440,-0.90350
17.3740,0.70221,0.58895,1.00000,0.94739,0.37719,0.33500,-0.10440,-0.90350
17.3910,0.70221,0.58895,1.00000,0.94739,0.37719,0.33500,-0.10440,-0.90350
17.4070,0.70966,0.57247,1.00000,0.95199,0.37383,0.32960,-0.08340,-0.90430
17.4230,0.71390,0.57883,1.00000,0.95775,0.37720,0.33820,-0.12740,-0.90940
17.4390,0.71390,0.57883,1.00000,0.95775,0.37720,0.33820,-0.12740,-0.90940
17.4550,0.71390,0.57883,1.00000,0.95775,0.37720,0.33820,-0.12740,-0.90940
17.4710,0.70964,0.58033,1.00000,0.97485,0.37425,0.32620,-0.10780,-0.91650
17.4880,0.70964,0.58033,1.00000,0.97485,0.37425,0.32620,-0.10780,-0.91650
17.5040,0.70964,0.58033,1.00000,0.97485,0.37425,0.32620,-0.10780,-0.91650
17.5200,0.70786,0.58033,1.00000,0.99565,0.37383,0.34330,-0.10780,-0.91670
17.5360,0.70786,0.58033,1.00000,0.99565,0.37383,0.34330,-0.10780,-0.91670
17.5520,0.70786,0.58033,1.00000,0.99565,0.37383,0.34330,-0.10780,-0.91670
17.5680,0.70786,0.58033,1.00000,0.99565,0.37383,0.34330,-0.10780,-0.91670
17.5840,0.70752,0.57733,1.00000,1.00000,0.37090,0.33480,-0.09910,-0.91790
17.6000,0.70680,0.58294,1.00000,1.00000,0.36963,0.34040,-0.12030,-0.90080
17.6160,0.70680,0.58294,1.00000,1.00000,0.36963,0.34040,-0.12030,-0.90080
17.6320,0.70680,0.58257,1.00000,1.00000,0.36879,0.33960,-0.12270,-0.88790
17.6480,0.70504,0.58556,1.00000,1.00000,0.36794,0.32840,-0.09470,-0.89910
17.6640,0.70504,0.58556,1.00000,1.00000,0.36794,0.32840,-0.09470,-0.89910
17.6810,0.70504,0.58556,1.00000,1.00000,0.36794,0.32840,-0.09470,-0.89910
17.6980,0.70399,0.58857,1.00000,1.00000,0.36793,0.32570,-0.11640,-0.88960
17.7140,0.70754,0.58520,1.00000,1.00000,0.37046,0.31740,-0.11690,-0.89600
17.7310,0.70754,0.58520,1.00000,1.00000,0.37046,0.31740,-0.11690,-0.89600
17.7480,0.70754,0.58520,1.00000,1.00000,0.37046,0.31740,-0.11690,-0.89600
17.7640,0.70647,0.58031,1.00000,0.99434,0.36541,0.33090,-0.09610,-0.91110
17.7810,0.70896,0.57957,1.00000,0.97366,0.36541,0.33530,-0.11200,-0.91870
17.7970,0.70896,0.57957,1.00000,0.97366,0.36541,0.33530,-0.11200,-0.91870
17.8140,0.70967,0.58182,1.00000,0.96682,0.36836,0.34360,-0.09780,-0.90940
17.8310,0.70718,0.58518,1.00000,0.96682,0.36794,0.35090,-0.10980,-0.90910
17.8470,0.70718,0.58518,1.00000,0.96682,0.36794,0.35090,-0.10980,-0.90910
17.8640,0.70718,0.58518,1.00000,0.96682,0.36794,0.35090,-0.10980,-0.90910
17.8800,0.70575,0.58332,1.00000,0.96101,0.36288,0.34750,-0.10880,-0.91570
17.8970,0.70859,0.57396,1.00000,0.95759,0.35952,0.34770,-0.11080,-0.90600
17.9140,0.70859,0.57396,1.00000,0.95759,0.35952,0.34770,-0.11080,-0.90600
17.9300,0.70859,0.57396,1.00000,0.95759,0.35952,0.34770,-0.11080,-0.90600
17.9470,0.70467,0.57546,1.00000,0.95874,0.35489,0.33140,-0.09760,-0.90870
17.9640,0.70467,0.57546,1.00000,0.95874,0.35489,0.33140,-0.09760,-0.90870
17.9800,0.70467,0.57546,1.00000,0.95874,0.35489,0.33140,-0.09760,-0.90870
17.9970,0.70714,0.57247,1.00000,0.96574,0.35363,0.33600,-0.10760,-0.91230
18.0140,0.70075,0.57660,1.00000,0.97733,0.35658,0.32990,-0.10960,-0.91110
18.0310,0.70075,0.57660,1.00000,0.97733,0.35658,0.32990,-0.10960,-0.91110
18.0470,0.70075,0.57660,1.00000,0.97733,0.35658,0.32990,-0.10960,-0.91110
18.0650,0.70112,0.57247,1.00000,0.98872,0.35448,0.32790,-0.08080,-0.91180
18.0810,0.70112,0.57247,1.00000,0.98872,0.35448,0.32790,-0.08080,-0.91180
18.0970,0.70112,0.57247,1.00000,0.98872,0.35448,0.32790,-0.08080,-0.91180
18.1150,0.70182,0.57360,1.00000,0.98862,0.35237,0.33700,-0.10100,-0.90620
18.1310,0.69579,0.56722,1.00000,0.99333,0.35235,0.33940,-0.10490,-0.90620
18.1470,0.69579,0.56722,1.00000,0.99333,0.35235,0.33940,-0.10490,-0.90620
18.1630,0.69579,0.56722,1.00000,0.99333,0.35235,0.33940,-0.10490,-0.90620
18.1790,0.69580,0.56234,1.00000,1.00000,0.35614,0.34620,-0.11300,-0.91890
18.1960,0.69580,0.56234,1.00000,1.00000,0.35614,0.34620,-0.11300,-0.91890
18.2120,0.69580,0.56234,1.00000,1.00000,0.35614,0.34620,-0.11300,-0.91890
18.2290,0.69580,0.56234,1.00000,1.00000,0.35614,0.34620,-0.11300,-0.91890
18.2450,0.69617,0.56459,1.00000,1.00000,0.36246,0.33720,-0.12130,-0.90840
18.2620,0.69617,0.56459,1.00000,1.00000,0.36246,0.33720,-0.12130,-0.90840
18.2790,0.69617,0.56459,1.00000,1.00000,0.36246,0.33720,-0.12130,-0.90840
18.2960,0.69477,0.56084,1.00000,1.00000,0.35867,0.32700,-0.07830,-0.88990
18.3120,0.69334,0.56159,1.00000,1.00000,0.35867,0.32740,-0.08150,-0.88990
18.3290,0.69334,0.56159,1.00000,1.00000,0.35867,0.32740,-0.08150,-0.88990
18.3460,0.69334,0.56159,1.00000,1.00000,0.35867,0.32740,-0.08150,-0.88990
18.3630,0.69263,0.56159,1.00000,1.00000,0.35867,0.32960,-0.10690,-0.90450
18.3800,0.69263,0.56159,1.00000,1.00000,0.35867,0.32960,-0.10690,-0.90450
18.3960,0.69263,0.56159,1.00000,1.00000,0.35867,0.32960,-0.10690,-0.90450
18.4130,0.69263,0.56159,1.00000,1.00000,0.35867,0.32960,-0.10690,-0.90450
18.4300,0.69086,0.56460,1.00000,1.00000,0.35278,0.35110,-0.09960,-0.91570
18.4460,0.69086,0.56460,1.00000,1.00000,0.35278,0.35110,-0.09960,-0.91570
18.4630,0.69086,0.56460,1.00000,1.00000,0.35278,0.35110,-0.09960,-0.91570
18.4810,0.68339,0.56835,1.00000,1.00000,0.34857,0.34280,-0.09370,-0.91520
18.4980,0.68339,0.56835,1.00000,1.00000,0.34857,0.34280,-0.09370,-0.91520
18.5140,0.68339,0.56835,1.00000,1.00000,0.34857,0.34280,-0.09370,-0.91520
18.5310,0.68339,0.56835,1.00000,1.00000,0.34857,0.34280,-0.09370,-0.91520
18.5480,0.67840,0.56498,1.00000,1.00000,0.35195,0.34280,-0.10690,-0.90840
18.5650,0.67840,0.56498,1.00000,1.00000,0.35195,0.34280,-0.10690,-0.90840
18.5820,0.67840,0.56498,1.00000,1.00000,0.35195,0.34280,-0.10690,-0.90840
18.5990,0.68088,0.56423,1.00000,1.00000,0.35237,0.34310,-0.11220,-0.91090
18.6160,0.68088,0.56423,1.00000,1.00000,0.35237,0.34310,-0.11220,-0.91090
18.6320,0.68088,0.56423,1.00000,1.00000,0.35237,0.34310,-0.11220,-0.91090
18.6490,0.68088,0.56423,1.00000,1.00000,0.35237,0.34310,-0.11220,-0.91090
18.6650,0.68194,0.55860,1.00000,1.00000,0.35066,0.33650,-0.10270,-0.89260
18.6820,0.68194,0.55860,1.00000,1.00000,0.35066,0.33650,-0.10270,-0.89260
18.6980,0.68194,0.55860,1.00000,1.00000,0.35066,0.33650,-0.10270,-0.89260
18.7150,0.68017,0.55747,1.00000,1.00000,0.35107,0.32280,-0.10390,-0.90350
18.7310,0.68621,0.55559,1.00000,1.00000,0.35445,0.32870,-0.10980,-0.89940
18.7470,0.68621,0.55559,1.00000,1.00000,0.35445,0.32870,-0.10980,-0.89940
18.7640,0.68621,0.55559,1.00000,1.00000,0.35445,0.32870,-0.10980,-0.89940
18.7810,0.68550,0.55371,1.00000,1.00000,0.35402,0.32260,-0.07300,-0.90160
18.7980,0.69012,0.55033,1.00000,1.00000,0.36203,0.33060,-0.09930,-0.92230
18.8150,0.69012,0.55033,1.00000,1.00000,0.36203,0.33060,-0.09930,-0.92230
18.8310,0.69012,0.55033,1.00000,1.00000,0.36203,0.33060,-0.09930,-0.92230
18.8480,0.69226,0.54771,1.00000,1.00000,0.35571,0.33990,-0.07050,-0.91600
18.8640,0.69226,0.54771,1.00000,1.00000,0.35571,0.33990,-0.07050,-0.91600
18.8810,0.69226,0.54771,1.00000,1.00000,0.35571,0.33990,-0.07050,-0.91600
18.8990,0.69370,0.54695,1.00000,1.00000,0.35990,0.34310,-0.11320,-0.91110
18.9160,0.69406,0.54733,1.00000,1.00000,0.36412,0.34180,-0.11320,-0.90990
18.9320,0.69406,0.54733,1.00000,1.00000,0.36412,0.34180,-0.11320,-0.90990
18.9490,0.69406,0.54733,1.00000,1.00000,0.36412,0.34180,-0.11320,-0.90990
18.9650,0.69512,0.55110,1.00000,1.00000,0.36836,0.34210,-0.10640,-0.90720
18.9810,0.69512,0.55110,1.00000,1.00000,0.36836,0.34210,-0.10640,-0.90720
18.9980,0.69512,0.55110,1.00000,1.00000,0.36836,0.34210,-0.10640,-0.90720
19.0150,0.69512,0.55110,1.00000,1.00000,0.36794,0.34280,-0.10320,-0.90010
19.0320,0.69512,0.55110,1.00000,1.00000,0.36794,0.34280,-0.10320,-0.90010
19.0490,0.69512,0.55110,1.00000,1.00000,0.36794,0.34280,-0.10320,-0.90010
19.0650,0.69512,0.55110,1.00000,1.00000,0.36794,0.34280,-0.10320,-0.90010
19.0810,0.68978,0.56602,1.00000,1.00000,0.36288,0.33380,-0.10980,-0.90670
19.0980,0.69226,0.56601,1.00000,1.00000,0.36160,0.33720,-0.08740,-0.90010
19.1150,0.69226,0.56601,1.00000,1.00000,0.36160,0.33720,-0.08740,-0.90010
19.1320,0.69226,0.56601,1.00000,1.00000,0.36160,0.33720,-0.08740,-0.90010
19.1480,0.69652,0.56639,1.00000,1.00000,0.36581,0.32870,-0.08860,-0.90720
19.1640,0.69652,0.56639,1.00000,1.00000,0.36581,0.32870,-0.08860,-0.90720
19.1800,0.69652,0.56639,1.00000,1.00000,0.36581,0.32870,-0.08860,-0.90720
19.1970,0.69653,0.56451,1.00000,1.00000,0.36498,0.34010,-0.10910,-0.90790
19.2140,0.69510,0.56075,1.00000,1.00000,0.35993,0.31210,-0.08740,-0.92450
19.2310,0.69510,0.56075,1.00000,1.00000,0.35993,0.31210,-0.08740,-0.92450
19.2480,0.69510,0.56075,1.00000,1.00000,0.35993,0.31210,-0.08740,-0.92450
19.2650,0.69296,0.55925,1.00000,1.00000,0.35360,0.34870,-0.13420,-0.90770
19.2820,0.69296,0.55925,1.00000,1.00000,0.35360,0.34870,-0.13420,-0.90770
19.2980,0.69296,0.55925,1.00000,1.00000,0.35360,0.34870,-0.13420,-0.90770
19.3160,0.68942,0.56000,1.00000,1.00000,0.34939,0.32700,-0.09420,-0.92790
19.3330,0.68658,0.54922,1.00000,1.00000,0.34729,0.34260,-0.09390,-0.91010
19.3490,0.68658,0.54922,1.00000,1.00000,0.34729,0.34260,-0.09390,-0.91010
19.3660,0.68658,0.54922,1.00000,1.00000,0.34729,0.34260,-0.09390,-0.91010
19.3830,0.69048,0.54397,1.00000,1.00000,0.35024,0.33820,-0.10370,-0.90890
19.3990,0.69048,0.54397,1.00000,1.00000,0.35024,0.33820,-0.10370,-0.90890
19.4160,0.69048,0.54397,1.00000,1.00000,0.35024,0.33820,-0.10370,-0.90890
19.4330,0.68658,0.54810,1.00000,1.00000,0.34982,0.32400,-0.09610,-0.90670
19.4490,0.68126,0.55073,1.00000,1.00000,0.34898,0.33840,-0.11440,-0.90380
19.4660,0.68126,0.55073,1.00000,1.00000,0.34898,0.33840,-0.11440,-0.90380
19.4820,0.68126,0.55073,1.00000,1.00000,0.34898,0.33840,-0.11440,-0.90380
19.4990,0.67983,0.55485,1.00000,1.00000,0.34729,0.33180,-0.07340,-0.91770
19.5160,0.67983,0.55485,1.00000,1.00000,0.34729,0.33180,-0.07340,-0.91770
19.5320,0.67983,0.55485,1.00000,1.00000,0.34729,0.33180,-0.07340,-0.91770
19.5490,0.67983,0.55485,1.00000,1.00000,0.34729,0.33180,-0.07340,-0.91770
19.5660,0.68337,0.55185,1.00000,1.00000,0.35277,0.33430,-0.11790,-0.90480
19.5820,0.68337,0.55185,1.00000,1.00000,0.35277,0.33430,-0.11790,-0.90480
19.5990,0.68337,0.55185,1.00000,1.00000,0.35277,0.33430,-0.11790,-0.90480
19.6150,0.68408,0.55260,1.00000,1.00000,0.35360,0.33400,-0.08830,-0.89040
19.6320,0.68479,0.55260,1.00000,1.00000,0.35486,0.33090,-0.07950,-0.90350
19.6490,0.68479,0.55260,1.00000,1.00000,0.35486,0.33090,-0.07950,-0.90350
19.6660,0.68479,0.55260,1.00000,1.00000,0.35486,0.33090,-0.07950,-0.90350
19.6840,0.68443,0.54846,1.00000,1.00000,0.35276,0.32920,-0.09880,-0.91770
19.7010,0.68443,0.54846,1.00000,1.00000,0.35276,0.32920,-0.09880,-0.91770
19.7170,0.68443,0.54846,1.00000,1.00000,0.35276,0.32920,-0.09880,-0.91770
19.7340,0.68158,0.54733,1.00000,1.00000,0.34896,0.33650,-0.08930,-0.89450
19.7510,0.68158,0.54733,1.00000,1.00000,0.34896,0.33650,-0.08930,-0.89450
19.7680,0.68158,0.54733,1.00000,1.00000,0.34896,0.33650,-0.08930,-0.89450
19.7840,0.68158,0.54733,1.00000,1.00000,0.34896,0.33650,-0.08930,-0.89450
19.8010,0.68299,0.54809,1.00000,1.00000,0.35698,0.34230,-0.12370,-0.92820
19.8180,0.68265,0.55072,1.00000,1.00000,0.34939,0.33570,-0.07300,-0.91890
19.8340,0.68265,0.55072,1.00000,1.00000,0.34939,0.33570,-0.07300,-0.91890
19.8500,0.68265,0.55072,1.00000,1.00000,0.34939,0.33570,-0.07300,-0.91890
19.8660,0.68513,0.55222,1.00000,1.00000,0.35360,0.33500,-0.10520,-0.92670
19.8820,0.68513,0.55222,1.00000,1.00000,0.35360,0.33500,-0.10520,-0.92670
19.8980,0.68513,0.55222,1.00000,1.00000,0.35360,0.33500,-0.10520,-0.92670
19.9160,0.68584,0.55071,1.00000,1.00000,0.35488,0.33350,-0.11080,-0.90620
19.9330,0.68974,0.54921,1.00000,1.00000,0.35867,0.32160,-0.08170,-0.91450
19.9500,0.68974,0.54921,1.00000,1.00000,0.35867,0.32160,-0.08170,-0.91450
19.9660,0.68974,0.54921,1.00000,1.00000,0.35867,0.32160,-0.08170,-0.91450
19.9830,0.68974,0.55147,1.00000,1.00000,0.36163,0.34090,-0.10780,-0.90690
19.9990,0.68974,0.55147,1.00000,1.00000,0.36163,0.34090,-0.10780,-0.90690
20.0160,0.68974,0.55147,1.00000,1.00000,0.36163,0.34090,-0.10780,-0.90690
