#,Thumb,Index,Middle,Ring,Pinky
calib_closed,170159.75,548705.87,190885.92,146156.36,227197.74
calib_half,173645.66,491602.56,181941.60,133839.56,192239.93
calib_open,168589.66,412675.80,158467.16,134426.30,187474.62
calib_span,1570.09,136030.07,32418.76,11730.06,39723.11

time_s,Thumb,Index,Middle,Ring,Pinky,ch15,ch16,ch17
0.0170,0.70634,-1.00000,-0.98174,-1.00000,-1.00000,0.04860,0.02100,-0.98160
0.0340,0.73677,-1.00000,-1.00000,-1.00000,-1.00000,0.04830,0.01340,-0.98380
0.0510,0.73677,-1.00000,-1.00000,-1.00000,-1.00000,0.04830,0.01340,-0.98380
0.0680,0.73677,-1.00000,-1.00000,-1.00000,-1.00000,0.04830,0.01340,-0.98380
0.0850,0.73677,-1.00000,-1.00000,-1.00000,-1.00000,0.04830,0.01340,-0.98380
0.1020,0.75677,-0.99995,-1.00000,-1.00000,-1.00000,0.06030,-0.00710,-0.97650
0.1180,0.75677,-0.99995,-1.00000,-1.00000,-1.00000,0.06030,-0.00710,-0.97650
0.1350,0.75677,-0.99995,-1.00000,-1.00000,-1.00000,0.06030,-0.00710,-0.97650
0.1520,0.77199,-1.00000,-1.00000,-1.00000,-1.00000,0.04710,-0.00100,-0.99260
0.1690,0.81053,-1.00000,-1.00000,-1.00000,-1.00000,0.09660,0.01020,-0.95820
0.1850,0.81053,-1.00000,-1.00000,-1.00000,-1.00000,0.09660,0.01020,-0.95820
0.2020,0.81053,-1.00000,-1.00000,-1.00000,-1.00000,0.09660,0.01020,-0.95820
0.2190,0.84669,-0.97434,-1.00000,-1.00000,-1.00000,0.10780,-0.00540,-0.96060
0.2360,0.84669,-0.97434,-1.00000,-1.00000,-1.00000,0.10780,-0.00540,-0.96060
0.2530,0.84669,-0.97434,-1.00000,-1.00000,-1.00000,0.10780,-0.00540,-0.96060
0.2690,0.84669,-0.97434,-1.00000,-1.00000,-1.00000,0.10780,-0.00540,-0.96060
0.2860,0.88624,-0.97899,-0.96399,-1.00000,-1.00000,0.08710,-0.02150,-0.96720
0.3020,0.88624,-0.97899,-0.96399,-1.00000,-1.00000,0.08710,-0.02150,-0.96720
0.3180,0.88624,-0.97899,-0.96399,-1.00000,-1.00000,0.08710,-0.02150,-0.96720
0.3350,0.88052,-0.96734,-0.94169,-1.00000,-1.00000,0.09420,-0.03730,-0.96140
0.3520,0.89919,-0.98525,-0.92692,-1.00000,-1.00000,0.08540,-0.03460,-0.96580
0.3690,0.89919,-0.98525,-0.92692,-1.00000,-1.00000,0.08540,-0.03460,-0.96580
0.3850,0.89919,-0.98525,-0.92692,-1.00000,-1.00000,0.08540,-0.03460,-0.96580
0.4020,0.89910,-0.96773,-0.89324,-0.99194,-1.00000,0.07030,-0.01760,-0.95990
0.4200,0.89910,-0.96773,-0.89324,-0.99194,-1.00000,0.07030,-0.01760,-0.95990
0.4360,0.89910,-0.96773,-0.89324,-0.99194,-1.00000,0.07030,-0.01760,-0.95990
0.4520,0.91772,-0.96829,-0.89860,-0.99153,-1.00000,0.06420,-0.01000,-0.96450
0.4680,0.91772,-0.96829,-0.89860,-0.99153,-1.00000,0.06420,-0.01000,-0.96450
0.4850,0.91772,-0.96829,-0.89860,-0.99153,-1.00000,0.06420,-0.01000,-0.96450
0.5020,0.91772,-0.96829,-0.89860,-0.99153,-1.00000,0.06420,-0.01000,-0.96450
0.5190,0.95155,-0.95015,-0.90394,-0.99476,-1.00000,0.07000,-0.00170,-0.96870
0.5350,0.93634,-0.95345,-0.90926,-1.00000,-1.00000,0.07250,-0.01100,-0.97870
0.5510,0.93634,-0.95345,-0.90926,-1.00000,-1.00000,0.07250,-0.01100,-0.97870
0.5670,0.93634,-0.95345,-0.90926,-1.00000,-1.00000,0.07250,-0.01100,-0.97870
0.5840,0.92375,-0.95288,-0.93167,-0.99920,-1.00000,0.08660,-0.00730,-0.99450
0.6000,0.92375,-0.95288,-0.93167,-0.99920,-1.00000,0.08660,-0.00730,-0.99450
0.6160,0.92375,-0.95288,-0.93167,-0.99920,-1.00000,0.08660,-0.00730,-0.99450
0.6320,0.93774,-0.95167,-0.94535,-1.00000,-1.00000,0.08000,-0.00610,-0.99840
0.6480,0.93774,-0.95167,-0.94535,-1.00000,-1.00000,0.08000,-0.00610,-0.99840
0.6640,0.93774,-0.95167,-0.94535,-1.00000,-1.00000,0.08000,-0.00610,-0.99840
0.6810,0.93774,-0.95167,-0.94535,-1.00000,-1.00000,0.08000,-0.00610,-0.99840
0.6980,0.95761,-0.97392,-0.95150,-0.98641,-0.99146,0.06930,-0.03000,-0.98670
0.7140,1.00000,-0.93253,-0.90289,-0.94352,-0.97215,-0.00980,-0.06760,-1.04380
0.7320,1.00000,-0.90004,-0.86815,-0.91682,-0.96390,-0.06440,-0.04780,-1.02850
0.7490,1.00000,-0.90004,-0.86815,-0.91682,-0.96390,-0.06440,-0.04780,-1.02850
0.7660,1.00000,-0.80238,-0.77427,-0.83477,-0.93432,0.10880,-0.08320,-0.93350
0.7820,1.00000,-0.80238,-0.77427,-0.83477,-0.93432,0.10880,-0.08320,-0.93350
0.7980,1.00000,-0.80238,-0.77427,-0.83477,-0.93432,0.10880,-0.08320,-0.93350
0.8140,1.00000,-0.70035,-0.66700,-0.72351,-0.88984,0.03030,-0.02460,-1.01550
0.8310,1.00000,-0.63756,-0.61056,-0.65777,-0.86183,0.00000,0.00930,-0.97890
0.8480,1.00000,-0.63756,-0.61056,-0.65777,-0.86183,0.00000,0.00930,-0.97890
0.8650,1.00000,-0.63756,-0.61056,-0.65777,-0.86183,0.00000,0.00930,-0.97890
0.8820,1.00000,-0.38398,-0.39492,-0.46907,-0.75974,0.06220,-0.04420,-0.91740
0.8980,1.00000,-0.38398,-0.39492,-0.46907,-0.75974,0.06220,-0.04420,-0.91740
0.9140,1.00000,-0.38398,-0.39492,-0.46907,-0.75974,0.06220,-0.04420,-0.91740
0.9310,1.00000,-0.28802,-0.32043,-0.40212,-0.71953,0.09000,0.08170,-0.95140
0.9470,1.00000,-0.08727,-0.14789,-0.26457,-0.63915,0.11000,-0.00950,-0.98090
0.9640,1.00000,-0.08727,-0.14789,-0.26457,-0.63915,0.11000,-0.00950,-0.98090
0.9810,1.00000,-0.08727,-0.14789,-0.26457,-0.63915,0.11000,-0.00950,-0.98090
0.9980,1.00000,-0.08727,-0.14789,-0.26457,-0.63915,0.11000,-0.00950,-0.98090
1.0140,1.00000,-0.08727,-0.14789,-0.26457,-0.63915,0.11000,-0.00950,-0.98090
1.0310,1.00000,-0.08727,-0.14789,-0.26457,-0.63915,0.11000,-0.00950,-0.98090
1.0490,1.00000,-0.08727,-0.14789,-0.26457,-0.63915,0.11000,-0.00950,-0.98090
1.0660,1.00000,0.17831,0.09137,-0.04764,-0.47046,0.15130,-0.02200,-0.93960
1.0830,1.00000,0.30971,0.18613,-0.04764,-0.37686,0.12470,0.00370,-0.98770
1.1000,1.00000,0.30971,0.18613,-0.04764,-0.37686,0.12470,0.00370,-0.98770
1.1160,1.00000,0.35114,0.22022,-0.04764,-0.33893,0.11590,-0.00540,-0.98700
1.1330,1.00000,0.41392,0.28570,-0.04764,-0.29149,0.20330,0.02560,-0.90210
1.1500,1.00000,0.41392,0.28570,-0.04764,-0.29149,0.20330,0.02560,-0.90210
1.1660,1.00000,0.41392,0.28570,-0.04764,-0.29149,0.20330,0.02560,-0.90210
1.1820,1.00000,0.51336,0.41963,-0.04764,-0.21581,0.29740,0.08170,-0.89500
1.1990,1.00000,0.51336,0.41963,-0.04764,-0.21581,0.29740,0.08170,-0.89500
1.2150,1.00000,0.51336,0.41963,-0.04764,-0.21581,0.29740,0.08170,-0.89500
1.2330,1.00000,0.55900,0.48128,-0.04764,-0.18549,0.29110,0.07220,-0.94650
1.2500,1.00000,0.60559,0.54280,-0.04764,-0.15540,0.32310,0.12400,-0.93210
1.2660,1.00000,0.60559,0.54280,-0.04764,-0.15540,0.32310,0.12400,-0.93210
1.2820,1.00000,0.60559,0.54280,-0.04764,-0.15540,0.32310,0.12400,-0.93210
1.2990,1.00000,0.62643,0.55600,-0.04764,-0.14544,0.35920,0.10710,-0.90160
1.3160,1.00000,0.62643,0.55600,-0.04764,-0.14544,0.35920,0.10710,-0.90160
1.3320,1.00000,0.62643,0.55600,-0.04764,-0.14544,0.35920,0.10710,-0.90160
1.3480,1.00000,0.62643,0.55600,-0.04764,-0.14544,0.35920,0.10710,-0.90160
1.3650,1.00000,0.73617,0.66044,-0.04764,-0.10222,0.38140,0.06470,-0.87790
1.3810,1.00000,0.80052,0.71890,-0.04764,-0.07752,0.40850,0.12050,-0.86720
1.3980,1.00000,0.80052,0.71890,-0.04764,-0.07752,0.40850,0.12050,-0.86720
1.4140,1.00000,0.80052,0.71890,-0.04764,-0.07752,0.40850,0.12050,-0.86720
1.4300,1.00000,0.80052,0.71890,-0.04764,-0.07752,0.40850,0.12050,-0.86720
1.4470,1.00000,0.80052,0.71890,-0.04764,-0.07752,0.40850,0.12050,-0.86720
1.4630,1.00000,0.80052,0.71890,-0.04764,-0.07752,0.40850,0.12050,-0.86720
1.4810,1.00000,0.86389,0.77399,-0.04764,-0.05974,0.40190,0.04320,-0.89330
1.4980,1.00000,0.91527,0.80690,-0.04764,-0.04135,0.43360,0.10200,-0.87910
1.5150,1.00000,0.91527,0.80690,-0.04764,-0.04135,0.43360,0.10200,-0.87910
1.5320,1.00000,0.92651,0.81627,-0.04764,-0.03159,0.44380,0.11270,-0.85080
1.5480,1.00000,0.93126,0.82058,-0.04764,-0.02094,0.46340,0.12690,-0.83770
1.5640,1.00000,0.93126,0.82058,-0.04764,-0.02094,0.46340,0.12690,-0.83770
1.5800,1.00000,0.93126,0.82058,-0.04764,-0.02094,0.46340,0.12690,-0.83770
1.5970,1.00000,0.94178,0.83382,-0.04764,0.06139,0.44430,0.10610,-0.86230
1.6130,1.00000,0.94569,0.83501,-0.04764,0.12797,0.45550,0.09320,-0.84690
1.6290,1.00000,0.94569,0.83501,-0.04764,0.12797,0.45550,0.09320,-0.84690
1.6460,1.00000,0.94569,0.83501,-0.04764,0.12797,0.45550,0.09320,-0.84690
1.6630,1.00000,0.95361,0.83836,-0.04764,0.50853,0.45680,0.10610,-0.85910
1.6790,1.00000,0.95554,0.84073,-0.04764,0.56569,0.45730,0.12100,-0.85600
1.6950,1.00000,0.95554,0.84073,-0.04764,0.56569,0.45730,0.12100,-0.85600
1.7110,1.00000,0.96336,0.84359,-0.04764,0.68089,0.44990,0.12520,-0.84280
1.7280,1.00000,0.96827,0.84719,-0.04764,0.93112,0.45580,0.07560,-0.86210
1.7440,1.00000,0.96827,0.84719,-0.04764,0.93112,0.45580,0.07560,-0.86210
1.7610,1.00000,0.96827,0.84719,-0.04764,0.93112,0.45580,0.07560,-0.86210
1.7780,1.00000,0.96935,0.85194,-0.04764,1.00000,0.45340,0.09150,-0.87080
1.7940,1.00000,0.96635,0.85194,-0.04764,1.00000,0.45120,0.09370,-0.87300
1.8110,1.00000,0.96635,0.85194,-0.04764,1.00000,0.45120,0.09370,-0.87300
1.8280,1.00000,0.96635,0.85194,-0.04764,1.00000,0.45120,0.09370,-0.87300
1.8450,1.00000,0.97430,0.85456,-0.04764,1.00000,0.45340,0.13220,-0.84670
1.8620,1.00000,0.97430,0.85456,-0.04764,1.00000,0.45340,0.13220,-0.84670
1.8780,1.00000,0.97430,0.85456,-0.04764,1.00000,0.45340,0.13220,-0.84670
1.8950,1.00000,0.96881,0.85194,-0.04764,1.00000,0.45210,0.09030,-0.83500
1.9120,1.00000,0.96442,0.85026,-0.04764,1.00000,0.45240,0.08080,-0.85250
1.9290,1.00000,0.96442,0.85026,-0.04764,1.00000,0.45240,0.08080,-0.85250
1.9450,1.00000,0.96442,0.85026,-0.04764,1.00000,0.45240,0.08080,-0.85250
1.9610,1.00000,0.95510,0.85669,-0.04764,1.00000,0.46990,0.12570,-0.82810
1.9770,1.00000,0.95510,0.85669,-0.04764,1.00000,0.46990,0.12570,-0.82810
1.9940,1.00000,0.95510,0.85669,-0.04764,1.00000,0.46990,0.12570,-0.82810
2.0110,1.00000,0.95371,0.85503,-0.04764,1.00000,0.47140,0.13740,-0.84840
2.0290,1.00000,0.94514,0.85692,-0.04764,1.00000,0.47480,0.08030,-0.86210
2.0460,1.00000,0.94514,0.85692,-0.04764,1.00000,0.47480,0.08030,-0.86210
2.0630,1.00000,0.94514,0.85692,-0.04764,1.00000,0.47480,0.08030,-0.86210
2.0790,1.00000,0.94583,0.85239,-0.04764,1.00000,0.45730,0.11370,-0.85030
2.0950,1.00000,0.94583,0.85239,-0.04764,1.00000,0.45730,0.11370,-0.85030
2.1110,1.00000,0.94583,0.85239,-0.04764,1.00000,0.45730,0.11370,-0.85030
2.1280,1.00000,0.94583,0.85239,-0.04764,1.00000,0.45730,0.11370,-0.85030
2.1450,1.00000,0.94253,0.85359,-0.04764,1.00000,0.45630,0.12000,-0.85420
2.1620,1.00000,0.94253,0.85359,-0.04764,1.00000,0.45630,0.12000,-0.85420
2.1790,1.00000,0.94253,0.85359,-0.04764,1.00000,0.45630,0.12000,-0.85420
2.1960,1.00000,0.95538,0.86238,-0.04764,1.00000,0.46240,0.11610,-0.83590
2.2130,1.00000,0.95593,0.85929,-0.04764,1.00000,0.45410,0.08610,-0.83770
2.2290,1.00000,0.95593,0.85929,-0.04764,1.00000,0.45410,0.08610,-0.83770
2.2460,1.00000,0.95593,0.85929,-0.04764,1.00000,0.45410,0.08610,-0.83770
2.2630,1.00000,0.95396,0.85453,-0.04764,1.00000,0.47040,0.08690,-0.85030
2.2800,1.00000,0.95396,0.85453,-0.04764,1.00000,0.47040,0.08690,-0.85030
2.2960,1.00000,0.95396,0.85453,-0.04764,1.00000,0.47040,0.08690,-0.85030
2.3130,1.00000,0.95234,0.85642,-0.04764,1.00000,0.47650,0.10540,-0.85810
2.3290,1.00000,0.95234,0.85642,-0.04764,1.00000,0.47650,0.10540,-0.85810
2.3460,1.00000,0.95234,0.85642,-0.04764,1.00000,0.47650,0.10540,-0.85810
2.3630,1.00000,0.95234,0.85642,-0.04764,1.00000,0.47650,0.10540,-0.85810
2.3790,1.00000,0.95234,0.85642,-0.04764,1.00000,0.47650,0.10540,-0.85810
2.3960,1.00000,0.95234,0.85642,-0.04764,1.00000,0.47650,0.10540,-0.85810
2.4130,1.00000,0.95234,0.85642,-0.04764,1.00000,0.47650,0.10540,-0.85810
2.4310,1.00000,0.95234,0.85642,-0.04764,1.00000,0.47650,0.10540,-0.85810
2.4470,1.00000,0.96019,0.85716,-0.04764,1.00000,0.46260,0.10760,-0.83980
2.4630,1.00000,0.95750,0.86001,-0.04764,1.00000,0.45360,0.08220,-0.85400
2.4800,1.00000,0.95750,0.86001,-0.04764,1.00000,0.45360,0.08220,-0.85400
2.4960,1.00000,0.95365,0.86238,-0.04764,1.00000,0.46430,0.08930,-0.84590
2.5120,1.00000,0.95365,0.86238,-0.04764,1.00000,0.46430,0.08930,-0.84590
2.5300,1.00000,0.95365,0.86238,-0.04764,1.00000,0.46430,0.08930,-0.84590
2.5470,1.00000,0.95365,0.86238,-0.04764,1.00000,0.46430,0.08930,-0.84590
2.5640,1.00000,0.96496,0.86262,-0.04764,1.00000,0.46430,0.12610,-0.87330
2.5810,1.00000,0.96496,0.86262,-0.04764,1.00000,0.46430,0.12610,-0.87330
2.5980,1.00000,0.96496,0.86262,-0.04764,1.00000,0.46430,0.12610,-0.87330
2.6150,1.00000,0.96496,0.86262,-0.04764,1.00000,0.46430,0.12610,-0.87330
2.6310,1.00000,0.96496,0.86262,-0.04764,1.00000,0.46430,0.12610,-0.87330
2.6470,1.00000,0.96496,0.86262,-0.04764,1.00000,0.46430,0.12610,-0.87330
2.6640,1.00000,0.96496,0.86262,-0.04764,1.00000,0.46430,0.12610,-0.87330
2.6800,1.00000,0.97454,0.85908,-0.04764,1.00000,0.44140,0.12050,-0.86910
2.6970,1.00000,0.97647,0.86004,-0.04764,1.00000,0.43090,0.10660,-0.84470
2.7150,1.00000,0.97647,0.86004,-0.04764,1.00000,0.43090,0.10660,-0.84470
2.7310,1.00000,0.97647,0.86004,-0.04764,1.00000,0.43090,0.10660,-0.84470
2.7480,1.00000,0.97647,0.86004,-0.04764,1.00000,0.43090,0.10660,-0.84470
2.7650,1.00000,0.97647,0.86004,-0.04764,1.00000,0.43090,0.10660,-0.84470
2.7810,1.00000,0.97647,0.86004,-0.04764,1.00000,0.43090,0.10660,-0.84470
2.7990,1.00000,0.97162,0.85932,-0.04764,1.00000,0.42870,0.12030,-0.84180
2.8150,1.00000,0.97515,0.85814,-0.04764,1.00000,0.47510,0.08760,-0.86450
2.8320,1.00000,0.97515,0.85814,-0.04764,1.00000,0.47510,0.08760,-0.86450
2.8480,1.00000,0.97515,0.85814,-0.04764,1.00000,0.47510,0.08760,-0.86450
2.8650,1.00000,0.97515,0.85814,-0.04764,1.00000,0.47510,0.08760,-0.86450
2.8810,1.00000,0.97515,0.85814,-0.04764,1.00000,0.47510,0.08760,-0.86450
2.8980,1.00000,0.97515,0.85814,-0.04764,1.00000,0.47510,0.08760,-0.86450
2.9150,1.00000,0.96588,0.86099,-0.04764,1.00000,0.47070,0.10660,-0.86030
2.9310,1.00000,0.95747,0.86288,-0.04764,1.00000,0.43580,0.11370,-0.85640
2.9480,1.00000,0.95747,0.86288,-0.04764,1.00000,0.43580,0.11370,-0.85640
2.9650,1.00000,0.95747,0.86288,-0.04764,1.00000,0.43580,0.11370,-0.85640
2.9820,1.00000,0.95747,0.86288,-0.04764,1.00000,0.43580,0.11370,-0.85640
2.9980,1.00000,0.95747,0.86288,-0.04764,1.00000,0.43580,0.11370,-0.85640
3.0140,1.00000,0.95747,0.86288,-0.04764,1.00000,0.43580,0.11370,-0.85640
3.0310,1.00000,0.95747,0.86288,-0.04764,1.00000,0.43580,0.11370,-0.85640
3.0470,1.00000,0.95720,0.86240,-0.04764,1.00000,0.43360,0.12690,-0.85550
3.0640,1.00000,0.95720,0.86240,-0.04764,1.00000,0.43360,0.12690,-0.85550
3.0820,1.00000,0.95720,0.86240,-0.04764,1.00000,0.43360,0.12690,-0.85550
3.0980,1.00000,0.95720,0.86240,-0.04764,1.00000,0.43360,0.12690,-0.85550
3.1150,1.00000,0.95720,0.86240,-0.04764,1.00000,0.43360,0.12690,-0.85550
3.1310,1.00000,0.95720,0.86240,-0.04764,1.00000,0.43360,0.12690,-0.85550
3.1480,1.00000,0.95720,0.86240,-0.04764,1.00000,0.43360,0.12690,-0.85550
3.1650,1.00000,0.95831,0.86312,-0.04764,1.00000,0.41360,0.08370,-0.88280
3.1830,1.00000,0.95308,0.86527,-0.04764,1.00000,0.41600,0.06540,-0.83520
3.2000,1.00000,0.95963,0.86476,-0.04764,1.00000,0.41360,0.08640,-0.87550
3.2170,1.00000,0.95963,0.86476,-0.04764,1.00000,0.41360,0.08640,-0.87550
3.2330,1.00000,0.95963,0.86476,-0.04764,1.00000,0.41360,0.08640,-0.87550
3.2490,1.00000,0.95963,0.86476,-0.04764,1.00000,0.41360,0.08640,-0.87550
3.2650,1.00000,0.95963,0.86476,-0.04764,1.00000,0.41360,0.08640,-0.87550
3.2810,1.00000,0.95306,0.86428,-0.04764,1.00000,0.41040,0.12690,-0.87380
3.2980,1.00000,0.95754,0.87092,-0.04764,1.00000,0.41240,0.11000,-0.87110
3.3150,1.00000,0.95754,0.87092,-0.04764,1.00000,0.41240,0.11000,-0.87110
3.3320,1.00000,0.95754,0.87092,-0.04764,1.00000,0.41240,0.11000,-0.87110
3.3490,1.00000,0.95754,0.87092,-0.04764,1.00000,0.41240,0.11000,-0.87110
3.3650,1.00000,0.95754,0.87092,-0.04764,1.00000,0.41240,0.11000,-0.87110
3.3810,1.00000,0.95754,0.87092,-0.04764,1.00000,0.41240,0.11000,-0.87110
3.3980,1.00000,0.95810,0.86901,-0.04764,1.00000,0.38800,0.10030,-0.87910
3.4140,1.00000,0.96252,0.87752,-0.04764,1.00000,0.39650,0.13420,-0.89260
3.4310,1.00000,0.96252,0.87752,-0.04764,1.00000,0.39650,0.13420,-0.89260
3.4480,1.00000,0.96252,0.87752,-0.04764,1.00000,0.39650,0.13420,-0.89260
3.4660,1.00000,0.96252,0.87752,-0.04764,1.00000,0.39650,0.13420,-0.89260
3.4820,1.00000,0.96252,0.87752,-0.04764,1.00000,0.39650,0.13420,-0.89260
3.4980,1.00000,0.96252,0.87752,-0.04764,1.00000,0.39650,0.13420,-0.89260
3.5140,1.00000,0.96359,0.87540,-0.04764,1.00000,0.39700,0.07560,-0.81860
3.5310,1.00000,0.96359,0.88111,-0.04764,1.00000,0.40550,0.11420,-0.87080
3.5470,1.00000,0.96055,0.88443,-0.04764,1.00000,0.39650,0.10300,-0.86520
3.5640,1.00000,0.96055,0.88443,-0.04764,1.00000,0.39650,0.10300,-0.86520
3.5800,1.00000,0.96055,0.88443,-0.04764,1.00000,0.39650,0.10300,-0.86520
3.5960,1.00000,0.96055,0.88443,-0.04764,1.00000,0.39650,0.10300,-0.86520
3.6120,1.00000,0.96055,0.88443,-0.04764,1.00000,0.39650,0.10300,-0.86520
3.6280,1.00000,0.96055,0.88443,-0.04764,1.00000,0.39650,0.10300,-0.86520
3.6450,1.00000,0.96010,0.88656,-0.04764,1.00000,0.38230,0.13440,-0.88670
3.6610,1.00000,0.96010,0.88656,-0.04764,1.00000,0.38230,0.13440,-0.88670
3.6780,1.00000,0.96010,0.88656,-0.04764,1.00000,0.38230,0.13440,-0.88670
3.6940,1.00000,0.96010,0.88656,-0.04764,1.00000,0.38230,0.13440,-0.88670
3.7110,1.00000,0.96010,0.88656,-0.04764,1.00000,0.38230,0.13440,-0.88670
3.7270,1.00000,0.96010,0.88656,-0.04764,1.00000,0.38230,0.13440,-0.88670
3.7440,1.00000,0.96010,0.88656,-0.04764,1.00000,0.38230,0.13440,-0.88670
3.7600,1.00000,0.95272,0.88489,-0.04764,1.00000,0.41870,0.10270,-0.89380
3.7770,1.00000,0.96401,0.88773,-0.04764,1.00000,0.38600,0.10150,-0.87060
3.7940,1.00000,0.96401,0.88773,-0.04764,1.00000,0.38600,0.10150,-0.87060
3.8110,1.00000,0.96401,0.88773,-0.04764,1.00000,0.38600,0.10150,-0.87060
3.8280,1.00000,0.96275,0.88558,-0.04764,1.00000,0.39280,0.08690,-0.87500
3.8450,1.00000,0.96275,0.88558,-0.04764,1.00000,0.39280,0.08690,-0.87500
3.8610,1.00000,0.96275,0.88558,-0.04764,1.00000,0.39280,0.08690,-0.87500
3.8770,1.00000,0.96897,0.88251,-0.04764,1.00000,0.37190,0.07830,-0.89330
3.8930,1.00000,0.96897,0.88251,-0.04764,1.00000,0.37190,0.07830,-0.89330
3.9100,1.00000,0.96897,0.88251,-0.04764,1.00000,0.37190,0.07830,-0.89330
3.9260,1.00000,0.96897,0.88251,-0.04764,1.00000,0.37190,0.07830,-0.89330
3.9430,1.00000,0.97409,0.88700,-0.04764,1.00000,0.37380,0.09130,-0.88250
3.9600,1.00000,0.97409,0.88700,-0.04764,1.00000,0.37380,0.09130,-0.88250
3.9770,1.00000,0.97409,0.88700,-0.04764,1.00000,0.37380,0.09130,-0.88250
3.9930,1.00000,0.96748,0.88346,-0.04764,1.00000,0.39060,0.08540,-0.88570
4.0090,1.00000,0.96366,0.88467,-0.04764,1.00000,0.37770,0.12930,-0.85990
4.0260,1.00000,0.96366,0.88467,-0.04764,1.00000,0.37770,0.12930,-0.85990
4.0430,1.00000,0.96366,0.88467,-0.04764,1.00000,0.37770,0.12930,-0.85990
4.0600,1.00000,0.96178,0.88703,-0.04764,1.00000,0.37260,0.11640,-0.86910
4.0760,1.00000,0.96178,0.88703,-0.04764,1.00000,0.37260,0.11640,-0.86910
4.0920,1.00000,0.96178,0.88703,-0.04764,1.00000,0.37260,0.11640,-0.86910
4.1080,1.00000,0.96178,0.88703,-0.04764,1.00000,0.37260,0.11640,-0.86910
4.1250,1.00000,0.96505,0.88822,-0.04764,1.00000,0.39650,0.16670,-0.89280
4.1430,1.00000,0.96727,0.88704,-0.04764,1.00000,0.38060,0.12880,-0.90890
4.1590,1.00000,0.96727,0.88704,-0.04764,1.00000,0.38060,0.12880,-0.90890
4.1760,1.00000,0.96951,0.88800,-0.04764,1.00000,0.37870,0.07830,-0.90260
4.1930,1.00000,0.97006,0.88800,-0.04764,1.00000,0.38060,0.09520,-0.91520
4.2100,1.00000,0.97006,0.88800,-0.04764,1.00000,0.38060,0.09520,-0.91520
4.2270,1.00000,0.97006,0.88800,-0.04764,1.00000,0.38060,0.09520,-0.91520
4.2430,1.00000,0.96799,0.88282,-0.04764,1.00000,0.40090,0.09200,-0.91060
4.2600,1.00000,0.96799,0.88282,-0.04764,1.00000,0.40090,0.09200,-0.91060
4.2760,1.00000,0.96799,0.88282,-0.04764,1.00000,0.40090,0.09200,-0.91060
4.2930,1.00000,0.97236,0.88565,-0.04764,1.00000,0.38500,0.07640,-0.90180
4.3100,1.00000,0.97785,0.88445,-0.04764,1.00000,0.38550,0.09470,-0.89890
4.3270,1.00000,0.97785,0.88445,-0.04764,1.00000,0.38550,0.09470,-0.89890
4.3440,1.00000,0.97785,0.88445,-0.04764,1.00000,0.38550,0.09470,-0.89890
4.3600,1.00000,0.96989,0.87806,-0.04764,1.00000,0.37870,0.13540,-0.88110
4.3760,1.00000,0.96989,0.87806,-0.04764,1.00000,0.37870,0.13540,-0.88110
4.3930,1.00000,0.96989,0.87806,-0.04764,1.00000,0.37870,0.13540,-0.88110
4.4090,1.00000,0.96989,0.87806,-0.04764,1.00000,0.37870,0.13540,-0.88110
4.4250,1.00000,0.96825,0.88256,-0.04764,1.00000,0.37750,0.10610,-0.89720
4.4420,1.00000,0.96825,0.88256,-0.04764,1.00000,0.37750,0.10610,-0.89720
4.4590,1.00000,0.96825,0.88256,-0.04764,1.00000,0.37750,0.10610,-0.89720
4.4750,1.00000,0.96825,0.88256,-0.04764,1.00000,0.37750,0.10610,-0.89720
4.4910,1.00000,0.96825,0.88256,-0.04764,1.00000,0.37750,0.10610,-0.89720
4.5080,1.00000,0.96825,0.88256,-0.04764,1.00000,0.37750,0.10610,-0.89720
4.5240,1.00000,0.96825,0.88256,-0.04764,1.00000,0.37750,0.10610,-0.89720
4.5420,1.00000,0.96329,0.88421,-0.04764,1.00000,0.37940,0.12660,-0.89380
4.5590,1.00000,0.95616,0.88065,-0.04764,1.00000,0.31380,0.14320,-0.88180
4.5760,1.00000,0.95616,0.88065,-0.04764,1.00000,0.31380,0.14320,-0.88180
4.5930,1.00000,0.95205,0.88515,-0.04764,1.00000,0.36840,0.10830,-0.88210
4.6100,1.00000,0.94954,0.88539,-0.04764,1.00000,0.37530,0.10610,-0.87820
4.6260,1.00000,0.94954,0.88539,-0.04764,1.00000,0.37530,0.10610,-0.87820
4.6430,1.00000,0.94954,0.88539,-0.04764,1.00000,0.37530,0.10610,-0.87820
4.6590,1.00000,0.95286,0.88609,-0.04764,1.00000,0.36310,0.13180,-0.88820
4.6750,1.00000,0.95286,0.88609,-0.04764,1.00000,0.36310,0.13180,-0.88820
4.6920,1.00000,0.95286,0.88609,-0.04764,1.00000,0.36310,0.13180,-0.88820
4.7090,1.00000,0.95286,0.88609,-0.04764,1.00000,0.36310,0.13180,-0.88820
4.7260,1.00000,0.96430,0.88371,-0.04764,1.00000,0.36160,0.13880,-0.89130
4.7430,1.00000,0.96430,0.88371,-0.04764,1.00000,0.36160,0.13880,-0.89130
4.7600,1.00000,0.96430,0.88371,-0.04764,1.00000,0.36160,0.13880,-0.89130
4.7760,1.00000,0.96077,0.88277,-0.04764,1.00000,0.35500,0.14130,-0.90770
4.7930,1.00000,0.96077,0.88277,-0.04764,1.00000,0.35500,0.14130,-0.90770
4.8100,1.00000,0.96077,0.88277,-0.04764,1.00000,0.35500,0.14130,-0.90770
4.8260,1.00000,0.96077,0.88277,-0.04764,1.00000,0.35500,0.14130,-0.90770
4.8420,1.00000,0.97379,0.88561,-0.04764,1.00000,0.36940,0.12080,-0.90450
4.8590,1.00000,0.97902,0.89059,-0.04764,1.00000,0.36550,0.12540,-0.90300
4.8760,1.00000,0.97902,0.89059,-0.04764,1.00000,0.36550,0.12540,-0.90300
4.8930,1.00000,0.98036,0.88965,-0.04764,1.00000,0.36600,0.12610,-0.89690
4.9090,1.00000,0.98669,0.88657,-0.04764,1.00000,0.37060,0.11320,-0.88210
4.9250,1.00000,0.98669,0.88657,-0.04764,1.00000,0.37060,0.11320,-0.88210
4.9420,1.00000,0.98669,0.88657,-0.04764,1.00000,0.37060,0.11320,-0.88210
4.9580,1.00000,0.97900,0.88776,-0.04764,1.00000,0.35530,0.12710,-0.87720
4.9740,1.00000,0.97900,0.88776,-0.04764,1.00000,0.35530,0.12710,-0.87720
4.9910,1.00000,0.97900,0.88776,-0.04764,1.00000,0.35530,0.12710,-0.87720
5.0080,1.00000,0.97900,0.88776,-0.04764,1.00000,0.35530,0.12710,-0.87720
5.0250,1.00000,0.97470,0.88988,-0.04764,1.00000,0.35720,0.11910,-0.89180
5.0410,1.00000,0.97470,0.88988,-0.04764,1.00000,0.35720,0.11910,-0.89180
5.0570,1.00000,0.97470,0.88988,-0.04764,1.00000,0.35720,0.11910,-0.89180
5.0740,1.00000,0.97118,0.88917,-0.04764,1.00000,0.37010,0.12300,-0.89770
5.0910,1.00000,0.96595,0.88870,-0.04764,1.00000,0.37110,0.11710,-0.89600
5.1080,1.00000,0.96595,0.88870,-0.04764,1.00000,0.37110,0.11710,-0.89600
5.1240,1.00000,0.96595,0.88870,-0.04764,1.00000,0.37110,0.11710,-0.89600
5.1400,1.00000,0.95984,0.88183,-0.04764,1.00000,0.47580,0.14790,-0.96160
5.1560,1.00000,0.95984,0.88183,-0.04764,1.00000,0.47580,0.14790,-0.96160
5.1720,1.00000,0.95984,0.88183,-0.04764,1.00000,0.47580,0.14790,-0.96160
5.1880,1.00000,0.95984,0.88183,-0.04764,1.00000,0.47580,0.14790,-0.96160
5.2040,1.00000,0.96102,0.88867,-0.04764,1.00000,0.07270,0.18710,-0.09000
5.2210,1.00000,0.96102,0.88867,-0.04764,1.00000,0.07270,0.18710,-0.09000
5.2380,1.00000,0.96102,0.88867,-0.04764,1.00000,0.07270,0.18710,-0.09000
5.2550,1.00000,0.96866,0.88868,-0.04764,1.00000,-0.55460,-0.11520,0.23200
5.2720,1.00000,0.97359,0.88892,-0.04764,1.00000,-0.96720,0.60980,-1.99790
5.2890,1.00000,0.97359,0.88892,-0.04764,1.00000,-0.96720,0.60980,-1.99790
5.3060,1.00000,0.97359,0.88892,-0.04764,1.00000,-0.96720,0.60980,-1.99790
5.3220,1.00000,0.98090,0.89531,-0.04764,1.00000,1.71310,-0.25940,-0.67320
5.3390,1.00000,0.98090,0.89531,-0.04764,1.00000,1.71310,-0.25940,-0.67320
5.3550,1.00000,0.98090,0.89531,-0.04764,1.00000,1.71310,-0.25940,-0.67320
5.3720,1.00000,0.97948,0.89081,-0.04764,1.00000,0.57100,0.84860,-0.51240
5.3880,1.00000,0.98904,0.88627,-0.04764,1.00000,0.06150,0.90720,-1.16120
5.4040,1.00000,0.98904,0.88627,-0.04764,1.00000,0.06150,0.90720,-1.16120
5.4200,1.00000,0.98904,0.88627,-0.04764,1.00000,0.06150,0.90720,-1.16120
5.4370,1.00000,0.99622,0.89219,-0.04764,1.00000,0.44140,0.17960,-0.67490
5.4540,1.00000,0.99622,0.89219,-0.04764,1.00000,0.44140,0.17960,-0.67490
5.4710,1.00000,0.99622,0.89219,-0.04764,1.00000,0.44140,0.17960,-0.67490
5.4870,1.00000,0.99622,0.89219,-0.04764,1.00000,0.44140,0.17960,-0.67490
5.5030,1.00000,1.00000,0.88581,-0.04764,1.00000,0.45240,-0.05780,-1.56650
5.5200,1.00000,1.00000,0.88581,-0.04764,1.00000,0.45240,-0.05780,-1.56650
5.5370,1.00000,1.00000,0.88581,-0.04764,1.00000,0.45240,-0.05780,-1.56650
5.5540,1.00000,1.00000,0.88321,-0.04764,1.00000,0.75810,-1.44280,-1.11730
5.5700,1.00000,1.00000,0.88320,-0.04764,1.00000,0.21080,-0.01560,-0.61410
5.5870,1.00000,1.00000,0.88320,-0.04764,1.00000,0.21080,-0.01560,-0.61410
5.6040,1.00000,1.00000,0.88320,-0.04764,1.00000,0.21080,-0.01560,-0.61410
5.6200,1.00000,0.99317,0.86995,-0.04764,1.00000,0.11520,0.77570,-0.03900
5.6370,1.00000,0.99317,0.86995,-0.04764,1.00000,0.11520,0.77570,-0.03900
5.6540,1.00000,0.99317,0.86995,-0.04764,1.00000,0.11520,0.77570,-0.03900
5.6710,1.00000,0.98583,0.87160,-0.04764,1.00000,0.15690,-0.04000,-0.68860
5.6870,1.00000,0.98583,0.87160,-0.04764,1.00000,0.15690,-0.04000,-0.68860
5.7030,1.00000,0.98583,0.87160,-0.04764,1.00000,0.15690,-0.04000,-0.68860
5.7200,1.00000,0.98583,0.87160,-0.04764,1.00000,0.15690,-0.04000,-0.68860
5.7370,1.00000,0.98583,0.87160,-0.04764,1.00000,0.15690,-0.04000,-0.68860
5.7530,1.00000,0.98583,0.87160,-0.04764,1.00000,0.15690,-0.04000,-0.68860
5.7700,1.00000,0.98583,0.87160,-0.04764,1.00000,0.15690,-0.04000,-0.68860
5.7860,1.00000,0.98583,0.87160,-0.04764,1.00000,0.15690,-0.04000,-0.68860
5.8030,1.00000,0.98615,0.86617,-0.04764,1.00000,0.82200,-0.13620,-1.39520
5.8200,1.00000,0.98634,0.86140,-0.04764,1.00000,0.24770,-0.42020,0.19740
5.8370,1.00000,0.97708,0.85925,-0.04764,1.00000,0.30210,-1.76020,-1.37230
5.8530,1.00000,0.97325,0.85664,-0.04764,1.00000,0.59120,-1.56920,-1.71140
5.8690,1.00000,0.97325,0.85664,-0.04764,1.00000,0.59120,-1.56920,-1.71140
5.8860,1.00000,0.97325,0.85664,-0.04764,1.00000,0.59120,-1.56920,-1.71140
5.9020,1.00000,0.97325,0.85664,-0.04764,1.00000,0.59120,-1.56920,-1.71140
5.9190,1.00000,0.97575,0.85877,-0.04764,1.00000,0.88180,0.77520,-2.35120
5.9350,1.00000,0.97575,0.85877,-0.04764,1.00000,0.88180,0.77520,-2.35120
5.9520,1.00000,0.97575,0.85877,-0.04764,1.00000,0.88180,0.77520,-2.35120
5.9690,1.00000,0.97575,0.85877,-0.04764,1.00000,0.88180,0.77520,-2.35120
5.9860,1.00000,0.98880,0.86305,-0.04764,1.00000,0.30620,0.70250,0.74010
6.0030,1.00000,0.99179,0.86329,-0.04764,1.00000,-0.17080,-1.63260,0.24400
6.0200,1.00000,0.99179,0.86329,-0.04764,1.00000,-0.17080,-1.63260,0.24400
6.0360,1.00000,0.98229,0.86401,-0.04764,1.00000,0.82080,-0.31990,-2.39730
6.0530,1.00000,0.98229,0.86401,-0.04764,1.00000,0.82080,-0.31990,-2.39730
6.0690,1.00000,0.98229,0.86401,-0.04764,1.00000,0.82080,-0.31990,-2.39730
6.0860,1.00000,0.98229,0.86401,-0.04764,1.00000,0.82080,-0.31990,-2.39730
6.1020,1.00000,0.99181,0.86949,-0.04764,1.00000,1.03330,1.03210,-0.84350
6.1180,1.00000,0.99181,0.86949,-0.04764,1.00000,1.03330,1.03210,-0.84350
6.1350,1.00000,0.99181,0.86949,-0.04764,1.00000,1.03330,1.03210,-0.84350
6.1510,1.00000,0.99181,0.86949,-0.04764,1.00000,1.03330,1.03210,-0.84350
6.1680,1.00000,0.99181,0.86949,-0.04764,1.00000,1.03330,1.03210,-0.84350
6.1850,1.00000,0.99181,0.86949,-0.04764,1.00000,1.03330,1.03210,-0.84350
6.2020,1.00000,0.99181,0.86949,-0.04764,1.00000,1.03330,1.03210,-0.84350
6.2180,1.00000,0.99698,0.86784,-0.04764,1.00000,0.89300,-0.66830,1.26640
6.2350,1.00000,0.99558,0.86833,-0.04764,1.00000,0.22860,-0.53480,-2.19430
6.2510,1.00000,0.99558,0.86833,-0.04764,1.00000,0.22860,-0.53480,-2.19430
6.2670,1.00000,0.99558,0.86833,-0.04764,1.00000,0.22860,-0.53480,-2.19430
6.2840,1.00000,0.99069,0.87591,-0.04764,1.00000,0.50040,1.64850,-2.54200
6.3000,1.00000,0.99069,0.87591,-0.04764,1.00000,0.50040,1.64850,-2.54200
6.3160,1.00000,0.99069,0.87591,-0.04764,1.00000,0.50040,1.64850,-2.54200
6.3320,1.00000,0.99069,0.87591,-0.04764,1.00000,0.50040,1.64850,-2.54200
6.3480,1.00000,0.99555,0.88326,-0.04764,1.00000,1.08380,0.75440,0.74010
6.3650,1.00000,0.99555,0.88326,-0.04764,1.00000,1.08380,0.75440,0.74010
6.3810,1.00000,0.99555,0.88326,-0.04764,1.00000,1.08380,0.75440,0.74010
6.3980,1.00000,0.99555,0.88326,-0.04764,1.00000,1.08380,0.75440,0.74010
6.4140,1.00000,0.99555,0.88326,-0.04764,1.00000,1.08380,0.75440,0.74010
6.4310,1.00000,0.99555,0.88326,-0.04764,1.00000,1.08380,0.75440,0.74010
6.4470,1.00000,0.99555,0.88326,-0.04764,1.00000,1.08380,0.75440,0.74010
6.4630,1.00000,0.98174,0.88467,-0.04764,1.00000,-0.26640,-1.17190,-1.32440
6.4800,1.00000,0.98938,0.88634,-0.04764,1.00000,0.03290,0.69080,-2.57250
6.4970,1.00000,0.98938,0.88634,-0.04764,1.00000,0.03290,0.69080,-2.57250
6.5130,1.00000,0.98938,0.88634,-0.04764,1.00000,0.03290,0.69080,-2.57250
6.5290,1.00000,0.98938,0.88634,-0.04764,1.00000,0.03290,0.69080,-2.57250
6.5450,1.00000,0.98938,0.88634,-0.04764,1.00000,0.03290,0.69080,-2.57250
6.5620,1.00000,0.98938,0.88634,-0.04764,1.00000,0.03290,0.69080,-2.57250
6.5780,1.00000,0.98479,0.88658,-0.04764,1.00000,0.68980,1.85220,-1.03110
6.5950,1.00000,0.99073,0.88823,-0.04764,1.00000,1.11750,-1.03630,0.33840
6.6110,1.00000,0.99073,0.88823,-0.04764,1.00000,1.11750,-1.03630,0.33840
6.6280,1.00000,0.99073,0.88823,-0.04764,1.00000,1.11750,-1.03630,0.33840
6.6440,1.00000,0.99073,0.88823,-0.04764,1.00000,1.11750,-1.03630,0.33840
6.6610,1.00000,0.99073,0.88823,-0.04764,1.00000,1.11750,-1.03630,0.33840
6.6770,1.00000,0.99073,0.88823,-0.04764,1.00000,1.11750,-1.03630,0.33840
6.6940,1.00000,0.99458,0.88088,-0.04764,1.00000,0.24080,-1.86150,-0.98970
6.7110,1.00000,0.98726,0.87615,-0.04764,1.00000,-0.60000,-0.86130,-1.94640
6.7270,1.00000,0.98726,0.87615,-0.04764,1.00000,-0.60000,-0.86130,-1.94640
6.7430,1.00000,0.98726,0.87615,-0.04764,1.00000,-0.60000,-0.86130,-1.94640
6.7600,1.00000,0.98726,0.87615,-0.04764,1.00000,-0.60000,-0.86130,-1.94640
6.7760,1.00000,0.98726,0.87615,-0.04764,1.00000,-0.60000,-0.86130,-1.94640
6.7920,1.00000,0.98726,0.87615,-0.04764,1.00000,-0.60000,-0.86130,-1.94640
6.8090,1.00000,0.98726,0.87615,-0.04764,1.00000,-0.60000,-0.86130,-1.94640
6.8250,1.00000,0.99459,0.87143,-0.04764,1.00000,0.40850,1.74120,-1.49740
6.8410,1.00000,0.99459,0.87143,-0.04764,1.00000,0.40850,1.74120,-1.49740
6.8580,1.00000,0.99459,0.87143,-0.04764,1.00000,0.40850,1.74120,-1.49740
6.8750,1.00000,0.99807,0.87780,-0.04764,1.00000,1.47300,1.99320,-0.26470
6.8930,1.00000,0.98616,0.87804,-0.04764,1.00000,-0.17840,-2.86210,-0.97770
6.9090,1.00000,0.98778,0.87685,-0.04764,1.00000,0.02390,1.39890,-2.33360
6.9260,1.00000,0.98778,0.87685,-0.04764,1.00000,0.02390,1.39890,-2.33360
6.9420,1.00000,0.98696,0.88063,-0.04764,1.00000,0.47530,1.60260,-1.61260
6.9580,1.00000,0.98696,0.88063,-0.04764,1.00000,0.47530,1.60260,-1.61260
6.9740,1.00000,0.98696,0.88063,-0.04764,1.00000,0.47530,1.60260,-1.61260
6.9900,1.00000,0.98696,0.88063,-0.04764,1.00000,0.47530,1.60260,-1.61260
7.0070,1.00000,0.98696,0.88063,-0.04764,1.00000,0.47530,1.60260,-1.61260
7.0230,1.00000,0.98696,0.88063,-0.04764,1.00000,0.47530,1.60260,-1.61260
7.0390,1.00000,0.98696,0.88063,-0.04764,1.00000,0.47530,1.60260,-1.61260
7.0550,1.00000,0.99185,0.88253,-0.04764,1.00000,1.47450,2.95070,-0.40770
7.0720,1.00000,0.98130,0.88325,-0.04764,1.00000,0.45990,-2.27210,0.09830
7.0890,1.00000,0.98565,0.88208,-0.04764,1.00000,-0.59170,-1.05330,-1.49550
7.1060,1.00000,0.98565,0.88208,-0.04764,1.00000,-0.59170,-1.05330,-1.49550
7.1230,1.00000,0.98565,0.88208,-0.04764,1.00000,-0.59170,-1.05330,-1.49550
7.1390,1.00000,0.98565,0.88208,-0.04764,1.00000,-0.59170,-1.05330,-1.49550
7.1550,1.00000,0.98565,0.88208,-0.04764,1.00000,-0.59170,-1.05330,-1.49550
7.1720,1.00000,0.97708,0.87995,-0.04764,1.00000,-0.90080,-0.42920,-2.31120
7.1890,1.00000,0.98854,0.88846,-0.04764,1.00000,0.91520,1.07160,-0.19320
7.2050,1.00000,0.98854,0.88846,-0.04764,1.00000,0.91520,1.07160,-0.19320
7.2220,1.00000,0.98854,0.88846,-0.04764,1.00000,0.91520,1.07160,-0.19320
7.2390,1.00000,0.98854,0.88846,-0.04764,1.00000,0.91520,1.07160,-0.19320
7.2550,1.00000,0.98854,0.88846,-0.04764,1.00000,0.91520,1.07160,-0.19320
7.2720,1.00000,0.98854,0.88846,-0.04764,1.00000,0.91520,1.07160,-0.19320
7.2880,1.00000,0.98854,0.88846,-0.04764,1.00000,0.91520,1.07160,-0.19320
7.3040,1.00000,0.97754,0.89959,-0.04764,1.00000,0.23720,-1.65090,-0.35870
7.3200,1.00000,0.97073,0.89770,-0.04764,1.00000,-1.11360,-0.92570,-2.09450
7.3360,1.00000,0.97073,0.89770,-0.04764,1.00000,-1.11360,-0.92570,-2.09450
7.3520,1.00000,0.97073,0.89770,-0.04764,1.00000,-1.11360,-0.92570,-2.09450
7.3680,1.00000,0.97073,0.89770,-0.04764,1.00000,-1.11360,-0.92570,-2.09450
7.3840,1.00000,0.97073,0.89770,-0.04764,1.00000,-1.11360,-0.92570,-2.09450
7.4010,1.00000,0.97073,0.89770,-0.04764,1.00000,-1.11360,-0.92570,-2.09450
7.4170,1.00000,0.98161,0.89582,-0.04764,1.00000,0.02710,1.20680,-2.70640
7.4330,1.00000,0.98394,0.90075,-0.04764,1.00000,1.40840,-0.43750,0.20280
7.4490,1.00000,0.98394,0.90075,-0.04764,1.00000,1.40840,-0.43750,0.20280
7.4660,1.00000,0.98394,0.90075,-0.04764,1.00000,1.40840,-0.43750,0.20280
7.4820,1.00000,0.98394,0.90075,-0.04764,1.00000,1.40840,-0.43750,0.20280
7.4980,1.00000,0.98394,0.90075,-0.04764,1.00000,1.40840,-0.43750,0.20280
7.5140,1.00000,0.98394,0.90075,-0.04764,1.00000,1.40840,-0.43750,0.20280
7.5310,1.00000,0.98394,0.90075,-0.04764,1.00000,1.40840,-0.43750,0.20280
7.5480,1.00000,0.98202,0.89957,-0.04764,1.00000,1.19630,-1.37690,0.79230
7.5640,1.00000,0.98202,0.89957,-0.04764,1.00000,1.19630,-1.37690,0.79230
7.5800,1.00000,0.98202,0.89957,-0.04764,1.00000,1.19630,-1.37690,0.79230
7.5960,1.00000,0.97743,0.89910,-0.04764,1.00000,-0.40040,-1.10390,-1.37320
7.6120,1.00000,0.98206,0.89957,-0.04764,1.00000,0.29180,1.92080,-2.12960
7.6290,1.00000,0.98096,0.90098,-0.04764,1.00000,0.69710,1.89880,-1.25860
7.6460,1.00000,0.98096,0.90098,-0.04764,1.00000,0.69710,1.89880,-1.25860
7.6630,1.00000,0.97064,0.89836,-0.04764,1.00000,1.66970,0.20520,1.42370
7.6800,1.00000,0.97064,0.89836,-0.04764,1.00000,1.66970,0.20520,1.42370
7.6970,1.00000,0.97064,0.89836,-0.04764,1.00000,1.66970,0.20520,1.42370
7.7140,1.00000,0.97661,0.89198,-0.04764,1.00000,2.02620,-0.95140,0.86820
7.7300,1.00000,0.97824,0.88937,-0.04764,1.00000,1.97930,-1.57400,0.80080
7.7470,1.00000,0.97824,0.88937,-0.04764,1.00000,1.97930,-1.57400,0.80080
7.7630,1.00000,0.97824,0.88937,-0.04764,1.00000,1.97930,-1.57400,0.80080
7.7800,1.00000,0.98397,0.89480,-0.04764,1.00000,-0.88180,0.01660,-2.35630
7.7970,1.00000,0.98774,0.89221,-0.04764,1.00000,-0.87400,1.20660,-2.73960
7.8140,1.00000,0.98774,0.89221,-0.04764,1.00000,-0.87400,1.20660,-2.73960
7.8300,1.00000,0.98774,0.89221,-0.04764,1.00000,-0.87400,1.20660,-2.73960
7.8460,1.00000,0.99048,0.89364,-0.04764,1.00000,0.70000,1.75140,-1.37690
7.8620,1.00000,0.99048,0.89364,-0.04764,1.00000,0.70000,1.75140,-1.37690
7.8790,1.00000,0.99048,0.89364,-0.04764,1.00000,0.70000,1.75140,-1.37690
7.8950,1.00000,0.99624,0.88795,-0.04764,1.00000,1.64650,0.09350,0.25720
7.9120,1.00000,0.98976,0.89008,-0.04764,1.00000,1.06630,-0.55020,0.80320
7.9290,1.00000,0.98976,0.89008,-0.04764,1.00000,1.06630,-0.55020,0.80320
7.9460,1.00000,0.98976,0.89008,-0.04764,1.00000,1.06630,-0.55020,0.80320
7.9620,1.00000,0.99187,0.87963,-0.04764,1.00000,-0.38820,-1.19020,-1.49720
7.9790,1.00000,0.99187,0.87963,-0.04764,1.00000,-0.38820,-1.19020,-1.49720
7.9950,1.00000,0.99187,0.87963,-0.04764,1.00000,-0.38820,-1.19020,-1.49720
8.0110,1.00000,0.98808,0.88010,-0.04764,1.00000,-1.12440,-0.49000,-2.08910
8.0280,1.00000,0.98034,0.88058,-0.04764,1.00000,-1.05240,0.67610,-3.17640
8.0450,1.00000,0.98034,0.88058,-0.04764,1.00000,-1.05240,0.67610,-3.17640
8.0620,1.00000,0.98034,0.88058,-0.04764,1.00000,-1.05240,0.67610,-3.17640
8.0790,1.00000,0.96282,0.86804,-0.04764,1.00000,0.90180,1.32000,-1.26860
8.0950,1.00000,0.96120,0.86495,-0.04764,1.00000,1.05330,0.37310,0.22840
8.1120,1.00000,0.96120,0.86495,-0.04764,1.00000,1.05330,0.37310,0.22840
8.1290,1.00000,0.96120,0.86495,-0.04764,1.00000,1.05330,0.37310,0.22840
8.1450,1.00000,0.95678,0.85783,-0.04764,1.00000,1.27860,-0.81720,1.27290
8.1620,1.00000,0.95678,0.85783,-0.04764,1.00000,1.27860,-0.81720,1.27290
8.1790,1.00000,0.95678,0.85783,-0.04764,1.00000,1.27860,-0.81720,1.27290
8.1960,1.00000,0.94714,0.85663,-0.04764,1.00000,0.18860,-1.56400,-1.36910
8.2130,1.00000,0.94155,0.84925,-0.04764,1.00000,-0.07370,-1.25200,-1.98200
8.2300,1.00000,0.94155,0.84925,-0.04764,1.00000,-0.07370,-1.25200,-1.98200
8.2470,1.00000,0.94155,0.84925,-0.04764,1.00000,-0.07370,-1.25200,-1.98200
8.2630,1.00000,0.94512,0.85091,-0.04764,1.00000,-0.10810,0.12710,-2.87260
8.2800,1.00000,0.94512,0.85091,-0.04764,1.00000,-0.10810,0.12710,-2.87260
8.2960,1.00000,0.94512,0.85091,-0.04764,1.00000,-0.10810,0.12710,-2.87260
8.3130,1.00000,0.94679,0.85233,-0.04764,1.00000,0.36500,0.91110,-3.02320
8.3300,1.00000,0.95482,0.84662,-0.04764,1.00000,0.50000,0.73050,0.13010
8.3460,1.00000,0.95482,0.84662,-0.04764,1.00000,0.50000,0.73050,0.13010
8.3630,1.00000,0.95482,0.84662,-0.04764,1.00000,0.50000,0.73050,0.13010
8.3790,1.00000,0.94932,0.84187,-0.04764,1.00000,0.56390,-1.44790,1.16140
8.3950,1.00000,0.94932,0.84187,-0.04764,1.00000,0.56390,-1.44790,1.16140
8.4110,1.00000,0.94932,0.84187,-0.04764,1.00000,0.56390,-1.44790,1.16140
8.4270,1.00000,0.94932,0.84187,-0.04764,1.00000,0.56390,-1.44790,1.16140
8.4440,1.00000,0.95151,0.83376,-0.04764,1.00000,0.18370,-0.81860,-2.63230
8.4600,1.00000,0.95151,0.83376,-0.04764,1.00000,0.18370,-0.81860,-2.63230
8.4770,1.00000,0.95151,0.83376,-0.04764,1.00000,0.18370,-0.81860,-2.63230
8.4930,1.00000,0.95706,0.83114,-0.04764,1.00000,0.21450,-0.18810,-2.87550
8.5100,1.00000,0.96703,0.82659,-0.04764,1.00000,0.51850,0.85400,-1.68190
8.5260,1.00000,0.96703,0.82659,-0.04764,1.00000,0.51850,0.85400,-1.68190
8.5430,1.00000,0.96703,0.82659,-0.04764,1.00000,0.51850,0.85400,-1.68190
8.5590,1.00000,0.95769,0.82255,-0.04764,1.00000,0.36010,1.01580,-0.21620
8.5750,1.00000,0.95769,0.82255,-0.04764,1.00000,0.36010,1.01580,-0.21620
8.5910,1.00000,0.95769,0.82255,-0.04764,1.00000,0.36010,1.01580,-0.21620
8.6080,1.00000,0.95769,0.82255,-0.04764,1.00000,0.36010,1.01580,-0.21620
8.6240,1.00000,0.94752,0.82113,-0.04764,1.00000,0.71780,-0.65780,0.57410
8.6410,1.00000,0.94752,0.82113,-0.04764,1.00000,0.71780,-0.65780,0.57410
8.6570,1.00000,0.94752,0.82113,-0.04764,1.00000,0.71780,-0.65780,0.57410
8.6730,1.00000,0.94585,0.82851,-0.04764,1.00000,0.34750,-2.01130,-0.92430
8.6890,1.00000,0.95798,0.82686,-0.04764,1.00000,0.04610,-0.04200,-2.69420
8.7050,1.00000,0.95798,0.82686,-0.04764,1.00000,0.04610,-0.04200,-2.69420
8.7220,1.00000,0.95798,0.82686,-0.04764,1.00000,0.04610,-0.04200,-2.69420
8.7380,1.00000,0.95965,0.84138,-0.04764,1.00000,0.21910,1.80000,-0.63950
8.7540,1.00000,0.95965,0.84138,-0.04764,1.00000,0.21910,1.80000,-0.63950
8.7710,1.00000,0.95965,0.84138,-0.04764,1.00000,0.21910,1.80000,-0.63950
8.7880,1.00000,0.95965,0.84138,-0.04764,1.00000,0.21910,1.80000,-0.63950
8.8040,1.00000,0.95552,0.85217,-0.04764,1.00000,1.00060,-0.74740,0.97650
8.8200,1.00000,0.95552,0.85217,-0.04764,1.00000,1.00060,-0.74740,0.97650
8.8380,1.00000,0.95552,0.85217,-0.04764,1.00000,1.00060,-0.74740,0.97650
8.8550,1.00000,0.96024,0.86073,-0.04764,1.00000,0.63000,-2.13160,-0.35060
8.8720,1.00000,0.95996,0.86476,-0.04764,1.00000,0.37210,-1.41130,-0.71930
8.8890,1.00000,0.95996,0.86476,-0.04764,1.00000,0.37210,-1.41130,-0.71930
8.9060,1.00000,0.95996,0.86476,-0.04764,1.00000,0.37210,-1.41130,-0.71930
8.9230,1.00000,0.97343,0.86903,-0.04764,1.00000,0.00680,0.51900,-2.32090
8.9400,1.00000,0.97343,0.86903,-0.04764,1.00000,0.00680,0.51900,-2.32090
8.9560,1.00000,0.97343,0.86903,-0.04764,1.00000,0.00680,0.51900,-2.32090
8.9730,1.00000,0.97728,0.86950,-0.04764,1.00000,0.19860,1.11120,-2.23360
8.9900,1.00000,0.97728,0.86950,-0.04764,1.00000,0.19860,1.11120,-2.23360
9.0070,1.00000,0.97728,0.86950,-0.04764,1.00000,0.19860,1.11120,-2.23360
9.0230,1.00000,0.97728,0.86950,-0.04764,1.00000,0.19860,1.11120,-2.23360
9.0390,1.00000,0.97314,0.87449,-0.04764,1.00000,0.63200,1.50940,-0.46770
9.0560,1.00000,0.96930,0.87211,-0.04764,1.00000,0.93700,-0.62900,0.52510
9.0730,1.00000,0.96930,0.87211,-0.04764,1.00000,0.93700,-0.62900,0.52510
9.0900,1.00000,0.96930,0.87211,-0.04764,1.00000,0.93700,-0.62900,0.52510
9.1060,1.00000,0.96685,0.87445,-0.04764,1.00000,0.24550,-1.50910,-0.63760
9.1240,1.00000,0.96685,0.87445,-0.04764,1.00000,0.24550,-1.50910,-0.63760
9.1410,1.00000,0.96685,0.87445,-0.04764,1.00000,0.24550,-1.50910,-0.63760
9.1580,1.00000,0.96264,0.86804,-0.04764,1.00000,-0.18010,0.48290,-2.81010
9.1750,1.00000,0.96264,0.86804,-0.04764,1.00000,-0.18010,0.48290,-2.81010
9.1930,1.00000,0.96264,0.86804,-0.04764,1.00000,-0.18010,0.48290,-2.81010
9.2100,1.00000,0.96264,0.86804,-0.04764,1.00000,-0.18010,0.48290,-2.81010
9.2260,1.00000,0.94976,0.86971,-0.04764,1.00000,0.77130,2.02570,-0.97160
9.2430,1.00000,0.94976,0.86971,-0.04764,1.00000,0.77130,2.02570,-0.97160
9.2600,1.00000,0.94976,0.86971,-0.04764,1.00000,0.77130,2.02570,-0.97160
9.2760,1.00000,0.94183,0.85615,-0.04764,1.00000,1.10260,-0.98500,0.88250
9.2930,1.00000,0.94183,0.85615,-0.04764,1.00000,1.10260,-0.98500,0.88250
9.3090,1.00000,0.94183,0.85615,-0.04764,1.00000,1.10260,-0.98500,0.88250
9.3250,1.00000,0.94183,0.85615,-0.04764,1.00000,1.10260,-0.98500,0.88250
9.3420,1.00000,0.93441,0.83823,-0.04764,1.00000,0.14740,-2.32240,-0.38550
9.3580,1.00000,0.93441,0.83823,-0.04764,1.00000,0.14740,-2.32240,-0.38550
9.3740,1.00000,0.93441,0.83823,-0.04764,1.00000,0.14740,-2.32240,-0.38550
9.3900,1.00000,0.93441,0.83823,-0.04764,1.00000,0.14740,-2.32240,-0.38550
9.4070,1.00000,0.91007,0.79843,-0.04764,1.00000,-0.16790,1.73900,-2.42950
9.4240,1.00000,0.91007,0.79843,-0.04764,1.00000,-0.16790,1.73900,-2.42950
9.4410,1.00000,0.91007,0.79843,-0.04764,1.00000,-0.16790,1.73900,-2.42950
9.4570,1.00000,0.90899,0.78494,-0.04764,1.00000,0.60760,1.18220,-0.41110
9.4730,1.00000,0.90899,0.78494,-0.04764,1.00000,0.60760,1.18220,-0.41110
9.4900,1.00000,0.90899,0.78494,-0.04764,1.00000,0.60760,1.18220,-0.41110
9.5060,1.00000,0.90899,0.78494,-0.04764,1.00000,0.60760,1.18220,-0.41110
9.5220,1.00000,0.90735,0.76342,-0.04764,1.00000,1.39300,-1.34100,0.75150
9.5380,1.00000,0.90735,0.76342,-0.04764,1.00000,1.39300,-1.34100,0.75150
9.5540,1.00000,0.90735,0.76342,-0.04764,1.00000,1.39300,-1.34100,0.75150
9.5710,1.00000,0.90674,0.75732,-0.04764,1.00000,0.80130,-1.89200,-0.43550
9.5870,1.00000,0.90674,0.75732,-0.04764,1.00000,0.80130,-1.89200,-0.43550
9.6040,1.00000,0.90674,0.75732,-0.04764,1.00000,0.80130,-1.89200,-0.43550
9.6200,1.00000,0.90674,0.75732,-0.04764,1.00000,0.80130,-1.89200,-0.43550
9.6370,1.00000,0.89726,0.75080,-0.04764,1.00000,-0.27180,-0.71370,-1.80170
9.6540,1.00000,0.89162,0.75874,-0.04764,1.00000,-0.22500,1.67730,-2.21450
9.6710,1.00000,0.89162,0.75874,-0.04764,1.00000,-0.22500,1.67730,-2.21450
9.6870,1.00000,0.89162,0.75874,-0.04764,1.00000,-0.22500,1.67730,-2.21450
9.7040,1.00000,0.89162,0.75874,-0.04764,1.00000,-0.22500,1.67730,-2.21450
9.7200,1.00000,0.89162,0.75874,-0.04764,1.00000,-0.22500,1.67730,-2.21450
9.7370,1.00000,0.89162,0.75874,-0.04764,1.00000,-0.22500,1.67730,-2.21450
9.7530,1.00000,0.89943,0.76189,-0.04764,1.00000,0.25670,1.73410,-1.60110
9.7700,1.00000,0.91179,0.77491,-0.04764,1.00000,1.19730,-1.26270,0.99970
9.7860,1.00000,0.91206,0.77587,-0.04764,1.00000,0.94920,-1.19440,0.68030
9.8030,1.00000,0.91206,0.77587,-0.04764,1.00000,0.94920,-1.19440,0.68030
9.8200,1.00000,0.91420,0.78406,-0.04764,1.00000,-0.36140,-0.65070,-1.82070
9.8370,1.00000,0.91420,0.78406,-0.04764,1.00000,-0.36140,-0.65070,-1.82070
9.8530,1.00000,0.91420,0.78406,-0.04764,1.00000,-0.36140,-0.65070,-1.82070
9.8710,1.00000,0.91420,0.78406,-0.04764,1.00000,-0.36140,-0.65070,-1.82070
9.8880,1.00000,0.92760,0.79477,-0.04764,1.00000,0.33090,1.64500,-2.44610
9.9060,1.00000,0.92760,0.79477,-0.04764,1.00000,0.33090,1.64500,-2.44610
9.9220,1.00000,0.92760,0.79477,-0.04764,1.00000,0.33090,1.64500,-2.44610
9.9380,1.00000,0.93073,0.79669,-0.04764,1.00000,0.80570,0.07690,0.04860
9.9550,1.00000,0.93073,0.79669,-0.04764,1.00000,0.80570,0.07690,0.04860
9.9710,1.00000,0.93073,0.79669,-0.04764,1.00000,0.80570,0.07690,0.04860
9.9880,1.00000,0.93073,0.79669,-0.04764,1.00000,0.80570,0.07690,0.04860
10.0050,1.00000,0.92523,0.79767,-0.04764,1.00000,1.44350,-0.76960,0.92870
10.0230,1.00000,0.92523,0.79767,-0.04764,1.00000,1.44350,-0.76960,0.92870
10.0400,1.00000,0.92523,0.79767,-0.04764,1.00000,1.44350,-0.76960,0.92870
10.0570,1.00000,0.92931,0.79693,-0.04764,1.00000,0.20590,-1.51770,-1.17440
10.0730,1.00000,0.91383,0.80391,-0.04764,1.00000,-0.27430,0.44900,-3.01930
10.0900,1.00000,0.91383,0.80391,-0.04764,1.00000,-0.27430,0.44900,-3.01930
10.1060,1.00000,0.91383,0.80391,-0.04764,1.00000,-0.27430,0.44900,-3.01930
10.1230,1.00000,0.90762,0.80295,-0.04764,1.00000,0.15420,0.65200,-3.01220
10.1390,1.00000,0.90762,0.80295,-0.04764,1.00000,0.15420,0.65200,-3.01220
10.1570,1.00000,0.90762,0.80295,-0.04764,1.00000,0.15420,0.65200,-3.01220
10.1730,1.00000,0.90762,0.80295,-0.04764,1.00000,0.15420,0.65200,-3.01220
10.1890,1.00000,0.90762,0.80295,-0.04764,1.00000,0.15420,0.65200,-3.01220
10.2050,1.00000,0.90762,0.80295,-0.04764,1.00000,0.15420,0.65200,-3.01220
10.2210,1.00000,0.90762,0.80295,-0.04764,1.00000,0.15420,0.65200,-3.01220
10.2380,1.00000,0.90237,0.79837,-0.04764,1.00000,0.49140,2.00740,-1.19410
10.2540,1.00000,0.89404,0.80654,-0.04764,1.00000,1.09410,-1.12360,1.37230
10.2710,1.00000,0.89396,0.81083,-0.04764,1.00000,0.11420,-1.26980,-1.05290
10.2880,1.00000,0.89396,0.81083,-0.04764,1.00000,0.11420,-1.26980,-1.05290
10.3040,1.00000,0.89396,0.81083,-0.04764,1.00000,0.11420,-1.26980,-1.05290
10.3210,1.00000,0.89396,0.81083,-0.04764,1.00000,0.11420,-1.26980,-1.05290
10.3370,1.00000,0.89396,0.81083,-0.04764,1.00000,0.11420,-1.26980,-1.05290
10.3530,1.00000,0.89929,0.81225,-0.04764,1.00000,-0.70930,0.01760,-2.88750
10.3700,1.00000,0.90342,0.81371,-0.04764,1.00000,0.47070,1.01800,-1.17780
10.3870,1.00000,0.90342,0.81371,-0.04764,1.00000,0.47070,1.01800,-1.17780
10.4030,1.00000,0.90342,0.81371,-0.04764,1.00000,0.47070,1.01800,-1.17780
10.4190,1.00000,0.90342,0.81371,-0.04764,1.00000,0.47070,1.01800,-1.17780
10.4360,1.00000,0.90342,0.81371,-0.04764,1.00000,0.47070,1.01800,-1.17780
10.4530,1.00000,0.90342,0.81371,-0.04764,1.00000,0.47070,1.01800,-1.17780
10.4700,1.00000,0.90342,0.81371,-0.04764,1.00000,0.47070,1.01800,-1.17780
10.4870,1.00000,0.91115,0.81540,-0.04764,1.00000,-0.13300,-1.49080,-1.80830
10.5040,1.00000,0.90755,0.81540,-0.04764,1.00000,-0.05640,-1.36760,-0.78370
10.5200,1.00000,0.90755,0.81540,-0.04764,1.00000,-0.05640,-1.36760,-0.78370
10.5370,1.00000,0.90755,0.81540,-0.04764,1.00000,-0.05640,-1.36760,-0.78370
10.5540,1.00000,0.90755,0.81540,-0.04764,1.00000,-0.05640,-1.36760,-0.78370
10.5700,1.00000,0.90755,0.81540,-0.04764,1.00000,-0.05640,-1.36760,-0.78370
10.5870,1.00000,0.90755,0.81540,-0.04764,1.00000,-0.05640,-1.36760,-0.78370
10.6030,1.00000,0.91565,0.81808,-0.04764,1.00000,0.23300,1.16920,-2.13180
10.6200,1.00000,0.91427,0.81951,-0.04764,1.00000,0.33530,0.95750,-1.68800
10.6370,1.00000,0.91427,0.81951,-0.04764,1.00000,0.33530,0.95750,-1.68800
10.6530,1.00000,0.91427,0.81951,-0.04764,1.00000,0.33530,0.95750,-1.68800
10.6690,1.00000,0.91427,0.81951,-0.04764,1.00000,0.33530,0.95750,-1.68800
10.6850,1.00000,0.91427,0.81951,-0.04764,1.00000,0.33530,0.95750,-1.68800
10.7030,1.00000,0.91427,0.81951,-0.04764,1.00000,0.33530,0.95750,-1.68800
10.7190,1.00000,0.91316,0.81927,-0.04764,1.00000,0.33620,0.83890,-1.18070
10.7360,1.00000,0.91316,0.81927,-0.04764,1.00000,0.33620,0.83890,-1.18070
10.7530,1.00000,0.91316,0.81927,-0.04764,1.00000,0.33620,0.83890,-1.18070
10.7700,1.00000,0.91316,0.81927,-0.04764,1.00000,0.33620,0.83890,-1.18070
10.7860,1.00000,0.91316,0.81927,-0.04764,1.00000,0.33620,0.83890,-1.18070
10.8030,1.00000,0.91316,0.81927,-0.04764,1.00000,0.33620,0.83890,-1.18070
10.8200,1.00000,0.91316,0.81927,-0.04764,1.00000,0.33620,0.83890,-1.18070
10.8370,1.00000,0.91533,0.81520,-0.04764,1.00000,1.06020,-0.03540,0.85420
10.8530,1.00000,0.91447,0.81829,-0.04764,1.00000,-0.28600,-0.81810,-2.03280
10.8700,1.00000,0.92111,0.81468,-0.04764,1.00000,0.69520,-0.16370,0.06440
10.8860,1.00000,0.92111,0.81468,-0.04764,1.00000,0.69520,-0.16370,0.06440
10.9020,1.00000,0.92111,0.81468,-0.04764,1.00000,0.69520,-0.16370,0.06440
10.9190,1.00000,0.92111,0.81468,-0.04764,1.00000,0.69520,-0.16370,0.06440
10.9350,1.00000,0.92111,0.81468,-0.04764,1.00000,0.69520,-0.16370,0.06440
10.9510,1.00000,0.91389,0.81180,-0.04764,1.00000,1.46570,-0.24960,0.95360
10.9670,1.00000,0.89621,0.80098,-0.04764,1.00000,-0.26890,-0.89500,-1.90150
10.9840,1.00000,0.89621,0.80098,-0.04764,1.00000,-0.26890,-0.89500,-1.90150
11.0010,1.00000,0.89621,0.80098,-0.04764,1.00000,-0.26890,-0.89500,-1.90150
11.0170,1.00000,0.89621,0.80098,-0.04764,1.00000,-0.26890,-0.89500,-1.90150
11.0330,1.00000,0.89621,0.80098,-0.04764,1.00000,-0.26890,-0.89500,-1.90150
11.0490,1.00000,0.89621,0.80098,-0.04764,1.00000,-0.26890,-0.89500,-1.90150
11.0650,1.00000,0.89621,0.80098,-0.04764,1.00000,-0.26890,-0.89500,-1.90150
11.0820,1.00000,0.89654,0.79837,-0.04764,1.00000,0.02030,1.21100,-2.45560
11.0980,1.00000,0.89099,0.79262,-0.04764,1.00000,0.36060,1.40740,0.17250
11.1140,1.00000,0.89099,0.79262,-0.04764,1.00000,0.36060,1.40740,0.17250
11.1300,1.00000,0.88395,0.79164,-0.04764,1.00000,0.49950,0.59370,0.08760
11.1470,1.00000,0.86194,0.77118,-0.04764,1.00000,1.06040,-0.72960,0.97720
11.1640,1.00000,0.86194,0.77118,-0.04764,1.00000,1.06040,-0.72960,0.97720
11.1810,1.00000,0.86194,0.77118,-0.04764,1.00000,1.06040,-0.72960,0.97720
11.1980,1.00000,0.82717,0.73177,-0.04764,1.00000,-0.15370,-0.87820,-1.86440
11.2150,1.00000,0.82717,0.73177,-0.04764,1.00000,-0.15370,-0.87820,-1.86440
11.2320,1.00000,0.82717,0.73177,-0.04764,1.00000,-0.15370,-0.87820,-1.86440
11.2490,1.00000,0.82717,0.73177,-0.04764,1.00000,-0.15370,-0.87820,-1.86440
11.2670,1.00000,0.82717,0.73177,-0.04764,1.00000,-0.15370,-0.87820,-1.86440
11.2830,1.00000,0.82717,0.73177,-0.04764,1.00000,-0.15370,-0.87820,-1.86440
11.3000,1.00000,0.82717,0.73177,-0.04764,1.00000,-0.15370,-0.87820,-1.86440
11.3170,1.00000,0.82184,0.70986,-0.04764,1.00000,0.00000,0.05100,-2.77330
11.3340,1.00000,0.82244,0.69792,-0.04764,1.00000,0.17400,1.20760,-1.54060
11.3510,1.00000,0.82244,0.69792,-0.04764,1.00000,0.17400,1.20760,-1.54060
11.3670,1.00000,0.82244,0.69792,-0.04764,1.00000,0.17400,1.20760,-1.54060
11.3840,1.00000,0.79984,0.68923,-0.04764,1.00000,0.62460,0.03390,1.26560
11.4010,1.00000,0.80240,0.68778,-0.04764,1.00000,-0.12980,-1.39200,-0.14590
11.4180,1.00000,0.80240,0.68778,-0.04764,1.00000,-0.12980,-1.39200,-0.14590
11.4340,1.00000,0.81517,0.69535,-0.04764,1.00000,0.54950,-1.18900,-2.15260
11.4500,1.00000,0.83280,0.70415,-0.04764,1.00000,0.52730,-0.16620,-3.20180
11.4660,1.00000,0.83280,0.70415,-0.04764,1.00000,0.52730,-0.16620,-3.20180
11.4830,1.00000,0.83280,0.70415,-0.04764,1.00000,0.52730,-0.16620,-3.20180
11.5000,1.00000,0.86959,0.74308,-0.04764,1.00000,0.88400,-0.23400,-2.18180
11.5180,1.00000,0.86959,0.74308,-0.04764,1.00000,0.88400,-0.23400,-2.18180
11.5340,1.00000,0.86959,0.74308,-0.04764,1.00000,0.88400,-0.23400,-2.18180
11.5510,1.00000,0.86959,0.74308,-0.04764,1.00000,0.88400,-0.23400,-2.18180
11.5680,1.00000,0.87830,0.76647,-0.04764,1.00000,0.23740,0.67690,1.26150
11.5840,1.00000,0.87830,0.76647,-0.04764,1.00000,0.23740,0.67690,1.26150
11.6010,1.00000,0.87830,0.76647,-0.04764,1.00000,0.23740,0.67690,1.26150
11.6180,1.00000,0.89399,0.78273,-0.04764,1.00000,-0.33700,-0.51220,-0.33720
11.6340,1.00000,0.89399,0.78273,-0.04764,1.00000,-0.33700,-0.51220,-0.33720
11.6500,1.00000,0.89399,0.78273,-0.04764,1.00000,-0.33700,-0.51220,-0.33720
11.6660,1.00000,0.89399,0.78273,-0.04764,1.00000,-0.33700,-0.51220,-0.33720
11.6830,1.00000,0.91704,0.78682,-0.04764,1.00000,0.96480,-0.85250,-3.25130
11.7000,1.00000,0.91704,0.78682,-0.04764,1.00000,0.96480,-0.85250,-3.25130
11.7160,1.00000,0.91704,0.78682,-0.04764,1.00000,0.96480,-0.85250,-3.25130
11.7320,1.00000,0.92179,0.79695,-0.04764,1.00000,0.52970,-0.36600,-1.90690
11.7490,1.00000,0.92179,0.79695,-0.04764,1.00000,0.52970,-0.36600,-1.90690
11.7660,1.00000,0.92179,0.79695,-0.04764,1.00000,0.52970,-0.36600,-1.90690
11.7820,1.00000,0.92179,0.79695,-0.04764,1.00000,0.52970,-0.36600,-1.90690
11.7990,1.00000,0.91319,0.79549,-0.04764,1.00000,-0.09320,0.86600,-0.29990
11.8150,1.00000,0.91319,0.79549,-0.04764,1.00000,-0.09320,0.86600,-0.29990
11.8310,1.00000,0.91319,0.79549,-0.04764,1.00000,-0.09320,0.86600,-0.29990
11.8470,1.00000,0.91319,0.79549,-0.04764,1.00000,-0.09320,0.86600,-0.29990
11.8640,1.00000,0.91358,0.80341,-0.04764,1.00000,0.10910,-1.06730,0.93720
11.8800,1.00000,0.91113,0.80603,-0.04764,1.00000,1.16660,-1.46840,-2.62860
11.8970,1.00000,0.91113,0.80603,-0.04764,1.00000,1.16660,-1.46840,-2.62860
11.9140,1.00000,0.91336,0.80991,-0.04764,1.00000,0.79400,-0.98430,-3.22980
11.9310,1.00000,0.91590,0.81015,-0.04764,1.00000,0.64640,-0.42330,-2.88090
11.9480,1.00000,0.91590,0.81015,-0.04764,1.00000,0.64640,-0.42330,-2.88090
11.9650,1.00000,0.91590,0.81015,-0.04764,1.00000,0.64640,-0.42330,-2.88090
11.9810,1.00000,0.91584,0.81205,-0.04764,1.00000,-0.41240,1.64820,0.15640
11.9980,1.00000,0.91780,0.81373,-0.04764,1.00000,-0.30700,2.58660,0.32110
12.0140,1.00000,0.91780,0.81373,-0.04764,1.00000,-0.30700,2.58660,0.32110
12.0300,1.00000,0.92188,0.81206,-0.04764,1.00000,-0.16910,3.37990,0.94010
12.0470,1.00000,0.92442,0.81350,-0.04764,1.00000,0.35970,-0.35720,1.41740
12.0630,1.00000,0.92442,0.81350,-0.04764,1.00000,0.35970,-0.35720,1.41740
12.0790,1.00000,0.92442,0.81350,-0.04764,1.00000,0.35970,-0.35720,1.41740
12.0970,1.00000,0.92320,0.81303,-0.04764,1.00000,0.34790,-1.04900,-0.69420
12.1140,1.00000,0.92824,0.81591,-0.04764,1.00000,1.46720,-1.44740,-1.80900
12.1300,1.00000,0.92824,0.81591,-0.04764,1.00000,1.46720,-1.44740,-1.80900
12.1460,1.00000,0.92824,0.81591,-0.04764,1.00000,1.46720,-1.44740,-1.80900
12.1620,1.00000,0.92640,0.81664,-0.04764,1.00000,0.72370,-1.13120,-2.70450
12.1790,1.00000,0.92640,0.81664,-0.04764,1.00000,0.72370,-1.13120,-2.70450
12.1960,1.00000,0.92640,0.81664,-0.04764,1.00000,0.72370,-1.13120,-2.70450
12.2130,1.00000,0.92640,0.81664,-0.04764,1.00000,0.72370,-1.13120,-2.70450
12.2290,1.00000,0.92640,0.81664,-0.04764,1.00000,0.72370,-1.13120,-2.70450
12.2450,1.00000,0.92640,0.81664,-0.04764,1.00000,0.72370,-1.13120,-2.70450
12.2620,1.00000,0.92640,0.81664,-0.04764,1.00000,0.72370,-1.13120,-2.70450
12.2790,1.00000,0.93158,0.81641,-0.04764,1.00000,0.84500,-0.05880,-2.33750
12.2950,1.00000,0.93158,0.81641,-0.04764,1.00000,0.84500,-0.05880,-2.33750
12.3110,1.00000,0.93158,0.81641,-0.04764,1.00000,0.84500,-0.05880,-2.33750
12.3280,1.00000,0.93158,0.81641,-0.04764,1.00000,0.84500,-0.05880,-2.33750
12.3450,1.00000,0.92502,0.81568,-0.04764,1.00000,0.72880,2.66550,0.38380
12.3620,1.00000,0.92524,0.81545,-0.04764,1.00000,0.52190,-0.00980,0.69710
12.3780,1.00000,0.92524,0.81545,-0.04764,1.00000,0.52190,-0.00980,0.69710
12.3950,1.00000,0.92560,0.81474,-0.04764,1.00000,0.27620,-2.29070,-1.32490
12.4110,1.00000,0.93150,0.81875,-0.04764,1.00000,0.65810,-0.33870,-2.57350
12.4280,1.00000,0.93150,0.81875,-0.04764,1.00000,0.65810,-0.33870,-2.57350
12.4460,1.00000,0.93150,0.81875,-0.04764,1.00000,0.65810,-0.33870,-2.57350
12.4630,1.00000,0.92760,0.81876,-0.04764,1.00000,0.58270,0.97920,-1.92300
12.4800,1.00000,0.92760,0.81876,-0.04764,1.00000,0.58270,0.97920,-1.92300
12.4960,1.00000,0.92760,0.81876,-0.04764,1.00000,0.58270,0.97920,-1.92300
12.5140,1.00000,0.92154,0.81541,-0.04764,1.00000,0.55440,3.42410,0.42920
12.5310,1.00000,0.92402,0.81054,-0.04764,1.00000,-0.11420,-2.70230,0.43210
12.5480,1.00000,0.92236,0.81054,-0.04764,1.00000,-0.37310,-3.17490,-0.69760
12.5640,1.00000,0.92236,0.81054,-0.04764,1.00000,-0.37310,-3.17490,-0.69760
12.5810,1.00000,0.90592,0.80209,-0.04764,1.00000,0.48780,-1.20540,-2.79920
12.5980,1.00000,0.90592,0.80209,-0.04764,1.00000,0.48780,-1.20540,-2.79920
12.6140,1.00000,0.90592,0.80209,-0.04764,1.00000,0.48780,-1.20540,-2.79920
12.6300,1.00000,0.90592,0.80209,-0.04764,1.00000,0.48780,-1.20540,-2.79920
12.6460,1.00000,0.90592,0.80209,-0.04764,1.00000,0.48780,-1.20540,-2.79920
12.6630,1.00000,0.90592,0.80209,-0.04764,1.00000,0.48780,-1.20540,-2.79920
12.6790,1.00000,0.90592,0.80209,-0.04764,1.00000,0.48780,-1.20540,-2.79920
12.6950,1.00000,0.90389,0.79848,-0.04764,1.00000,0.74350,0.29210,-3.07200
12.7130,1.00000,0.89854,0.79038,-0.04764,1.00000,0.72080,0.00930,1.21170
12.7290,1.00000,0.89854,0.79038,-0.04764,1.00000,0.72080,0.00930,1.21170
12.7450,1.00000,0.89854,0.79038,-0.04764,1.00000,0.72080,0.00930,1.21170
12.7620,1.00000,0.90468,0.78099,-0.04764,1.00000,-0.41630,-2.01100,0.14960
12.7780,1.00000,0.90468,0.78099,-0.04764,1.00000,-0.41630,-2.01100,0.14960
12.7940,1.00000,0.90468,0.78099,-0.04764,1.00000,-0.41630,-2.01100,0.14960
12.8110,1.00000,0.90496,0.77791,-0.04764,1.00000,0.89010,-0.41330,-1.46500
12.8270,1.00000,0.90573,0.78850,-0.04764,1.00000,0.54220,-1.07340,-2.74400
12.8430,1.00000,0.90573,0.78850,-0.04764,1.00000,0.54220,-1.07340,-2.74400
12.8600,1.00000,0.90573,0.78850,-0.04764,1.00000,0.54220,-1.07340,-2.74400
12.8760,1.00000,0.91268,0.79668,-0.04764,1.00000,0.55070,0.07560,-3.03680
12.8920,1.00000,0.92135,0.80583,-0.04764,1.00000,0.64950,0.94870,-2.13840
12.9080,1.00000,0.92135,0.80583,-0.04764,1.00000,0.64950,0.94870,-2.13840
12.9240,1.00000,0.92135,0.80583,-0.04764,1.00000,0.64950,0.94870,-2.13840
12.9400,1.00000,0.93620,0.81446,-0.04764,1.00000,0.17760,1.71630,0.79930
12.9560,1.00000,0.93620,0.81446,-0.04764,1.00000,0.17760,1.71630,0.79930
12.9730,1.00000,0.93620,0.81446,-0.04764,1.00000,0.17760,1.71630,0.79930
12.9900,1.00000,0.93620,0.81446,-0.04764,1.00000,0.17760,1.71630,0.79930
13.0070,1.00000,0.93294,0.81541,-0.04764,1.00000,-0.42310,-2.18700,-0.59220
13.0240,1.00000,0.93294,0.81541,-0.04764,1.00000,-0.42310,-2.18700,-0.59220
13.0410,1.00000,0.93294,0.81541,-0.04764,1.00000,-0.42310,-2.18700,-0.59220
13.0570,1.00000,0.92832,0.81663,-0.04764,1.00000,0.54440,-1.01700,-2.17160
13.0740,1.00000,0.92971,0.81905,-0.04764,1.00000,0.45550,-0.85910,-2.46950
13.0900,1.00000,0.92971,0.81905,-0.04764,1.00000,0.45550,-0.85910,-2.46950
13.1060,1.00000,0.92971,0.81905,-0.04764,1.00000,0.45550,-0.85910,-2.46950
13.1220,1.00000,0.93365,0.81857,-0.04764,1.00000,0.28650,1.00580,-1.49350
13.1390,1.00000,0.93365,0.81857,-0.04764,1.00000,0.28650,1.00580,-1.49350
13.1560,1.00000,0.93365,0.81857,-0.04764,1.00000,0.28650,1.00580,-1.49350
13.1720,1.00000,0.93474,0.81666,-0.04764,1.00000,0.14760,1.29760,-0.69710
13.1890,1.00000,0.92946,0.81427,-0.04764,1.00000,0.50310,2.30290,0.48290
13.2050,1.00000,0.92946,0.81427,-0.04764,1.00000,0.50310,2.30290,0.48290
13.2210,1.00000,0.92946,0.81427,-0.04764,1.00000,0.50310,2.30290,0.48290
13.2380,1.00000,0.92492,0.81331,-0.04764,1.00000,0.59630,-1.38490,0.33140
13.2550,1.00000,0.92269,0.81188,-0.04764,1.00000,0.51510,-1.70870,-0.90500
13.2720,1.00000,0.92269,0.81188,-0.04764,1.00000,0.51510,-1.70870,-0.90500
13.2880,1.00000,0.92269,0.81188,-0.04764,1.00000,0.51510,-1.70870,-0.90500
13.3040,1.00000,0.92496,0.81236,-0.04764,1.00000,0.20420,-0.91570,-2.13180
13.3200,1.00000,0.92496,0.81236,-0.04764,1.00000,0.20420,-0.91570,-2.13180
13.3360,1.00000,0.92496,0.81236,-0.04764,1.00000,0.20420,-0.91570,-2.13180
13.3520,1.00000,0.93331,0.81113,-0.04764,1.00000,0.15420,-0.67930,-2.35440
13.3680,1.00000,0.92676,0.81803,-0.04764,1.00000,0.05690,1.29440,-1.76240
13.3850,1.00000,0.92676,0.81803,-0.04764,1.00000,0.05690,1.29440,-1.76240
13.4010,1.00000,0.92676,0.81803,-0.04764,1.00000,0.05690,1.29440,-1.76240
13.4180,1.00000,0.92574,0.81514,-0.04764,1.00000,0.71520,2.86210,0.20980
13.4340,1.00000,0.92348,0.81466,-0.04764,1.00000,0.69860,1.84000,0.29500
13.4510,1.00000,0.92348,0.81466,-0.04764,1.00000,0.69860,1.84000,0.29500
13.4680,1.00000,0.92348,0.81466,-0.04764,1.00000,0.69860,1.84000,0.29500
13.4840,1.00000,0.92348,0.81466,-0.04764,1.00000,0.69860,1.84000,0.29500
13.5000,1.00000,0.92348,0.81466,-0.04764,1.00000,0.69860,1.84000,0.29500
13.5170,1.00000,0.92348,0.81466,-0.04764,1.00000,0.69860,1.84000,0.29500
13.5330,1.00000,0.91630,0.81608,-0.04764,1.00000,0.40850,0.18810,0.58070
13.5490,1.00000,0.92993,0.81487,-0.04764,1.00000,0.16930,-1.02890,-2.40900
13.5650,1.00000,0.92629,0.81871,-0.04764,1.00000,0.21110,-0.40530,-2.66810
13.5830,1.00000,0.92629,0.81871,-0.04764,1.00000,0.21110,-0.40530,-2.66810
13.5990,1.00000,0.92905,0.82299,-0.04764,1.00000,0.07730,0.60560,-1.91440
13.6160,1.00000,0.92905,0.82299,-0.04764,1.00000,0.07730,0.60560,-1.91440
13.6320,1.00000,0.92905,0.82299,-0.04764,1.00000,0.07730,0.60560,-1.91440
13.6490,1.00000,0.92905,0.82299,-0.04764,1.00000,0.07730,0.60560,-1.91440
13.6660,1.00000,0.93127,0.83896,-0.04764,1.00000,0.50970,0.64680,0.27080
13.6830,1.00000,0.93127,0.83896,-0.04764,1.00000,0.50970,0.64680,0.27080
13.7000,1.00000,0.93127,0.83896,-0.04764,1.00000,0.50970,0.64680,0.27080
13.7170,1.00000,0.92619,0.85040,-0.04764,1.00000,0.85160,-0.72790,0.72180
13.7340,1.00000,0.92789,0.85231,-0.04764,1.00000,0.58290,-0.37820,-0.42290
13.7510,1.00000,0.92789,0.85231,-0.04764,1.00000,0.58290,-0.37820,-0.42290
13.7670,1.00000,0.92789,0.85231,-0.04764,1.00000,0.58290,-0.37820,-0.42290
13.7830,1.00000,0.92784,0.86802,-0.04764,1.00000,0.13910,-0.95840,-2.01250
13.7990,1.00000,0.92784,0.86802,-0.04764,1.00000,0.13910,-0.95840,-2.01250
13.8150,1.00000,0.92784,0.86802,-0.04764,1.00000,0.13910,-0.95840,-2.01250
13.8320,1.00000,0.92784,0.86802,-0.04764,1.00000,0.13910,-0.95840,-2.01250
13.8490,1.00000,0.92784,0.86802,-0.04764,1.00000,0.13910,-0.95840,-2.01250
13.8660,1.00000,0.92784,0.86802,-0.04764,1.00000,0.13910,-0.95840,-2.01250
13.8820,1.00000,0.92784,0.86802,-0.04764,1.00000,0.13910,-0.95840,-2.01250
13.8980,1.00000,0.92679,0.87632,-0.04764,1.00000,-0.05810,0.43020,-2.13790
13.9140,1.00000,0.92597,0.88393,-0.04764,1.00000,0.93670,0.31110,0.16690
13.9310,1.00000,0.92680,0.88227,-0.04764,1.00000,0.88860,-0.01490,0.63810
13.9480,1.00000,0.92680,0.88227,-0.04764,1.00000,0.88860,-0.01490,0.63810
13.9650,1.00000,0.92680,0.88227,-0.04764,1.00000,0.88860,-0.01490,0.63810
13.9810,1.00000,0.92680,0.88227,-0.04764,1.00000,0.88860,-0.01490,0.63810
13.9990,1.00000,0.92680,0.88227,-0.04764,1.00000,0.88860,-0.01490,0.63810
14.0160,1.00000,0.92407,0.87661,-0.04764,1.00000,0.59950,-1.24170,-0.86600
14.0320,1.00000,0.92773,0.86760,-0.04764,1.00000,0.12790,-0.79930,-2.19750
14.0480,1.00000,0.92773,0.86760,-0.04764,1.00000,0.12790,-0.79930,-2.19750
14.0640,1.00000,0.92773,0.86760,-0.04764,1.00000,0.12790,-0.79930,-2.19750
14.0800,1.00000,0.92773,0.86760,-0.04764,1.00000,0.12790,-0.79930,-2.19750
14.0960,1.00000,0.92773,0.86760,-0.04764,1.00000,0.12790,-0.79930,-2.19750
14.1130,1.00000,0.92773,0.86760,-0.04764,1.00000,0.12790,-0.79930,-2.19750
14.1290,1.00000,0.92773,0.86760,-0.04764,1.00000,0.12790,-0.79930,-2.19750
14.1450,1.00000,0.92273,0.85712,-0.04764,1.00000,1.27420,2.37140,-0.05340
14.1620,1.00000,0.91713,0.84928,-0.04764,1.00000,0.89870,0.09050,0.82180
14.1790,1.00000,0.91713,0.84928,-0.04764,1.00000,0.89870,0.09050,0.82180
14.1950,1.00000,0.91713,0.84928,-0.04764,1.00000,0.89870,0.09050,0.82180
14.2120,1.00000,0.91713,0.84928,-0.04764,1.00000,0.89870,0.09050,0.82180
14.2290,1.00000,0.91713,0.84928,-0.04764,1.00000,0.89870,0.09050,0.82180
14.2460,1.00000,0.91713,0.84928,-0.04764,1.00000,0.89870,0.09050,0.82180
14.2630,1.00000,0.90801,0.84238,-0.04764,1.00000,-0.10490,-1.80510,-0.76010
14.2790,1.00000,0.90132,0.83067,-0.04764,1.00000,0.08660,0.19300,-2.42290
14.2950,1.00000,0.90132,0.83067,-0.04764,1.00000,0.08660,0.19300,-2.42290
14.3110,1.00000,0.90132,0.83067,-0.04764,1.00000,0.08660,0.19300,-2.42290
14.3270,1.00000,0.90132,0.83067,-0.04764,1.00000,0.08660,0.19300,-2.42290
14.3430,1.00000,0.90132,0.83067,-0.04764,1.00000,0.08660,0.19300,-2.42290
14.3610,1.00000,0.90132,0.83067,-0.04764,1.00000,0.08660,0.19300,-2.42290
14.3780,1.00000,0.89336,0.82567,-0.04764,1.00000,0.29400,1.63380,-1.25560
14.3940,1.00000,0.88582,0.80774,-0.04764,1.00000,0.59580,0.01810,0.74790
14.4100,1.00000,0.88582,0.80774,-0.04764,1.00000,0.59580,0.01810,0.74790
14.4270,1.00000,0.88582,0.80774,-0.04764,1.00000,0.59580,0.01810,0.74790
14.4440,1.00000,0.88582,0.80774,-0.04764,1.00000,0.59580,0.01810,0.74790
14.4610,1.00000,0.88582,0.80774,-0.04764,1.00000,0.59580,0.01810,0.74790
14.4770,1.00000,0.88582,0.80774,-0.04764,1.00000,0.59580,0.01810,0.74790
14.4940,1.00000,0.87792,0.79184,-0.04764,1.00000,0.35180,-1.51690,0.18640
14.5110,1.00000,0.87565,0.79040,-0.04764,1.00000,0.38160,-1.61110,-0.32400
14.5280,1.00000,0.87565,0.79040,-0.04764,1.00000,0.38160,-1.61110,-0.32400
14.5450,1.00000,0.87565,0.79040,-0.04764,1.00000,0.38160,-1.61110,-0.32400
14.5610,1.00000,0.87565,0.79040,-0.04764,1.00000,0.38160,-1.61110,-0.32400
14.5770,1.00000,0.87565,0.79040,-0.04764,1.00000,0.38160,-1.61110,-0.32400
14.5940,1.00000,0.87565,0.79040,-0.04764,1.00000,0.38160,-1.61110,-0.32400
14.6100,1.00000,0.87565,0.79040,-0.04764,1.00000,0.38160,-1.61110,-0.32400
14.6260,1.00000,0.87565,0.79040,-0.04764,1.00000,0.38160,-1.61110,-0.32400
14.6420,1.00000,0.87565,0.79040,-0.04764,1.00000,0.38160,-1.61110,-0.32400
14.6580,1.00000,0.87565,0.79040,-0.04764,1.00000,0.38160,-1.61110,-0.32400
14.6740,1.00000,0.87565,0.79040,-0.04764,1.00000,0.38160,-1.61110,-0.32400
14.6910,1.00000,0.87565,0.79040,-0.04764,1.00000,0.38160,-1.61110,-0.32400
14.7080,1.00000,0.87565,0.79040,-0.04764,1.00000,0.38160,-1.61110,-0.32400
14.7250,1.00000,0.87565,0.79040,-0.04764,1.00000,0.38160,-1.61110,-0.32400
14.7420,1.00000,0.87528,0.78683,-0.04764,1.00000,0.26110,0.61590,-2.75570
14.7580,1.00000,0.87626,0.78009,-0.04764,1.00000,0.39240,0.46730,0.16370
14.7750,1.00000,0.88581,0.78703,-0.04764,1.00000,0.68950,0.27690,-2.91120
14.7910,1.00000,0.88581,0.78703,-0.04764,1.00000,0.68950,0.27690,-2.91120
14.8080,1.00000,0.88581,0.78703,-0.04764,1.00000,0.68950,0.27690,-2.91120
14.8250,1.00000,0.88581,0.78703,-0.04764,1.00000,0.68950,0.27690,-2.91120
14.8420,1.00000,0.88581,0.78703,-0.04764,1.00000,0.68950,0.27690,-2.91120
14.8590,1.00000,0.89512,0.80599,-0.04764,1.00000,0.34870,0.97970,-0.78370
14.8750,1.00000,0.89512,0.80599,-0.04764,1.00000,0.34870,0.97970,-0.78370
14.8920,1.00000,0.89512,0.80599,-0.04764,1.00000,0.34870,0.97970,-0.78370
14.9080,1.00000,0.89512,0.80599,-0.04764,1.00000,0.34870,0.97970,-0.78370
14.9260,1.00000,0.89512,0.80599,-0.04764,1.00000,0.34870,0.97970,-0.78370
14.9420,1.00000,0.89512,0.80599,-0.04764,1.00000,0.34870,0.97970,-0.78370
14.9580,1.00000,0.89512,0.80599,-0.04764,1.00000,0.34870,0.97970,-0.78370
14.9750,1.00000,0.91161,0.82393,-0.04764,1.00000,0.21060,0.15810,0.43330
14.9910,1.00000,0.90783,0.84412,-0.04764,1.00000,0.69930,-0.94890,-1.78140
15.0070,1.00000,0.91310,0.86531,-0.04764,1.00000,1.24780,-0.31280,-2.83890
15.0240,1.00000,0.91310,0.86531,-0.04764,1.00000,1.24780,-0.31280,-2.83890
15.0410,1.00000,0.91310,0.86531,-0.04764,1.00000,1.24780,-0.31280,-2.83890
15.0570,1.00000,0.91310,0.86531,-0.04764,1.00000,1.24780,-0.31280,-2.83890
15.0740,1.00000,0.91310,0.86531,-0.04764,1.00000,1.24780,-0.31280,-2.83890
15.0900,1.00000,0.91310,0.86531,-0.04764,1.00000,1.24780,-0.31280,-2.83890
15.1070,1.00000,0.91161,0.88431,-0.04764,1.00000,0.40060,0.58220,-0.29960
15.1240,1.00000,0.91161,0.88431,-0.04764,1.00000,0.40060,0.58220,-0.29960
15.1400,1.00000,0.91161,0.88431,-0.04764,1.00000,0.40060,0.58220,-0.29960
15.1580,1.00000,0.90538,0.89500,-0.04764,1.00000,-0.42820,0.44770,1.66630
15.1750,1.00000,0.90561,0.90160,-0.04764,1.00000,1.04550,-0.50360,-1.59260
15.1910,1.00000,0.90561,0.90160,-0.04764,1.00000,1.04550,-0.50360,-1.59260
15.2080,1.00000,0.90561,0.90160,-0.04764,1.00000,1.04550,-0.50360,-1.59260
15.2240,1.00000,0.91407,0.91344,-0.04764,1.00000,1.32880,0.05470,-2.90040
15.2410,1.00000,0.91407,0.91344,-0.04764,1.00000,1.32880,0.05470,-2.90040
15.2590,1.00000,0.91407,0.91344,-0.04764,1.00000,1.32880,0.05470,-2.90040
15.2760,1.00000,0.91367,0.92144,-0.04764,1.00000,0.71350,-0.17620,-1.67160
15.2920,1.00000,0.91251,0.92379,-0.04764,1.00000,0.15080,0.01440,0.17350
15.3080,1.00000,0.91251,0.92379,-0.04764,1.00000,0.15080,0.01440,0.17350
15.3250,1.00000,0.91251,0.92379,-0.04764,1.00000,0.15080,0.01440,0.17350
15.3410,1.00000,0.91033,0.92567,-0.04764,1.00000,-0.16270,0.09050,0.89160
15.3580,1.00000,0.91033,0.92567,-0.04764,1.00000,-0.16270,0.09050,0.89160
15.3750,1.00000,0.91033,0.92567,-0.04764,1.00000,-0.16270,0.09050,0.89160
15.3920,1.00000,0.90456,0.92805,-0.04764,1.00000,-0.35360,-0.00220,1.01920
15.4080,1.00000,0.92222,0.94561,-0.04764,1.00000,0.96770,0.13660,-2.94700
15.4240,1.00000,0.92222,0.94561,-0.04764,1.00000,0.96770,0.13660,-2.94700
15.4410,1.00000,0.92222,0.94561,-0.04764,1.00000,0.96770,0.13660,-2.94700
15.4580,1.00000,0.92853,0.95378,-0.04764,1.00000,0.72030,-0.34790,-1.65510
15.4740,1.00000,0.92853,0.95378,-0.04764,1.00000,0.72030,-0.34790,-1.65510
15.4900,1.00000,0.92853,0.95378,-0.04764,1.00000,0.72030,-0.34790,-1.65510
15.5070,1.00000,0.92853,0.95378,-0.04764,1.00000,0.72030,-0.34790,-1.65510
15.5240,1.00000,0.92276,0.95259,-0.04764,1.00000,-0.38990,0.60930,1.05730
15.5410,1.00000,0.92276,0.95259,-0.04764,1.00000,-0.38990,0.60930,1.05730
15.5580,1.00000,0.92276,0.95259,-0.04764,1.00000,-0.38990,0.60930,1.05730
15.5750,1.00000,0.91685,0.95307,-0.04764,1.00000,-0.78280,-0.70610,0.32350
15.5920,1.00000,0.91715,0.95656,-0.04764,1.00000,-0.10640,-0.33920,-1.48910
15.6090,1.00000,0.91715,0.95656,-0.04764,1.00000,-0.10640,-0.33920,-1.48910
15.6250,1.00000,0.91715,0.95656,-0.04764,1.00000,-0.10640,-0.33920,-1.48910
15.6410,1.00000,0.92080,0.95681,-0.04764,1.00000,1.24900,-0.42040,-2.70300
15.6570,1.00000,0.92080,0.95681,-0.04764,1.00000,1.24900,-0.42040,-2.70300
15.6730,1.00000,0.92080,0.95681,-0.04764,1.00000,1.24900,-0.42040,-2.70300
15.6900,1.00000,0.92080,0.95681,-0.04764,1.00000,1.24900,-0.42040,-2.70300
15.7070,1.00000,0.90686,0.96125,-0.04764,1.00000,0.13490,0.14760,-0.45460
15.7240,1.00000,0.90686,0.96125,-0.04764,1.00000,0.13490,0.14760,-0.45460
15.7410,1.00000,0.90686,0.96125,-0.04764,1.00000,0.13490,0.14760,-0.45460
15.7590,1.00000,0.89961,0.95495,-0.04764,1.00000,-0.52220,0.51020,1.49500
15.7750,1.00000,0.89683,0.95612,-0.04764,1.00000,-0.74740,0.34090,1.31390
15.7920,1.00000,0.89683,0.95612,-0.04764,1.00000,-0.74740,0.34090,1.31390
15.8090,1.00000,0.89683,0.95612,-0.04764,1.00000,-0.74740,0.34090,1.31390
15.8250,1.00000,0.89986,0.96011,-0.04764,1.00000,0.23280,0.04220,-1.83370
15.8410,1.00000,0.89986,0.96011,-0.04764,1.00000,0.23280,0.04220,-1.83370
15.8580,1.00000,0.89986,0.96011,-0.04764,1.00000,0.23280,0.04220,-1.83370
15.8740,1.00000,0.89705,0.96337,-0.04764,1.00000,1.21240,0.22980,-2.74130
15.8900,1.00000,0.90824,0.96568,-0.04764,1.00000,0.79710,-0.29910,-1.39520
15.9060,1.00000,0.90824,0.96568,-0.04764,1.00000,0.79710,-0.29910,-1.39520
15.9220,1.00000,0.90824,0.96568,-0.04764,1.00000,0.79710,-0.29910,-1.39520
15.9390,1.00000,0.90462,0.96452,-0.04764,1.00000,0.13050,-0.07250,-0.47530
15.9560,1.00000,0.90462,0.96452,-0.04764,1.00000,0.13050,-0.07250,-0.47530
15.9720,1.00000,0.90462,0.96452,-0.04764,1.00000,0.13050,-0.07250,-0.47530
15.9880,1.00000,0.90462,0.96452,-0.04764,1.00000,0.13050,-0.07250,-0.47530
16.0050,1.00000,0.90909,0.95306,-0.04764,1.00000,-0.15420,0.19790,0.00200
16.0210,1.00000,0.91077,0.95447,-0.04764,1.00000,0.77490,0.08950,-1.98860
16.0370,1.00000,0.91077,0.95447,-0.04764,1.00000,0.77490,0.08950,-1.98860
16.0530,1.00000,0.91555,0.95681,-0.04764,1.00000,1.62870,-0.15880,-2.48490
16.0700,1.00000,0.91448,0.95910,-0.04764,1.00000,1.47820,-0.41430,-2.59100
16.0860,1.00000,0.91448,0.95910,-0.04764,1.00000,1.47820,-0.41430,-2.59100
16.1030,1.00000,0.91448,0.95910,-0.04764,1.00000,1.47820,-0.41430,-2.59100
16.1200,1.00000,0.91635,0.95863,-0.04764,1.00000,0.26990,0.65560,0.16320
16.1360,1.00000,0.91635,0.95863,-0.04764,1.00000,0.26990,0.65560,0.16320
16.1520,1.00000,0.91635,0.95863,-0.04764,1.00000,0.26990,0.65560,0.16320
16.1680,1.00000,0.91635,0.95863,-0.04764,1.00000,0.26990,0.65560,0.16320
16.1850,1.00000,0.91658,0.95068,-0.04764,1.00000,-1.29860,0.17910,0.65120
16.2020,1.00000,0.91658,0.95068,-0.04764,1.00000,-1.29860,0.17910,0.65120
16.2190,1.00000,0.91658,0.95068,-0.04764,1.00000,-1.29860,0.17910,0.65120
16.2360,1.00000,0.91124,0.94674,-0.04764,1.00000,1.36180,-0.42110,-2.18430
16.2520,1.00000,0.90984,0.94813,-0.04764,1.00000,1.47350,-0.82250,-2.36270
16.2680,1.00000,0.90984,0.94813,-0.04764,1.00000,1.47350,-0.82250,-2.36270
16.2850,1.00000,0.90984,0.94813,-0.04764,1.00000,1.47350,-0.82250,-2.36270
16.3010,1.00000,0.90928,0.95491,-0.04764,1.00000,0.79540,-0.36890,-1.25220
16.3170,1.00000,0.90928,0.95491,-0.04764,1.00000,0.79540,-0.36890,-1.25220
16.3350,1.00000,0.90928,0.95491,-0.04764,1.00000,0.79540,-0.36890,-1.25220
16.3520,1.00000,0.90928,0.95491,-0.04764,1.00000,0.79540,-0.36890,-1.25220
16.3680,1.00000,0.89809,0.94583,-0.04764,1.00000,-0.58490,1.17240,0.78300
16.3850,1.00000,0.89809,0.94583,-0.04764,1.00000,-0.58490,1.17240,0.78300
16.4020,1.00000,0.89809,0.94583,-0.04764,1.00000,-0.58490,1.17240,0.78300
16.4190,1.00000,0.88555,0.93998,-0.04764,1.00000,1.27270,-0.17590,-1.93350
16.4360,1.00000,0.88555,0.93998,-0.04764,1.00000,1.27270,-0.17590,-1.93350
16.4520,1.00000,0.88555,0.93998,-0.04764,1.00000,1.27270,-0.17590,-1.93350
16.4680,1.00000,0.88555,0.93998,-0.04764,1.00000,1.27270,-0.17590,-1.93350
16.4840,1.00000,0.88300,0.94258,-0.04764,1.00000,0.97480,-0.71370,-1.59260
16.5010,1.00000,0.88300,0.94258,-0.04764,1.00000,0.97480,-0.71370,-1.59260
16.5180,1.00000,0.88300,0.94258,-0.04764,1.00000,0.97480,-0.71370,-1.59260
16.5340,1.00000,0.88807,0.94304,-0.04764,1.00000,0.20940,-0.11860,-0.44920
16.5510,1.00000,0.88625,0.93623,-0.04764,1.00000,-0.51830,0.55510,0.49560
16.5680,1.00000,0.88625,0.93623,-0.04764,1.00000,-0.51830,0.55510,0.49560
16.5840,1.00000,0.88625,0.93623,-0.04764,1.00000,-0.51830,0.55510,0.49560
16.6000,1.00000,0.88672,0.92875,-0.04764,1.00000,-0.50020,0.14910,-1.24290
16.6170,1.00000,0.89012,0.92828,-0.04764,1.00000,0.19370,0.38230,-1.51280
16.6330,1.00000,0.89012,0.92828,-0.04764,1.00000,0.19370,0.38230,-1.51280
16.6500,1.00000,0.89012,0.92828,-0.04764,1.00000,0.19370,0.38230,-1.51280
16.6660,1.00000,0.89265,0.92689,-0.04764,1.00000,0.78790,0.52480,-1.78240
16.6830,1.00000,0.89265,0.92689,-0.04764,1.00000,0.78790,0.52480,-1.78240
16.7000,1.00000,0.89265,0.92689,-0.04764,1.00000,0.78790,0.52480,-1.78240
16.7170,1.00000,0.89265,0.92689,-0.04764,1.00000,0.78790,0.52480,-1.78240
16.7330,1.00000,0.89265,0.92689,-0.04764,1.00000,0.78790,0.52480,-1.78240
16.7490,1.00000,0.89265,0.92689,-0.04764,1.00000,0.78790,0.52480,-1.78240
16.7660,1.00000,0.89265,0.92689,-0.04764,1.00000,0.78790,0.52480,-1.78240
16.7830,1.00000,0.90345,0.92218,-0.04764,1.00000,0.13810,-0.14710,-0.61880
16.8000,1.00000,0.91048,0.91155,-0.04764,1.00000,-1.19900,0.17450,1.03700
16.8170,1.00000,0.90459,0.90873,-0.04764,1.00000,-0.06780,0.27040,-0.18640
16.8340,1.00000,0.90885,0.90871,-0.04764,1.00000,1.16360,0.47800,-2.15060
16.8510,1.00000,0.90743,0.91108,-0.04764,1.00000,1.23050,0.20350,-2.56250
16.8670,1.00000,0.90743,0.91108,-0.04764,1.00000,1.23050,0.20350,-2.56250
16.8830,1.00000,0.90743,0.91108,-0.04764,1.00000,1.23050,0.20350,-2.56250
16.9000,1.00000,0.90707,0.91126,-0.04764,1.00000,0.83980,-0.26500,-0.89820
16.9170,1.00000,0.90707,0.91126,-0.04764,1.00000,0.83980,-0.26500,-0.89820
16.9340,1.00000,0.90707,0.91126,-0.04764,1.00000,0.83980,-0.26500,-0.89820
16.9510,1.00000,0.90707,0.91126,-0.04764,1.00000,0.83980,-0.26500,-0.89820
16.9680,1.00000,0.90397,0.90678,-0.04764,1.00000,-0.47020,0.48600,0.42680
16.9850,1.00000,0.90397,0.90678,-0.04764,1.00000,-0.47020,0.48600,0.42680
17.0020,1.00000,0.90397,0.90678,-0.04764,1.00000,-0.47020,0.48600,0.42680
17.0180,1.00000,0.90892,0.90158,-0.04764,1.00000,-1.13900,0.61070,0.63930
17.0340,1.00000,0.91046,0.90228,-0.04764,1.00000,0.87570,-0.24940,-1.38270
17.0500,1.00000,0.91046,0.90228,-0.04764,1.00000,0.87570,-0.24940,-1.38270
17.0660,1.00000,0.91046,0.90228,-0.04764,1.00000,0.87570,-0.24940,-1.38270
17.0820,1.00000,0.90152,0.90418,-0.04764,1.00000,1.08900,-0.45310,-2.12230
17.0980,1.00000,0.90152,0.90418,-0.04764,1.00000,1.08900,-0.45310,-2.12230
17.1140,1.00000,0.90152,0.90418,-0.04764,1.00000,1.08900,-0.45310,-2.12230
17.1310,1.00000,0.90152,0.90418,-0.04764,1.00000,1.08900,-0.45310,-2.12230
17.1480,1.00000,0.90152,0.90418,-0.04764,1.00000,1.08900,-0.45310,-2.12230
17.1650,1.00000,0.90152,0.90418,-0.04764,1.00000,1.08900,-0.45310,-2.12230
17.1810,1.00000,0.90152,0.90418,-0.04764,1.00000,1.08900,-0.45310,-2.12230
17.1970,1.00000,0.90442,0.90255,-0.04764,1.00000,-0.02510,0.25180,0.04070
17.2130,1.00000,0.89609,0.89502,-0.04764,1.00000,-0.30430,-0.18500,-0.15880
17.2300,1.00000,0.89966,0.89432,-0.04764,1.00000,0.69560,0.37580,-1.66160
17.2460,1.00000,0.89966,0.89432,-0.04764,1.00000,0.69560,0.37580,-1.66160
17.2630,1.00000,0.89743,0.89526,-0.04764,1.00000,1.22850,-0.30090,-2.16820
17.2790,1.00000,0.89743,0.89526,-0.04764,1.00000,1.22850,-0.30090,-2.16820
17.2960,1.00000,0.89743,0.89526,-0.04764,1.00000,1.22850,-0.30090,-2.16820
17.3130,1.00000,0.89298,0.89503,-0.04764,1.00000,0.89210,-0.50290,-1.60020
17.3300,1.00000,0.88931,0.89220,-0.04764,1.00000,0.20060,0.14300,-0.41750
17.3470,1.00000,0.88931,0.89220,-0.04764,1.00000,0.20060,0.14300,-0.41750
17.3630,1.00000,0.88931,0.89220,-0.04764,1.00000,0.20060,0.14300,-0.41750
17.3790,1.00000,0.89076,0.88747,-0.04764,1.00000,-0.77080,0.71570,0.66250
17.3960,1.00000,0.88939,0.88534,-0.04764,1.00000,-0.89110,0.50560,0.52900
17.4130,1.00000,0.88939,0.88534,-0.04764,1.00000,-0.89110,0.50560,0.52900
17.4290,1.00000,0.88939,0.88534,-0.04764,1.00000,-0.89110,0.50560,0.52900
17.4460,1.00000,0.89248,0.88534,-0.04764,1.00000,-0.79910,-0.04810,0.15450
17.4630,1.00000,0.89248,0.88534,-0.04764,1.00000,-0.79910,-0.04810,0.15450
17.4790,1.00000,0.89248,0.88534,-0.04764,1.00000,-0.79910,-0.04810,0.15450
17.4960,1.00000,0.89465,0.88439,-0.04764,1.00000,0.97060,-0.15080,-1.63770
17.5120,1.00000,0.89416,0.89149,-0.04764,1.00000,0.28230,0.17350,-1.32100
17.5290,1.00000,0.89416,0.89149,-0.04764,1.00000,0.28230,0.17350,-1.32100
17.5450,1.00000,0.89416,0.89149,-0.04764,1.00000,0.28230,0.17350,-1.32100
17.5620,1.00000,0.89447,0.89198,-0.04764,1.00000,0.14860,0.25080,-0.88250
17.5790,1.00000,0.89447,0.89198,-0.04764,1.00000,0.14860,0.25080,-0.88250
17.5960,1.00000,0.89447,0.89198,-0.04764,1.00000,0.14860,0.25080,-0.88250
17.6130,1.00000,0.89416,0.89315,-0.04764,1.00000,0.04830,0.28600,-0.67030
17.6300,1.00000,0.89329,0.89526,-0.04764,1.00000,0.19230,0.04370,-0.80320
17.6470,1.00000,0.89329,0.89526,-0.04764,1.00000,0.19230,0.04370,-0.80320
17.6630,1.00000,0.89329,0.89526,-0.04764,1.00000,0.19230,0.04370,-0.80320
17.6790,1.00000,0.89159,0.89337,-0.04764,1.00000,0.28400,0.05220,-1.02140
17.6950,1.00000,0.89159,0.89337,-0.04764,1.00000,0.28400,0.05220,-1.02140
17.7110,1.00000,0.89159,0.89337,-0.04764,1.00000,0.28400,0.05220,-1.02140
17.7280,1.00000,0.89159,0.89337,-0.04764,1.00000,0.28400,0.05220,-1.02140
17.7450,1.00000,0.89159,0.89337,-0.04764,1.00000,0.28400,0.05220,-1.02140
17.7620,1.00000,0.89159,0.89337,-0.04764,1.00000,0.28400,0.05220,-1.02140
17.7790,1.00000,0.89159,0.89337,-0.04764,1.00000,0.28400,0.05220,-1.02140
17.7950,1.00000,0.89188,0.89857,-0.04764,1.00000,0.30650,0.04590,-1.05650
17.8130,1.00000,0.89420,0.88891,-0.04764,1.00000,0.17810,0.15130,-0.93400
17.8290,1.00000,0.89050,0.88653,-0.04764,1.00000,0.18740,0.13930,-0.93740
17.8460,1.00000,0.89050,0.88653,-0.04764,1.00000,0.18740,0.13930,-0.93740
17.8630,1.00000,0.89050,0.88653,-0.04764,1.00000,0.18740,0.13930,-0.93740
17.8790,1.00000,0.89050,0.88653,-0.04764,1.00000,0.18740,0.13930,-0.93740
17.8970,1.00000,0.89050,0.88653,-0.04764,1.00000,0.18740,0.13930,-0.93740
17.9130,1.00000,0.88715,0.88157,-0.04764,1.00000,0.21570,0.15010,-1.00330
17.9300,1.00000,0.89057,0.88324,-0.04764,1.00000,0.29770,0.06910,-1.21270
17.9460,1.00000,0.89057,0.88324,-0.04764,1.00000,0.29770,0.06910,-1.21270
17.9630,1.00000,0.89057,0.88324,-0.04764,1.00000,0.29770,0.06910,-1.21270
17.9800,1.00000,0.89057,0.88324,-0.04764,1.00000,0.29770,0.06910,-1.21270
17.9970,1.00000,0.89057,0.88324,-0.04764,1.00000,0.29770,0.06910,-1.21270
18.0130,1.00000,0.89057,0.88324,-0.04764,1.00000,0.29770,0.06910,-1.21270
18.0290,1.00000,0.89057,0.88324,-0.04764,1.00000,0.29770,0.06910,-1.21270
18.0460,1.00000,0.89057,0.88324,-0.04764,1.00000,0.29770,0.06910,-1.21270
18.0630,1.00000,0.89057,0.88324,-0.04764,1.00000,0.29770,0.06910,-1.21270
18.0790,1.00000,0.89057,0.88324,-0.04764,1.00000,0.29770,0.06910,-1.21270
18.0960,1.00000,0.89083,0.88208,-0.04764,1.00000,0.10320,0.13200,-0.70370
18.1130,1.00000,0.88296,0.87423,-0.04764,1.00000,-0.10470,0.27430,-0.36650
18.1300,1.00000,0.88971,0.86495,-0.04764,1.00000,0.81130,-0.16420,-2.05550
18.1470,1.00000,0.88971,0.86495,-0.04764,1.00000,0.81130,-0.16420,-2.05550
18.1630,1.00000,0.89306,0.86329,-0.04764,1.00000,0.76350,-0.24060,-2.06030
18.1790,1.00000,0.89306,0.86329,-0.04764,1.00000,0.76350,-0.24060,-2.06030
18.1960,1.00000,0.89306,0.86329,-0.04764,1.00000,0.76350,-0.24060,-2.06030
18.2120,1.00000,0.89306,0.86329,-0.04764,1.00000,0.76350,-0.24060,-2.06030
18.2290,1.00000,0.89306,0.86329,-0.04764,1.00000,0.76350,-0.24060,-2.06030
18.2460,1.00000,0.89306,0.86329,-0.04764,1.00000,0.76350,-0.24060,-2.06030
18.2630,1.00000,0.89306,0.86329,-0.04764,1.00000,0.76350,-0.24060,-2.06030
18.2800,1.00000,0.89420,0.86518,-0.04764,1.00000,0.17420,0.23250,-0.39850
18.2970,1.00000,0.89084,0.85591,-0.04764,1.00000,-0.38310,0.55290,0.27770
18.3130,1.00000,0.89084,0.85591,-0.04764,1.00000,-0.38310,0.55290,0.27770
18.3300,1.00000,0.89084,0.85591,-0.04764,1.00000,-0.38310,0.55290,0.27770
18.3470,1.00000,0.89084,0.85591,-0.04764,1.00000,-0.38310,0.55290,0.27770
18.3630,1.00000,0.89084,0.85591,-0.04764,1.00000,-0.38310,0.55290,0.27770
18.3790,1.00000,0.89084,0.85591,-0.04764,1.00000,-0.38310,0.55290,0.27770
18.3960,1.00000,0.89113,0.85330,-0.04764,1.00000,-0.44730,0.41530,0.16010
18.4130,1.00000,0.89113,0.85330,-0.04764,1.00000,-0.44730,0.41530,0.16010
18.4300,1.00000,0.89113,0.85330,-0.04764,1.00000,-0.44730,0.41530,0.16010
18.4460,1.00000,0.89113,0.85330,-0.04764,1.00000,-0.44730,0.41530,0.16010
18.4630,1.00000,0.89113,0.85330,-0.04764,1.00000,-0.44730,0.41530,0.16010
18.4790,1.00000,0.89113,0.85330,-0.04764,1.00000,-0.44730,0.41530,0.16010
18.4960,1.00000,0.89113,0.85330,-0.04764,1.00000,-0.44730,0.41530,0.16010
18.5120,1.00000,0.88831,0.85307,-0.04764,1.00000,-0.21400,0.14910,-0.29990
18.5300,1.00000,0.88804,0.84950,-0.04764,1.00000,0.71610,-0.22420,-1.89660
18.5470,1.00000,0.87068,0.85356,-0.04764,1.00000,0.34720,-0.03930,-1.01480
18.5640,1.00000,0.87372,0.85284,-0.04764,1.00000,0.88330,-0.17790,-1.89950
18.5820,1.00000,0.87372,0.85284,-0.04764,1.00000,0.88330,-0.17790,-1.89950
18.5980,1.00000,0.87372,0.85284,-0.04764,1.00000,0.88330,-0.17790,-1.89950
18.6150,1.00000,0.87372,0.85284,-0.04764,1.00000,0.88330,-0.17790,-1.89950
18.6310,1.00000,0.87091,0.84880,-0.04764,1.00000,0.95870,-0.40310,-2.01400
18.6490,1.00000,0.87871,0.85097,-0.04764,1.00000,-0.24160,0.47090,-0.10520
18.6650,1.00000,0.87871,0.85097,-0.04764,1.00000,-0.24160,0.47090,-0.10520
18.6820,1.00000,0.87871,0.85097,-0.04764,1.00000,-0.24160,0.47090,-0.10520
18.6990,1.00000,0.87871,0.85097,-0.04764,1.00000,-0.24160,0.47090,-0.10520
18.7160,1.00000,0.87871,0.85097,-0.04764,1.00000,-0.24160,0.47090,-0.10520
18.7330,1.00000,0.87871,0.85097,-0.04764,1.00000,-0.24160,0.47090,-0.10520
18.7490,1.00000,0.87871,0.85097,-0.04764,1.00000,-0.24160,0.47090,-0.10520
18.7650,1.00000,0.87136,0.85525,-0.04764,1.00000,0.44140,-0.01630,-1.11630
18.7820,1.00000,0.87359,0.85500,-0.04764,1.00000,1.03190,-0.21030,-2.03400
18.7980,1.00000,0.87359,0.85500,-0.04764,1.00000,1.03190,-0.21030,-2.03400
18.8150,1.00000,0.87359,0.85500,-0.04764,1.00000,1.03190,-0.21030,-2.03400
18.8320,1.00000,0.87359,0.85500,-0.04764,1.00000,1.03190,-0.21030,-2.03400
18.8490,1.00000,0.87359,0.85500,-0.04764,1.00000,1.03190,-0.21030,-2.03400
18.8670,1.00000,0.87359,0.85500,-0.04764,1.00000,1.03190,-0.21030,-2.03400
18.8830,1.00000,0.87965,0.85381,-0.04764,1.00000,0.01950,0.04810,-0.42310
18.8990,1.00000,0.88273,0.85880,-0.04764,1.00000,-0.60340,0.74520,0.36040
18.9160,1.00000,0.88273,0.85880,-0.04764,1.00000,-0.60340,0.74520,0.36040
18.9330,1.00000,0.88420,0.85996,-0.04764,1.00000,-0.48900,0.43850,0.22110
18.9500,1.00000,0.88085,0.85806,-0.04764,1.00000,0.56710,0.04560,-1.04290
18.9660,1.00000,0.88085,0.85806,-0.04764,1.00000,0.56710,0.04560,-1.04290
18.9830,1.00000,0.88085,0.85806,-0.04764,1.00000,0.56710,0.04560,-1.04290
18.9990,1.00000,0.89548,0.86517,-0.04764,1.00000,1.15730,-0.83720,-1.97230
19.0160,1.00000,0.89548,0.86517,-0.04764,1.00000,1.15730,-0.83720,-1.97230
19.0340,1.00000,0.89548,0.86517,-0.04764,1.00000,1.15730,-0.83720,-1.97230
19.0500,1.00000,0.89548,0.86517,-0.04764,1.00000,1.15730,-0.83720,-1.97230
19.0660,1.00000,0.89830,0.86661,-0.04764,1.00000,0.85180,-0.62000,-1.53520
19.0830,1.00000,0.89830,0.86661,-0.04764,1.00000,0.85180,-0.62000,-1.53520
19.1000,1.00000,0.89830,0.86661,-0.04764,1.00000,0.85180,-0.62000,-1.53520
19.1160,1.00000,0.90309,0.86613,-0.04764,1.00000,0.14520,-0.08130,-0.55220
19.1320,1.00000,0.89601,0.86400,-0.04764,1.00000,-0.26400,0.20940,-0.27940
19.1490,1.00000,0.89601,0.86400,-0.04764,1.00000,-0.26400,0.20940,-0.27940
19.1650,1.00000,0.89601,0.86400,-0.04764,1.00000,-0.26400,0.20940,-0.27940
19.1810,1.00000,0.89597,0.86400,-0.04764,1.00000,1.09820,-0.22030,-1.98470
19.1980,1.00000,0.89597,0.86400,-0.04764,1.00000,1.09820,-0.22030,-1.98470
19.2150,1.00000,0.89597,0.86400,-0.04764,1.00000,1.09820,-0.22030,-1.98470
19.2330,1.00000,0.89597,0.86400,-0.04764,1.00000,1.09820,-0.22030,-1.98470
19.2490,1.00000,0.90743,0.86757,-0.04764,1.00000,0.55660,-0.36230,-0.73610
19.2660,1.00000,0.90743,0.86757,-0.04764,1.00000,0.55660,-0.36230,-0.73610
19.2830,1.00000,0.90743,0.86757,-0.04764,1.00000,0.55660,-0.36230,-0.73610
19.3000,1.00000,0.88513,0.85855,-0.04764,1.00000,-0.85500,1.00060,0.54560
19.3160,1.00000,0.88513,0.85855,-0.04764,1.00000,-0.85500,1.00060,0.54560
19.3320,1.00000,0.88513,0.85855,-0.04764,1.00000,-0.85500,1.00060,0.54560
19.3480,1.00000,0.88513,0.85855,-0.04764,1.00000,-0.85500,1.00060,0.54560
19.3640,1.00000,0.88138,0.85072,-0.04764,1.00000,0.73150,-0.01460,-1.48250
19.3820,1.00000,0.88138,0.85072,-0.04764,1.00000,0.73150,-0.01460,-1.48250
19.3990,1.00000,0.88138,0.85072,-0.04764,1.00000,0.73150,-0.01460,-1.48250
19.4150,1.00000,0.88225,0.85169,-0.04764,1.00000,1.19930,-0.12370,-2.19720
19.4320,1.00000,0.88225,0.85169,-0.04764,1.00000,1.19930,-0.12370,-2.19720
19.4480,1.00000,0.88225,0.85169,-0.04764,1.00000,1.19930,-0.12370,-2.19720
19.4650,1.00000,0.88225,0.85169,-0.04764,1.00000,1.19930,-0.12370,-2.19720
19.4820,1.00000,0.87659,0.86426,-0.04764,1.00000,-0.07080,0.20940,-0.26640
19.4990,1.00000,0.87184,0.87111,-0.04764,1.00000,-0.52310,0.54680,0.65710
19.5160,1.00000,0.87184,0.87111,-0.04764,1.00000,-0.52310,0.54680,0.65710
19.5320,1.00000,0.86682,0.86804,-0.04764,1.00000,-0.72050,0.78370,0.55680
19.5480,1.00000,0.86241,0.86611,-0.04764,1.00000,-0.52020,0.09440,-0.25470
19.5650,1.00000,0.86241,0.86611,-0.04764,1.00000,-0.52020,0.09440,-0.25470
19.5820,1.00000,0.86241,0.86611,-0.04764,1.00000,-0.52020,0.09440,-0.25470
19.5990,1.00000,0.87824,0.87370,-0.04764,1.00000,1.21610,0.12930,-2.29600
19.6160,1.00000,0.88222,0.87181,-0.04764,1.00000,1.23240,-0.30230,-2.23380
19.6330,1.00000,0.88222,0.87181,-0.04764,1.00000,1.23240,-0.30230,-2.23380
19.6500,1.00000,0.88222,0.87181,-0.04764,1.00000,1.23240,-0.30230,-2.23380
19.6670,1.00000,0.88902,0.87988,-0.04764,1.00000,0.28790,-0.16370,-0.60290
19.6850,1.00000,0.88902,0.87988,-0.04764,1.00000,0.28790,-0.16370,-0.60290
19.7020,1.00000,0.88902,0.87988,-0.04764,1.00000,0.28790,-0.16370,-0.60290
19.7190,1.00000,0.88484,0.87893,-0.04764,1.00000,-0.49070,0.48210,0.25940
19.7360,1.00000,0.88260,0.86896,-0.04764,1.00000,-0.97820,0.95040,0.50040
19.7530,1.00000,0.88260,0.86896,-0.04764,1.00000,-0.97820,0.95040,0.50040
19.7690,1.00000,0.88260,0.86896,-0.04764,1.00000,-0.97820,0.95040,0.50040
19.7860,1.00000,0.88680,0.86140,-0.04764,1.00000,0.89910,-0.00950,-1.96030
19.8030,1.00000,0.88680,0.86140,-0.04764,1.00000,0.89910,-0.00950,-1.96030
19.8200,1.00000,0.88680,0.86140,-0.04764,1.00000,0.89910,-0.00950,-1.96030
19.8360,1.00000,0.89041,0.86330,-0.04764,1.00000,0.96750,-0.70000,-1.76070
19.8520,1.00000,0.88871,0.86522,-0.04764,1.00000,0.82740,-0.49070,-1.49690
19.8690,1.00000,0.88871,0.86522,-0.04764,1.00000,0.82740,-0.49070,-1.49690
19.8860,1.00000,0.88871,0.86522,-0.04764,1.00000,0.82740,-0.49070,-1.49690
19.9020,1.00000,0.88045,0.86167,-0.04764,1.00000,-0.45430,0.53170,0.20980
19.9180,1.00000,0.88045,0.86167,-0.04764,1.00000,-0.45430,0.53170,0.20980
19.9350,1.00000,0.88045,0.86167,-0.04764,1.00000,-0.45430,0.53170,0.20980
19.9530,1.00000,0.87624,0.86213,-0.04764,1.00000,-0.69130,0.62490,0.45800
19.9690,1.00000,0.87624,0.86213,-0.04764,1.00000,-0.69130,0.62490,0.45800
19.9850,1.00000,0.87624,0.86213,-0.04764,1.00000,-0.69130,0.62490,0.45800
20.0020,1.00000,0.87624,0.86213,-0.04764,1.00000,-0.69130,0.62490,0.45800
