time_s,Thumb,Index,Middle,Ring,Pinky
0.0160,0.00000,0.00000,0.00000,0.00000,0.00000
0.0330,-1.00000,-0.96952,-1.00000,-0.99472,-1.00000
0.0490,-1.00000,-0.96991,-1.00000,-0.99471,-1.00000
0.0660,-1.00000,-0.96991,-1.00000,-0.99471,-1.00000
0.0830,-1.00000,-0.96991,-1.00000,-0.99471,-1.00000
0.0990,-1.00000,-0.98567,-1.00000,-0.98801,-1.00000
0.1160,-1.00000,-0.97974,-1.00000,-0.98926,-1.00000
0.1320,-1.00000,-0.97974,-1.00000,-0.98926,-1.00000
0.1480,-1.00000,-0.97550,-1.00000,-0.98885,-1.00000
0.1640,-1.00000,-0.97508,-1.00000,-0.99472,-1.00000
0.1810,-1.00000,-0.97508,-1.00000,-0.99472,-1.00000
0.1980,-1.00000,-0.97508,-1.00000,-0.99472,-1.00000
0.2140,-1.00000,-0.98574,-1.00000,-1.00000,-1.00000
0.2310,-1.00000,-0.98777,-1.00000,-0.99976,-1.00000
0.2480,-1.00000,-0.98777,-1.00000,-0.99976,-1.00000
0.2640,-1.00000,-0.98777,-1.00000,-0.99976,-1.00000
0.2810,-1.00000,-0.99454,-1.00000,-0.99684,-1.00000
0.2980,-1.00000,-0.99454,-1.00000,-0.99684,-1.00000
0.3150,-1.00000,-0.99454,-1.00000,-0.99684,-1.00000
0.3310,-1.00000,-1.00000,-1.00000,-0.99935,-1.00000
0.3470,-1.00000,-0.99124,-1.00000,-0.98934,-1.00000
0.3640,-1.00000,-0.99124,-1.00000,-0.98934,-1.00000
0.3820,-1.00000,-0.99124,-1.00000,-0.98934,-1.00000
0.3990,-1.00000,-0.98006,-1.00000,-0.99477,-1.00000
0.4160,-1.00000,-0.98006,-1.00000,-0.99477,-1.00000
0.4320,-1.00000,-0.98006,-1.00000,-0.99477,-1.00000
0.4510,-1.00000,-0.98544,-1.00000,-0.99311,-1.00000
0.4680,-1.00000,-0.98544,-1.00000,-0.99311,-1.00000
0.4850,-1.00000,-0.98544,-1.00000,-0.99311,-1.00000
0.5030,-1.00000,-0.98544,-1.00000,-0.99311,-1.00000
0.5200,-1.00000,-0.97221,-1.00000,-0.98766,-1.00000
0.5370,-1.00000,-0.97221,-1.00000,-0.98766,-1.00000
0.5530,-1.00000,-0.97221,-1.00000,-0.98766,-1.00000
0.5700,-1.00000,-0.97221,-1.00000,-0.98766,-1.00000
0.5870,-1.00000,-0.97221,-1.00000,-0.98766,-1.00000
0.6040,-1.00000,-0.97221,-1.00000,-0.98766,-1.00000
0.6200,-1.00000,-0.97221,-1.00000,-0.98766,-1.00000
0.6360,-1.00000,-0.97221,-1.00000,-0.98766,-1.00000
0.6530,-1.00000,-0.97221,-1.00000,-0.98766,-1.00000
0.6700,-1.00000,-0.97221,-1.00000,-0.98766,-1.00000
0.6860,-1.00000,-0.97221,-1.00000,-0.98766,-1.00000
0.7020,-1.00000,-0.91151,-1.00000,-0.93314,-1.00000
0.7190,-1.00000,-0.91151,-1.00000,-0.93314,-1.00000
0.7350,-1.00000,-0.91151,-1.00000,-0.93314,-1.00000
0.7540,-1.00000,-0.87079,-0.97584,-0.90150,-0.99948
0.7700,-1.00000,-0.87079,-0.97584,-0.90150,-0.99948
0.7870,-1.00000,-0.87079,-0.97584,-0.90150,-0.99948
0.8040,-1.00000,-0.87079,-0.97584,-0.90150,-0.99948
0.8210,-1.00000,-0.74034,-0.87812,-0.78809,-0.89595
0.8380,-1.00000,-0.59665,-0.74298,-0.66154,-0.78217
0.8550,-1.00000,-0.59665,-0.74298,-0.66154,-0.78217
0.8720,-1.00000,-0.56236,-0.70518,-0.62730,-0.75389
0.8890,-1.00000,-0.56236,-0.70518,-0.62730,-0.75389
0.9060,-1.00000,-0.56236,-0.70518,-0.62730,-0.75389
0.9230,-1.00000,-0.56236,-0.70518,-0.62730,-0.75389
0.9400,-1.00000,-0.49342,-0.64083,-0.56120,-0.69345
0.9570,-1.00000,-0.49342,-0.64083,-0.56120,-0.69345
0.9730,-1.00000,-0.49342,-0.64083,-0.56120,-0.69345
0.9900,-1.00000,-0.49342,-0.64083,-0.56120,-0.69345
1.0070,-1.00000,-0.49342,-0.64083,-0.56120,-0.69345
1.0240,-1.00000,-0.49342,-0.64083,-0.56120,-0.69345
1.0410,-1.00000,-0.49342,-0.64083,-0.56120,-0.69345
1.0580,-1.00000,-0.27166,-0.40378,-0.34063,-0.47562
1.0740,-1.00000,-0.27166,-0.40378,-0.34063,-0.47562
1.0910,-1.00000,-0.27166,-0.40378,-0.34063,-0.47562
1.1080,-1.00000,-0.27166,-0.40378,-0.34063,-0.47562
1.1250,-1.00000,-0.19775,-0.32352,-0.26623,-0.39633
1.1410,-1.00000,-0.19775,-0.32352,-0.26623,-0.39633
1.1570,-1.00000,-0.19775,-0.32352,-0.26623,-0.39633
1.1740,-1.00000,-0.08776,-0.20615,-0.16861,-0.29847
1.1910,-1.00000,-0.05219,-0.16811,-0.13517,-0.26515
1.2070,-1.00000,-0.05219,-0.16811,-0.13517,-0.26515
1.2240,-1.00000,-0.05219,-0.16811,-0.13517,-0.26515
1.2400,-1.00000,-0.02382,-0.13368,-0.09969,-0.22274
1.2560,-1.00000,-0.02382,-0.13368,-0.09969,-0.22274
1.2720,-1.00000,-0.02382,-0.13368,-0.09969,-0.22274
1.2890,-1.00000,-0.02382,-0.13368,-0.09969,-0.22274
1.3060,-1.00000,0.42795,0.21227,0.24959,0.12892
1.3230,-1.00000,0.54268,0.30940,0.36404,0.23485
1.3390,-1.00000,0.54268,0.30940,0.36404,0.23485
1.3560,-1.00000,0.64292,0.40884,0.47652,0.38434
1.3730,-1.00000,0.69292,0.46765,0.54016,0.46765
1.3900,-1.00000,0.69292,0.46765,0.54016,0.46765
1.4070,-1.00000,0.69292,0.46765,0.54016,0.46765
1.4250,-1.00000,0.73112,0.51766,0.60559,0.54945
1.4410,-1.00000,0.73112,0.51766,0.60559,0.54945
1.4580,-1.00000,0.73112,0.51766,0.60559,0.54945
1.4740,-1.00000,0.74659,0.55299,0.65065,0.60353
1.4910,-1.00000,0.76933,0.58990,0.68087,0.66256
1.5070,-1.00000,0.76933,0.58990,0.68087,0.66256
1.5240,-1.00000,0.76933,0.58990,0.68087,0.66256
1.5410,-1.00000,0.78321,0.60685,0.70158,0.69532
1.5580,-1.00000,0.78321,0.60685,0.70158,0.69532
1.5750,-1.00000,0.78321,0.60685,0.70158,0.69532
1.5920,-1.00000,0.79390,0.62868,0.72061,0.71963
1.6080,-1.00000,0.83227,0.69247,0.76794,0.76079
1.6240,-1.00000,0.84009,0.69759,0.77683,0.76819
1.6400,-1.00000,0.84009,0.69759,0.77683,0.76819
1.6560,-1.00000,0.84573,0.71228,0.78906,0.76635
1.6730,-1.00000,0.84573,0.71228,0.78906,0.76635
1.6890,-1.00000,0.84573,0.71228,0.78906,0.76635
1.7050,-1.00000,0.84573,0.71228,0.78906,0.76635
1.7220,-1.00000,0.84573,0.71228,0.78906,0.76635
1.7390,-1.00000,0.84573,0.71228,0.78906,0.76635
1.7560,-1.00000,0.84573,0.71228,0.78906,0.76635
1.7730,-1.00000,0.85026,0.71845,0.79628,0.77188
1.7900,-1.00000,0.85533,0.72322,0.79906,0.77005
1.8070,-1.00000,0.85533,0.72322,0.79906,0.77005
1.8240,-1.00000,0.85533,0.72322,0.79906,0.77005
1.8410,-1.00000,0.85988,0.73004,0.79906,0.77051
1.8580,-1.00000,0.85988,0.73004,0.79906,0.77051
1.8750,-1.00000,0.85988,0.73004,0.79906,0.77051
1.8920,-1.00000,0.86694,0.73208,0.79906,0.76821
1.9090,-1.00000,0.86441,0.73825,0.79793,0.75300
1.9250,-1.00000,0.86441,0.73825,0.79793,0.75300
1.9420,-1.00000,0.86441,0.73825,0.79793,0.75300
1.9600,-1.00000,0.86441,0.73825,0.79793,0.75300
1.9760,-1.00000,0.86441,0.73825,0.79793,0.75300
1.9930,-1.00000,0.86441,0.73825,0.79793,0.75300
2.0090,-1.00000,0.86492,0.73621,0.79682,0.75023
2.0270,-1.00000,0.86788,0.73314,0.79350,0.74286
2.0450,-1.00000,0.86788,0.73314,0.79350,0.74286
2.0620,-1.00000,0.86788,0.73314,0.79350,0.74286
2.0780,-1.00000,0.86788,0.73314,0.79350,0.74286
2.0950,-1.00000,0.86788,0.73314,0.79350,0.74286
2.1110,-1.00000,0.86788,0.73314,0.79350,0.74286
2.1270,-1.00000,0.86788,0.73314,0.79350,0.74286
2.1430,-1.00000,0.86587,0.73245,0.79350,0.73917
2.1600,-1.00000,0.86587,0.73245,0.79350,0.73917
2.1760,-1.00000,0.86587,0.73245,0.79350,0.73917
2.1940,-1.00000,0.87396,0.72262,0.78851,0.72767
2.2110,-1.00000,0.87396,0.72262,0.78851,0.72767
2.2290,-1.00000,0.87396,0.72262,0.78851,0.72767
2.2460,-1.00000,0.87396,0.72262,0.78851,0.72767
2.2630,-1.00000,0.86690,0.71242,0.78907,0.72904
2.2810,-1.00000,0.86690,0.71242,0.78907,0.72904
2.2970,-1.00000,0.86690,0.71242,0.78907,0.72904
2.3130,-1.00000,0.86690,0.71242,0.78907,0.72904
2.3290,-1.00000,0.88556,0.66633,0.76855,0.69529
2.3460,-1.00000,0.88655,0.66155,0.76521,0.69483
2.3620,-1.00000,0.88655,0.66155,0.76521,0.69483
2.3790,-1.00000,0.88655,0.66155,0.76521,0.69483
2.3960,-1.00000,0.88655,0.66155,0.76521,0.69483
2.4120,-1.00000,0.88655,0.66155,0.76521,0.69483
2.4290,-1.00000,0.88655,0.66155,0.76521,0.69483
2.4460,-1.00000,0.89008,0.65675,0.75189,0.68835
2.4620,-1.00000,0.89008,0.65675,0.75189,0.68835
2.4790,-1.00000,0.89008,0.65675,0.75189,0.68835
2.4970,-1.00000,0.89159,0.64853,0.74187,0.68234
2.5130,-1.00000,0.90177,0.65364,0.75627,0.68603
2.5290,-1.00000,0.90177,0.65364,0.75627,0.68603
2.5450,-1.00000,0.90177,0.65364,0.75627,0.68603
2.5620,-1.00000,0.91488,0.65570,0.75405,0.69297
2.5790,-1.00000,0.91488,0.65570,0.75405,0.69297
2.5960,-1.00000,0.91488,0.65570,0.75405,0.69297
2.6120,-1.00000,0.91937,0.65432,0.76126,0.69945
2.6280,-1.00000,0.92540,0.64704,0.76402,0.70131
2.6450,-1.00000,0.92540,0.64704,0.76402,0.70131
2.6610,-1.00000,0.92540,0.64704,0.76402,0.70131
2.6790,-1.00000,0.92540,0.64738,0.76790,0.69022
2.6970,-1.00000,0.92540,0.64738,0.76790,0.69022
2.7140,-1.00000,0.92540,0.64738,0.76790,0.69022
2.7310,-1.00000,0.92540,0.64738,0.76790,0.69022
2.7480,-1.00000,0.92621,0.64190,0.82390,0.69714
2.7640,-1.00000,0.92824,0.64190,0.82945,0.69761
2.7800,-1.00000,0.92824,0.64190,0.82945,0.69761
2.7970,-1.00000,0.93230,0.63575,0.85210,0.69022
2.8140,-1.00000,0.93732,0.62410,0.85486,0.68788
2.8300,-1.00000,0.93732,0.62410,0.85486,0.68788
2.8470,-1.00000,0.93732,0.62410,0.85486,0.68788
2.8640,-1.00000,0.93681,0.61170,0.86703,0.66702
2.8810,-1.00000,0.93681,0.61170,0.86703,0.66702
2.8980,-1.00000,0.93681,0.61170,0.86703,0.66702
2.9140,-1.00000,0.93831,0.60827,0.86592,0.66470
2.9300,-1.00000,0.93831,0.60827,0.86592,0.66470
2.9470,-1.00000,0.93831,0.60827,0.86592,0.66470
2.9650,-1.00000,0.93831,0.60827,0.86592,0.66470
2.9820,-1.00000,0.93183,0.61108,0.86703,0.65962
2.9990,-1.00000,0.93183,0.61108,0.86703,0.65962
3.0160,-1.00000,0.93183,0.61108,0.86703,0.65962
3.0330,-1.00000,0.94232,0.60590,0.87419,0.65355
3.0500,-1.00000,0.91980,0.56557,0.85147,0.60828
3.0660,-1.00000,0.91980,0.56557,0.85147,0.60828
3.0820,-1.00000,0.91980,0.56557,0.85147,0.60828
3.0990,-1.00000,0.88476,0.49974,0.81989,0.52598
3.1160,-1.00000,0.86068,0.47692,0.79990,0.48996
3.1320,-1.00000,0.86068,0.47692,0.79990,0.48996
3.1490,-1.00000,0.86068,0.47692,0.79990,0.48996
3.1660,-1.00000,0.83469,0.43485,0.77208,0.43798
3.1830,-1.00000,0.83469,0.43485,0.77208,0.43798
3.2000,-1.00000,0.83469,0.43485,0.77208,0.43798
3.2160,-1.00000,0.77875,0.35016,0.70550,0.35052
3.2320,-1.00000,0.70539,0.24128,0.62109,0.22532
3.2490,-1.00000,0.70539,0.24128,0.62109,0.22532
3.2650,-1.00000,0.70539,0.24128,0.62109,0.22532
3.2820,-1.00000,0.61538,0.12788,0.53821,0.09932
3.2990,-1.00000,0.61538,0.12788,0.53821,0.09932
3.3150,-1.00000,0.61538,0.12788,0.53821,0.09932
3.3310,-1.00000,0.57457,0.10171,0.51621,0.06582
3.3480,-1.00000,0.57457,0.10171,0.51621,0.06582
3.3640,-1.00000,0.57457,0.10171,0.51621,0.06582
3.3800,-1.00000,0.57457,0.10171,0.51621,0.06582
3.3980,-1.00000,0.55897,0.08970,0.49482,0.05115
3.4140,-1.00000,0.55897,0.08970,0.49482,0.05115
3.4310,-1.00000,0.55897,0.08970,0.49482,0.05115
3.4480,-1.00000,0.55897,0.08970,0.49482,0.05115
3.4650,-1.00000,0.51864,0.04385,0.45233,0.01246
3.4820,-1.00000,0.51864,0.04385,0.45233,0.01246
3.4980,-1.00000,0.51864,0.04385,0.45233,0.01246
3.5150,-1.00000,0.46438,-0.01167,0.40691,-0.03535
3.5320,-1.00000,0.39321,-0.06020,0.38248,-0.10084
3.5480,-1.00000,0.39321,-0.06020,0.38248,-0.10084
3.5660,-1.00000,0.39321,-0.06020,0.38248,-0.10084
3.5830,-1.00000,0.39321,-0.06020,0.38248,-0.10084
3.5990,-1.00000,0.39321,-0.06020,0.38248,-0.10084
3.6150,-1.00000,0.39321,-0.06020,0.38248,-0.10084
3.6330,-1.00000,0.38999,-0.06588,0.38474,-0.10909
3.6500,-1.00000,0.38999,-0.06588,0.38474,-0.10909
3.6670,-1.00000,0.38999,-0.06588,0.38474,-0.10909
3.6830,-1.00000,0.38999,-0.06588,0.38474,-0.10909
3.7000,-1.00000,0.38731,-0.06588,0.38701,-0.10806
3.7160,-1.00000,0.38731,-0.06588,0.38701,-0.10806
3.7330,-1.00000,0.38731,-0.06588,0.38701,-0.10806
3.7500,-1.00000,0.38731,-0.06588,0.38701,-0.10806
3.7660,-1.00000,0.38199,-0.07023,0.38928,-0.11063
3.7830,-1.00000,0.38199,-0.07023,0.38928,-0.11063
3.8000,-1.00000,0.38199,-0.07023,0.38928,-0.11063
3.8170,-1.00000,0.38856,-0.07192,0.37617,-0.12142
3.8340,-1.00000,0.38963,-0.07225,0.37560,-0.11835
3.8510,-1.00000,0.38963,-0.07225,0.37560,-0.11835
3.8680,-1.00000,0.38963,-0.07225,0.37560,-0.11835
3.8850,-1.00000,0.41829,-0.06620,0.38532,-0.11063
3.9010,-1.00000,0.41829,-0.06620,0.38532,-0.11063
3.9170,-1.00000,0.41829,-0.06620,0.38532,-0.11063
3.9340,-1.00000,0.42480,-0.06216,0.39501,-0.11063
3.9510,-1.00000,0.42480,-0.06216,0.39501,-0.11063
3.9680,-1.00000,0.42480,-0.06216,0.39501,-0.11063
3.9850,-1.00000,0.42480,-0.06216,0.39501,-0.11063
4.0010,-1.00000,0.47119,-0.03408,0.40712,-0.08460
4.0180,-1.00000,0.46554,-0.03171,0.40312,-0.08304
4.0350,-1.00000,0.46554,-0.03171,0.40312,-0.08304
4.0510,-1.00000,0.46279,-0.03273,0.39742,-0.08719
4.0680,-1.00000,0.43755,-0.04562,0.38087,-0.09657
4.0850,-1.00000,0.43755,-0.04562,0.38087,-0.09657
4.1010,-1.00000,0.43755,-0.04562,0.38087,-0.09657
4.1180,-1.00000,0.43319,-0.04562,0.37575,-0.10749
4.1340,-1.00000,0.43319,-0.04562,0.37575,-0.10749
4.1500,-1.00000,0.43319,-0.04562,0.37575,-0.10749
4.1660,-1.00000,0.43319,-0.04562,0.37575,-0.10749
4.1820,-1.00000,0.39097,-0.05570,0.35407,-0.13242
4.1990,-1.00000,0.39097,-0.05570,0.35407,-0.13242
4.2160,-1.00000,0.39097,-0.05570,0.35407,-0.13242
4.2330,-1.00000,0.38988,-0.05943,0.35177,-0.13139
4.2500,-1.00000,0.38988,-0.05943,0.35177,-0.13139
4.2680,-1.00000,0.38988,-0.05943,0.35177,-0.13139
4.2850,-1.00000,0.38988,-0.05943,0.35177,-0.13139
4.3020,-1.00000,0.34477,-0.06890,0.32326,-0.16241
4.3190,-1.00000,0.34477,-0.06890,0.32326,-0.16241
4.3360,-1.00000,0.34477,-0.06890,0.32326,-0.16241
4.3530,-1.00000,0.33932,-0.07897,0.30903,-0.16864
4.3700,-1.00000,0.33932,-0.07897,0.30903,-0.16864
4.3870,-1.00000,0.33932,-0.07897,0.30903,-0.16864
4.4040,-1.00000,0.33932,-0.07897,0.30903,-0.16864
4.4210,-1.00000,0.31561,-0.09081,0.29008,-0.18010
4.4380,-1.00000,0.31561,-0.09081,0.29008,-0.18010
4.4560,-1.00000,0.31561,-0.09081,0.29008,-0.18010
4.4730,-1.00000,0.30715,-0.09658,0.28262,-0.19894
4.4890,-1.00000,0.31000,-0.09726,0.27569,-0.20731
4.5050,-1.00000,0.31000,-0.09726,0.27569,-0.20731
4.5230,-1.00000,0.31000,-0.09726,0.27569,-0.20731
4.5410,-1.00000,0.30722,-0.10136,0.26646,-0.21412
4.5570,-1.00000,0.30722,-0.10136,0.26646,-0.21412
4.5740,-1.00000,0.30722,-0.10136,0.26646,-0.21412
4.5910,-1.00000,0.29899,-0.11261,0.24553,-0.22357
4.6090,-1.00000,0.25987,-0.16437,0.15917,-0.27140
4.6260,-1.00000,0.25214,-0.16712,0.15047,-0.28397
4.6420,-1.00000,0.25214,-0.16712,0.15047,-0.28397
4.6590,-1.00000,0.25214,-0.16712,0.15047,-0.28397
4.6760,-1.00000,0.25214,-0.16712,0.15047,-0.28397
4.6930,-1.00000,0.25214,-0.16712,0.15047,-0.28397
4.7120,-1.00000,0.23880,-0.17910,0.13019,-0.30033
4.7280,-1.00000,0.20200,-0.22526,0.05655,-0.34822
4.7450,-1.00000,0.20200,-0.22526,0.05655,-0.34822
4.7620,-1.00000,0.20200,-0.22526,0.05655,-0.34822
4.7790,-1.00000,0.18684,-0.23319,0.04372,-0.37187
4.7950,-1.00000,0.18684,-0.23319,0.04372,-0.37187
4.8110,-1.00000,0.18684,-0.23319,0.04372,-0.37187
4.8280,-1.00000,0.18684,-0.23319,0.04372,-0.37187
4.8440,-1.00000,0.17783,-0.24447,0.02578,-0.38352
4.8600,-1.00000,0.17783,-0.24447,0.02578,-0.38352
4.8760,-1.00000,0.17783,-0.24447,0.02578,-0.38352
4.8920,-1.00000,0.16111,-0.25135,-0.00327,-0.39731
4.9090,-1.00000,0.13356,-0.26588,-0.02675,-0.43512
4.9260,-1.00000,0.12903,-0.26657,-0.02523,-0.44478
4.9430,-1.00000,0.12903,-0.26657,-0.02523,-0.44478
4.9610,-1.00000,0.13646,-0.27973,-0.05179,-0.48014
4.9780,-1.00000,0.13646,-0.27973,-0.05179,-0.48014
4.9940,-1.00000,0.13646,-0.27973,-0.05179,-0.48014
5.0100,-1.00000,0.13646,-0.27973,-0.05179,-0.48014
5.0260,-1.00000,0.13646,-0.27973,-0.05179,-0.48014
5.0430,-1.00000,0.13646,-0.27973,-0.05179,-0.48014
5.0610,-1.00000,0.13646,-0.27973,-0.05179,-0.48014
5.0770,-1.00000,0.13595,-0.28424,-0.06126,-0.50207
5.0930,-1.00000,0.13595,-0.28424,-0.06126,-0.50207
5.1090,-1.00000,0.13595,-0.28424,-0.06126,-0.50207
5.1250,-1.00000,0.13595,-0.28424,-0.06126,-0.50207
5.1430,-1.00000,0.13708,-0.28807,-0.06316,-0.50207
5.1590,-1.00000,0.13708,-0.28807,-0.06316,-0.50207
5.1750,-1.00000,0.13708,-0.28807,-0.06316,-0.50207
5.1920,-1.00000,0.13653,-0.29084,-0.06619,-0.51325
5.2090,-1.00000,0.16923,-0.31027,-0.09244,-0.52508
5.2260,-1.00000,0.16923,-0.31027,-0.09244,-0.52508
5.2420,-1.00000,0.16923,-0.31027,-0.09244,-0.52508
5.2590,-1.00000,0.18677,-0.31097,-0.08900,-0.52463
5.2760,-1.00000,0.19073,-0.31376,-0.07989,-0.50690
5.2930,-1.00000,0.19073,-0.31376,-0.07989,-0.50690
5.3110,-1.00000,0.19073,-0.31376,-0.07989,-0.50690
5.3280,-1.00000,0.19472,-0.31307,-0.07801,-0.49412
5.3450,-1.00000,0.19472,-0.31307,-0.07801,-0.49412
5.3610,-1.00000,0.19472,-0.31307,-0.07801,-0.49412
5.3770,-1.00000,0.20493,-0.30925,-0.07113,-0.48435
5.3940,-1.00000,0.20493,-0.30925,-0.07113,-0.48435
5.4110,-1.00000,0.20493,-0.30925,-0.07113,-0.48435
5.4270,-1.00000,0.20493,-0.30925,-0.07113,-0.48435
5.4430,-1.00000,0.19301,-0.30474,-0.06696,-0.47893
5.4600,-1.00000,0.19301,-0.30474,-0.06696,-0.47893
5.4760,-1.00000,0.19301,-0.30474,-0.06696,-0.47893
5.4920,-1.00000,0.18961,-0.29746,-0.05889,-0.47460
5.5080,-1.00000,0.18961,-0.29746,-0.05889,-0.47460
5.5250,-1.00000,0.18961,-0.29746,-0.05889,-0.47460
5.5410,-1.00000,0.18961,-0.29746,-0.05889,-0.47460
5.5580,-1.00000,0.17713,-0.29501,-0.06119,-0.48759
5.5750,-1.00000,0.17713,-0.29501,-0.06119,-0.48759
5.5910,-1.00000,0.17713,-0.29501,-0.06119,-0.48759
5.6080,-1.00000,0.17713,-0.29501,-0.06119,-0.48759
5.6260,-1.00000,0.14769,-0.30626,-0.05320,-0.50780
5.6430,-1.00000,0.15281,-0.30382,-0.05735,-0.51260
5.6600,-1.00000,0.15281,-0.30382,-0.05735,-0.51260
5.6770,-1.00000,0.15404,-0.30624,-0.05169,-0.51790
5.6930,-1.00000,0.16427,-0.31354,-0.00012,-0.51577
5.7100,-1.00000,0.16427,-0.31354,-0.00012,-0.51577
5.7270,-1.00000,0.16427,-0.31354,-0.00012,-0.51577
5.7440,-1.00000,0.16881,-0.33275,0.10886,-0.48565
5.7620,-1.00000,0.16881,-0.33275,0.10886,-0.48565
5.7790,-1.00000,0.16881,-0.33275,0.10886,-0.48565
5.7950,-1.00000,0.16881,-0.33275,0.10886,-0.48565
5.8120,-1.00000,0.16881,-0.33275,0.10886,-0.48565
5.8300,-1.00000,0.16881,-0.33275,0.10886,-0.48565
5.8460,-1.00000,0.16881,-0.33275,0.10886,-0.48565
5.8630,-1.00000,0.16881,-0.33275,0.12691,-0.48565
5.8790,-1.00000,0.16881,-0.33275,0.12691,-0.48565
5.8970,-1.00000,0.16881,-0.33275,0.12691,-0.48565
5.9140,-1.00000,0.17503,-0.32508,0.17826,-0.47921
5.9320,-1.00000,0.19431,-0.30767,0.27560,-0.46851
5.9490,-1.00000,0.19431,-0.30767,0.27560,-0.46851
5.9650,-1.00000,0.19431,-0.30767,0.27560,-0.46851
5.9810,-1.00000,0.22601,-0.26870,0.49423,-0.43719
5.9980,-1.00000,0.24548,-0.24729,0.60487,-0.42445
6.0140,-1.00000,0.24548,-0.24729,0.60487,-0.42445
6.0300,-1.00000,0.26038,-0.24314,0.62063,-0.41915
6.0460,-1.00000,0.30095,-0.21385,0.72071,-0.40002
6.0630,-1.00000,0.30095,-0.21385,0.72071,-0.40002
6.0810,-1.00000,0.30095,-0.21385,0.72071,-0.40002
6.0980,-1.00000,0.31814,-0.20553,0.76321,-0.39256
6.1150,-1.00000,0.31814,-0.20553,0.76321,-0.39256
6.1310,-1.00000,0.31814,-0.20553,0.76321,-0.39256
6.1480,-1.00000,0.31814,-0.20553,0.76321,-0.39256
6.1650,-1.00000,0.32608,-0.19727,0.78162,-0.39044
6.1820,-1.00000,0.32608,-0.19727,0.78162,-0.39044
6.1980,-1.00000,0.32608,-0.19727,0.78162,-0.39044
6.2150,-1.00000,0.32608,-0.19727,0.78162,-0.39044
6.2310,-1.00000,0.32608,-0.19727,0.78162,-0.39044
6.2470,-1.00000,0.32608,-0.19727,0.78162,-0.39044
6.2640,-1.00000,0.32608,-0.19727,0.78162,-0.39044
6.2810,-1.00000,0.33602,-0.16753,0.84176,-0.38035
6.2970,-1.00000,0.33602,-0.16753,0.84176,-0.38035
6.3140,-1.00000,0.33602,-0.16753,0.84176,-0.38035
6.3300,-1.00000,0.33602,-0.16753,0.84176,-0.38035
6.3470,-1.00000,0.38497,-0.14489,0.96127,-0.35390
6.3640,-1.00000,0.38121,-0.14046,0.97330,-0.35496
6.3800,-1.00000,0.38121,-0.14046,0.97330,-0.35496
6.3980,-1.00000,0.40933,-0.12822,1.00000,-0.32720
6.4150,-1.00000,0.40229,-0.12278,1.00000,-0.32826
6.4320,-1.00000,0.40229,-0.12278,1.00000,-0.32826
6.4490,-1.00000,0.40229,-0.12278,1.00000,-0.32826
6.4650,-1.00000,0.40066,-0.11797,1.00000,-0.32564
6.4820,-1.00000,0.40066,-0.11797,1.00000,-0.32564
6.4980,-1.00000,0.40066,-0.11797,1.00000,-0.32564
6.5140,-1.00000,0.40066,-0.11797,1.00000,-0.32564
6.5300,-1.00000,0.40066,-0.11797,1.00000,-0.32564
6.5470,-1.00000,0.40066,-0.11797,1.00000,-0.32564
6.5630,-1.00000,0.40066,-0.11797,1.00000,-0.32564
6.5800,-1.00000,0.41437,-0.10947,1.00000,-0.31885
6.5960,-1.00000,0.41711,-0.10981,1.00000,-0.30093
6.6130,-1.00000,0.41711,-0.10981,1.00000,-0.30093
6.6300,-1.00000,0.41711,-0.10981,1.00000,-0.30093
6.6460,-1.00000,0.43774,-0.10374,1.00000,-0.30249
6.6630,-1.00000,0.43774,-0.10374,1.00000,-0.30249
6.6800,-1.00000,0.43774,-0.10374,1.00000,-0.30249
6.6970,-1.00000,0.44267,-0.10614,1.00000,-0.30721
6.7130,-1.00000,0.44267,-0.10614,1.00000,-0.30721
6.7300,-1.00000,0.44267,-0.10614,1.00000,-0.30721
6.7470,-1.00000,0.44267,-0.10614,1.00000,-0.30721
6.7640,-1.00000,0.43147,-0.10511,1.00000,-0.33452
6.7810,-1.00000,0.41996,-0.10646,1.00000,-0.33032
6.7970,-1.00000,0.41996,-0.10646,1.00000,-0.33032
6.8150,-1.00000,0.43085,-0.10069,1.00000,-0.33140
6.8310,-1.00000,0.42983,-0.10411,1.00000,-0.34452
6.8480,-1.00000,0.42983,-0.10411,1.00000,-0.34452
6.8650,-1.00000,0.42983,-0.10411,1.00000,-0.34452
6.8820,-1.00000,0.42983,-0.10411,1.00000,-0.34452
6.8980,-1.00000,0.42983,-0.10411,1.00000,-0.34452
6.9140,-1.00000,0.42983,-0.10411,1.00000,-0.34452
6.9310,-1.00000,0.42875,-0.10718,1.00000,-0.34875
6.9480,-1.00000,0.42875,-0.10718,1.00000,-0.34875
6.9650,-1.00000,0.42875,-0.10718,1.00000,-0.34875
6.9810,-1.00000,0.42875,-0.10718,1.00000,-0.34875
6.9990,-1.00000,0.42499,-0.11529,1.00000,-0.35669
7.0160,-1.00000,0.42228,-0.10918,1.00000,-0.34496
7.0320,-1.00000,0.42228,-0.10918,1.00000,-0.34496
7.0480,-1.00000,0.42228,-0.10918,1.00000,-0.34496
7.0640,-1.00000,0.44457,-0.10256,1.00000,-0.35806
7.0800,-1.00000,0.44457,-0.10256,1.00000,-0.35806
7.0960,-1.00000,0.44457,-0.10256,1.00000,-0.35806
7.1140,-1.00000,0.44081,-0.10154,1.00000,-0.35808
7.1310,-1.00000,0.44081,-0.10154,1.00000,-0.35808
7.1480,-1.00000,0.44081,-0.10154,1.00000,-0.35808
7.1640,-1.00000,0.44081,-0.10154,1.00000,-0.35808
7.1810,-1.00000,0.45070,-0.10592,1.00000,-0.34650
7.1990,-1.00000,0.45070,-0.10592,1.00000,-0.34650
7.2150,-1.00000,0.45070,-0.10592,1.00000,-0.34650
7.2330,-1.00000,0.45070,-0.10592,1.00000,-0.34650
7.2500,-1.00000,0.45070,-0.10592,1.00000,-0.34650
7.2680,-1.00000,0.45070,-0.10592,1.00000,-0.34650
7.2850,-1.00000,0.45070,-0.10592,1.00000,-0.34650
7.3020,-1.00000,0.45338,-0.09145,1.00000,-0.32595
7.3180,-1.00000,0.45338,-0.09145,1.00000,-0.32595
7.3350,-1.00000,0.45338,-0.09145,1.00000,-0.32595
7.3510,-1.00000,0.46262,-0.08570,1.00000,-0.32912
7.3690,-1.00000,0.46262,-0.08570,1.00000,-0.32912
7.3850,-1.00000,0.46262,-0.08570,1.00000,-0.32912
7.4010,-1.00000,0.46262,-0.08570,1.00000,-0.32912
7.4170,-1.00000,0.46424,-0.06998,1.00000,-0.30590
7.4330,-1.00000,0.45980,-0.06147,1.00000,-0.30588
7.4490,-1.00000,0.45980,-0.06147,1.00000,-0.30588
7.4660,-1.00000,0.45980,-0.06147,1.00000,-0.30588
7.4830,-1.00000,0.46448,-0.06101,1.00000,-0.26643
7.5000,-1.00000,0.47145,-0.05562,1.00000,-0.26591
7.5170,-1.00000,0.47145,-0.05562,1.00000,-0.26591
7.5340,-1.00000,0.48000,-0.04820,1.00000,-0.25340
7.5500,-1.00000,0.48869,-0.04142,1.00000,-0.24764
7.5670,-1.00000,0.48869,-0.04142,1.00000,-0.24764
7.5840,-1.00000,0.48869,-0.04142,1.00000,-0.24764
7.6020,-1.00000,0.48869,-0.04142,1.00000,-0.24764
7.6180,-1.00000,0.48869,-0.04142,1.00000,-0.24764
7.6340,-1.00000,0.48869,-0.04142,1.00000,-0.24764
7.6500,-1.00000,0.48869,-0.04142,1.00000,-0.24764
7.6670,-1.00000,0.55526,-0.01188,1.00000,-0.19786
7.6840,-1.00000,0.56847,0.00528,1.00000,-0.19001
7.7010,-1.00000,0.56847,0.00528,1.00000,-0.19001
7.7180,-1.00000,0.58135,0.03026,1.00000,-0.17799
7.7350,-1.00000,0.58135,0.03026,1.00000,-0.17799
7.7510,-1.00000,0.58135,0.03026,1.00000,-0.17799
7.7680,-1.00000,0.58135,0.03026,1.00000,-0.17799
7.7850,-1.00000,0.59622,0.05304,1.00000,-0.17068
7.8010,-1.00000,0.59622,0.05304,1.00000,-0.17068
7.8170,-1.00000,0.59622,0.05304,1.00000,-0.17068
7.8340,-1.00000,0.60201,0.08299,1.00000,-0.17015
7.8520,-1.00000,0.62160,0.12105,1.00000,-0.16439
7.8680,-1.00000,0.62160,0.12105,1.00000,-0.16439
7.8850,-1.00000,0.62160,0.12105,1.00000,-0.16439
7.9010,-1.00000,0.62114,0.13397,1.00000,-0.15713
7.9190,-1.00000,0.62114,0.13397,1.00000,-0.15713
7.9350,-1.00000,0.62114,0.13397,1.00000,-0.15713
7.9520,-1.00000,0.62114,0.13397,1.00000,-0.15713
7.9690,-1.00000,0.62114,0.13397,1.00000,-0.15713
7.9860,-1.00000,0.62114,0.13397,1.00000,-0.15713
8.0030,-1.00000,0.62114,0.13397,1.00000,-0.15713
8.0200,-1.00000,0.60963,0.14572,1.00000,-0.15457
8.0360,-1.00000,0.63564,0.14247,1.00000,-0.15366
8.0530,-1.00000,0.63564,0.14247,1.00000,-0.15366
8.0690,-1.00000,0.63564,0.14247,1.00000,-0.15366
8.0860,-1.00000,0.63669,0.12067,1.00000,-0.15160
8.1020,-1.00000,0.63669,0.12067,1.00000,-0.15160
8.1190,-1.00000,0.63669,0.12067,1.00000,-0.15160
8.1360,-1.00000,0.63881,0.12574,1.00000,-0.15158
8.1520,-1.00000,0.63881,0.12574,1.00000,-0.15158
8.1690,-1.00000,0.63881,0.12574,1.00000,-0.15158
8.1860,-1.00000,0.63881,0.12574,1.00000,-0.15158
8.2030,-1.00000,0.63934,0.12900,1.00000,-0.15158
8.2190,-1.00000,0.63934,0.12900,1.00000,-0.15158
8.2350,-1.00000,0.63934,0.12900,1.00000,-0.15158
8.2510,-1.00000,0.63934,0.12900,1.00000,-0.15158
8.2690,-1.00000,0.65622,0.15443,1.00000,-0.13666
8.2860,-1.00000,0.65887,0.16091,1.00000,-0.12829
8.3030,-1.00000,0.65887,0.16091,1.00000,-0.12829
8.3200,-1.00000,0.66985,0.18046,1.00000,-0.08332
8.3370,-1.00000,0.66882,0.18551,1.00000,-0.07918
8.3540,-1.00000,0.66882,0.18551,1.00000,-0.07918
8.3700,-1.00000,0.66678,0.19056,1.00000,-0.07452
8.3870,-1.00000,0.68754,0.22357,1.00000,-0.05647
8.4040,-1.00000,0.68754,0.22357,1.00000,-0.05647
8.4220,-1.00000,0.68754,0.22357,1.00000,-0.05647
8.4390,-1.00000,0.69641,0.22933,1.00000,-0.03893
8.4550,-1.00000,0.69641,0.22933,1.00000,-0.03893
8.4730,-1.00000,0.69641,0.22933,1.00000,-0.03893
8.4900,-1.00000,0.70372,0.22933,1.00000,-0.03226
8.5070,-1.00000,0.71464,0.23653,1.00000,-0.02556
8.5240,-1.00000,0.71464,0.23653,1.00000,-0.02556
8.5410,-1.00000,0.71464,0.23653,1.00000,-0.02556
8.5580,-1.00000,0.73759,0.26165,1.00000,0.00021
8.5750,-1.00000,0.74067,0.29156,1.00000,0.01705
8.5910,-1.00000,0.74067,0.29156,1.00000,0.01705
8.6080,-1.00000,0.74067,0.29156,1.00000,0.01705
8.6250,-1.00000,0.75782,0.29800,1.00000,0.02887
8.6410,-1.00000,0.75782,0.29800,1.00000,0.02887
8.6590,-1.00000,0.75782,0.29800,1.00000,0.02887
8.6760,-1.00000,0.75782,0.29800,1.00000,0.02887
8.6930,-1.00000,0.76039,0.30521,1.00000,0.02788
8.7100,-1.00000,0.76039,0.30521,1.00000,0.02788
8.7260,-1.00000,0.76039,0.30521,1.00000,0.02788
8.7440,-1.00000,0.77220,0.31159,1.00000,0.04020
8.7600,-1.00000,0.77732,0.32512,1.00000,0.04314
8.7770,-1.00000,0.77732,0.32512,1.00000,0.04314
8.7950,-1.00000,0.78654,0.33152,1.00000,0.06759
8.8120,-1.00000,0.80558,0.34606,1.00000,0.07150
8.8280,-1.00000,0.80558,0.34606,1.00000,0.07150
8.8450,-1.00000,0.80558,0.34606,1.00000,0.07150
8.8610,-1.00000,0.81480,0.35600,1.00000,0.08612
8.8790,-1.00000,0.81480,0.35600,1.00000,0.08612
8.8960,-1.00000,0.81480,0.35600,1.00000,0.08612
8.9140,-1.00000,0.82652,0.37156,1.00000,0.10357
8.9310,-1.00000,0.85250,0.40168,1.00000,0.12842
8.9480,-1.00000,0.85751,0.41297,1.00000,0.14151
8.9640,-1.00000,0.85751,0.41297,1.00000,0.14151
8.9810,-1.00000,0.86760,0.43410,1.00000,0.13955
8.9980,-1.00000,0.86760,0.43410,1.00000,0.13955
9.0150,-1.00000,0.86760,0.43410,1.00000,0.13955
9.0320,-1.00000,0.88017,0.43654,1.00000,0.14780
9.0480,-1.00000,0.88017,0.43654,1.00000,0.14780
9.0650,-1.00000,0.88017,0.43654,1.00000,0.14780
9.0810,-1.00000,0.88017,0.43654,1.00000,0.14780
9.0980,-1.00000,0.88469,0.44282,1.00000,0.15071
9.1140,-1.00000,0.88469,0.44282,1.00000,0.15071
9.1310,-1.00000,0.88469,0.44282,1.00000,0.15071
9.1470,-1.00000,0.88469,0.44282,1.00000,0.15071
9.1640,-1.00000,0.89022,0.44741,1.00000,0.15169
9.1810,-1.00000,0.89022,0.44741,1.00000,0.15169
9.1980,-1.00000,0.89022,0.44741,1.00000,0.15169
9.2160,-1.00000,0.91474,0.46870,1.00000,0.15078
9.2320,-1.00000,0.99360,0.49528,1.00000,0.16284
9.2490,-1.00000,0.99360,0.49528,1.00000,0.16284
9.2650,-1.00000,0.99360,0.49528,1.00000,0.16284
9.2810,-1.00000,0.99360,0.49528,1.00000,0.16284
9.2970,-1.00000,0.99360,0.49528,1.00000,0.16284
9.3130,-1.00000,0.99360,0.49528,1.00000,0.16284
9.3300,-1.00000,0.99360,0.49528,1.00000,0.16284
9.3470,-1.00000,1.00000,0.50445,1.00000,0.17548
9.3640,-1.00000,1.00000,0.50445,1.00000,0.17548
9.3810,-1.00000,1.00000,0.50445,1.00000,0.17548
9.3980,-1.00000,1.00000,0.52126,1.00000,0.19531
9.4150,-1.00000,1.00000,0.52962,1.00000,0.22394
9.4310,-1.00000,1.00000,0.52962,1.00000,0.22394
9.4480,-1.00000,1.00000,0.52962,1.00000,0.22394
9.4650,-1.00000,1.00000,0.52962,1.00000,0.22394
9.4810,-1.00000,1.00000,0.52962,1.00000,0.22394
9.4970,-1.00000,1.00000,0.52962,1.00000,0.22394
9.5140,-1.00000,1.00000,0.53803,1.00000,0.23740
9.5310,-1.00000,1.00000,0.53803,1.00000,0.23740
9.5470,-1.00000,1.00000,0.53803,1.00000,0.23740
9.5630,-1.00000,1.00000,0.53803,1.00000,0.23740
9.5790,-1.00000,1.00000,0.53419,1.00000,0.26193
9.5960,-1.00000,1.00000,0.53419,1.00000,0.26193
9.6120,-1.00000,1.00000,0.53419,1.00000,0.26193
9.6290,-1.00000,1.00000,0.53419,1.00000,0.26193
9.6470,-1.00000,1.00000,0.53213,1.00000,0.27056
9.6630,-1.00000,1.00000,0.53213,1.00000,0.27056
9.6790,-1.00000,1.00000,0.53213,1.00000,0.27056
9.6960,-1.00000,1.00000,0.54353,1.00000,0.29371
9.7120,-1.00000,1.00000,0.54839,1.00000,0.29766
9.7290,-1.00000,1.00000,0.54839,1.00000,0.29766
9.7460,-1.00000,1.00000,0.54839,1.00000,0.29766
9.7620,-1.00000,1.00000,0.56638,1.00000,0.35383
9.7790,-1.00000,1.00000,0.56638,1.00000,0.35383
9.7960,-1.00000,1.00000,0.56638,1.00000,0.35383
9.8130,-1.00000,1.00000,0.56638,1.00000,0.35383
9.8300,-1.00000,1.00000,0.56638,1.00000,0.35383
9.8480,-1.00000,1.00000,0.56638,1.00000,0.35383
9.8650,-1.00000,1.00000,0.56638,1.00000,0.35383
9.8820,-1.00000,1.00000,0.57330,1.00000,0.36949
9.8980,-1.00000,1.00000,0.57330,1.00000,0.36949
9.9150,-1.00000,1.00000,0.57330,1.00000,0.36949
9.9310,-1.00000,1.00000,0.58475,1.00000,0.37664
9.9470,-1.00000,1.00000,0.61545,1.00000,0.43758
9.9640,-1.00000,1.00000,0.61545,1.00000,0.43758
9.9800,-1.00000,1.00000,0.61545,1.00000,0.43758
9.9970,-1.00000,1.00000,0.61545,1.00000,0.43758
10.0130,-1.00000,1.00000,0.61545,1.00000,0.43758
10.0310,-1.00000,1.00000,0.61545,1.00000,0.43758
10.0480,-1.00000,1.00000,0.61545,1.00000,0.43758
10.0640,-1.00000,1.00000,0.61959,1.00000,0.43852
10.0810,-1.00000,1.00000,0.61959,1.00000,0.43852
10.0970,-1.00000,1.00000,0.61959,1.00000,0.43852
10.1140,-1.00000,1.00000,0.61959,1.00000,0.43852
10.1320,-1.00000,1.00000,0.65296,1.00000,0.49663
10.1490,-1.00000,1.00000,0.65502,1.00000,0.50510
10.1660,-1.00000,1.00000,0.65502,1.00000,0.50510
10.1830,-1.00000,1.00000,0.65917,1.00000,0.51457
10.2000,-1.00000,1.00000,0.65917,1.00000,0.51457
10.2170,-1.00000,1.00000,0.65917,1.00000,0.51457
10.2330,-1.00000,1.00000,0.66942,1.00000,0.52260
10.2500,-1.00000,1.00000,0.68954,1.00000,0.56477
10.2670,-1.00000,1.00000,0.68954,1.00000,0.56477
10.2830,-1.00000,1.00000,0.68954,1.00000,0.56477
10.2990,-1.00000,1.00000,0.69023,1.00000,0.57633
10.3150,-1.00000,1.00000,0.69023,1.00000,0.57633
10.3320,-1.00000,1.00000,0.69023,1.00000,0.57633
10.3490,-1.00000,1.00000,0.69023,1.00000,0.57633
10.3660,-1.00000,1.00000,0.69499,1.00000,0.59927
10.3820,-1.00000,1.00000,0.69499,1.00000,0.59927
10.3990,-1.00000,1.00000,0.69499,1.00000,0.59927
10.4160,-1.00000,1.00000,0.69636,1.00000,0.60578
10.4330,-1.00000,1.00000,0.69636,1.00000,0.60578
10.4490,-1.00000,1.00000,0.69636,1.00000,0.60578
10.4660,-1.00000,1.00000,0.69636,1.00000,0.60578
10.4830,-1.00000,1.00000,0.70488,1.00000,0.61277
10.5000,-1.00000,1.00000,0.70488,1.00000,0.61277
10.5160,-1.00000,1.00000,0.70488,1.00000,0.61277
10.5340,-1.00000,1.00000,0.70796,1.00000,0.61792
10.5520,-1.00000,1.00000,0.70796,1.00000,0.61792
10.5690,-1.00000,1.00000,0.70796,1.00000,0.61792
10.5850,-1.00000,1.00000,0.70796,1.00000,0.61792
10.6030,-1.00000,1.00000,0.72807,1.00000,0.65432
10.6200,-1.00000,1.00000,0.74370,1.00000,0.67702
10.6360,-1.00000,1.00000,0.71540,1.00000,0.66672
10.6530,-1.00000,1.00000,0.71540,1.00000,0.66672
10.6690,-1.00000,1.00000,0.71540,1.00000,0.66672
10.6850,-1.00000,1.00000,0.71540,1.00000,0.66672
10.7020,-1.00000,1.00000,0.71540,1.00000,0.66672
10.7190,-1.00000,1.00000,0.65692,1.00000,0.62388
10.7360,-1.00000,1.00000,0.64437,1.00000,0.61169
10.7520,-1.00000,1.00000,0.64437,1.00000,0.61169
10.7690,-1.00000,1.00000,0.64437,1.00000,0.61169
10.7850,-1.00000,1.00000,0.64437,1.00000,0.61169
10.8010,-1.00000,1.00000,0.64437,1.00000,0.61169
10.8170,-1.00000,1.00000,0.64437,1.00000,0.61169
10.8330,-1.00000,1.00000,0.62880,1.00000,0.61310
10.8490,-1.00000,0.89635,0.47003,1.00000,0.50515
10.8660,-1.00000,0.77085,0.30957,1.00000,0.39596
10.8830,-1.00000,0.77085,0.30957,1.00000,0.39596
10.8990,-1.00000,0.77085,0.30957,1.00000,0.39596
10.9160,-1.00000,0.77085,0.30957,1.00000,0.39596
10.9330,-1.00000,0.77085,0.30957,1.00000,0.39596
10.9500,-1.00000,0.77085,0.30957,1.00000,0.39596
10.9670,-1.00000,0.52647,0.09568,0.90082,0.16625
10.9830,-1.00000,0.52647,0.09568,0.90082,0.16625
11.0000,-1.00000,0.52647,0.09568,0.90082,0.16625
11.0170,-1.00000,0.44500,0.02148,0.83463,0.08213
11.0330,-1.00000,0.44500,0.02148,0.83463,0.08213
11.0500,-1.00000,0.44500,0.02148,0.83463,0.08213
11.0670,-1.00000,0.44500,0.02148,0.83463,0.08213
11.0830,-1.00000,0.38734,-0.02677,0.78163,0.02657
11.1000,-1.00000,0.38734,-0.02677,0.78163,0.02657
11.1160,-1.00000,0.38734,-0.02677,0.78163,0.02657
11.1320,-1.00000,0.32803,-0.07145,0.74018,-0.02216
11.1490,-1.00000,0.22051,-0.15935,0.64177,-0.12905
11.1650,-1.00000,0.22051,-0.15935,0.64177,-0.12905
11.1820,-1.00000,0.22051,-0.15935,0.64177,-0.12905
11.1980,-1.00000,0.19381,-0.18684,0.61161,-0.17869
11.2150,-1.00000,0.19381,-0.18684,0.61161,-0.17869
11.2310,-1.00000,0.19381,-0.18684,0.61161,-0.17869
11.2480,-1.00000,0.18558,-0.19465,0.60660,-0.18912
11.2640,-1.00000,0.18394,-0.20586,0.58931,-0.19840
11.2810,-1.00000,0.18394,-0.20586,0.58931,-0.19840
11.2970,-1.00000,0.18394,-0.20586,0.58931,-0.19840
11.3140,-1.00000,0.17791,-0.21853,0.59043,-0.19943
11.3310,-1.00000,0.19978,-0.20489,0.60945,-0.19635
11.3480,-1.00000,0.19978,-0.20489,0.60945,-0.19635
11.3640,-1.00000,0.19978,-0.20489,0.60945,-0.19635
11.3800,-1.00000,0.22907,-0.18160,0.62567,-0.20627
11.3960,-1.00000,0.22907,-0.18160,0.62567,-0.20627
11.4130,-1.00000,0.22907,-0.18160,0.62567,-0.20627
11.4330,-1.00000,0.24864,-0.16957,0.63578,-0.20628
11.4490,-1.00000,0.26271,-0.15042,0.66596,-0.19637
11.4660,-1.00000,0.26271,-0.15042,0.66596,-0.19637
11.4830,-1.00000,0.26271,-0.15042,0.66596,-0.19637
11.4990,-1.00000,0.29000,-0.12991,0.68390,-0.17227
11.5150,-1.00000,0.29877,-0.12513,0.68390,-0.16494
11.5310,-1.00000,0.29877,-0.12513,0.68390,-0.16494
11.5480,-1.00000,0.29877,-0.12513,0.68390,-0.16494
11.5640,-1.00000,0.33883,-0.10538,0.69444,-0.15040
11.5810,-1.00000,0.33883,-0.10538,0.69444,-0.15040
11.5980,-1.00000,0.33883,-0.10538,0.69444,-0.15040
11.6150,-1.00000,0.35972,-0.09411,0.68550,-0.14885
11.6320,-1.00000,0.37234,-0.08972,0.68327,-0.14730
11.6480,-1.00000,0.37234,-0.08972,0.68327,-0.14730
11.6640,-1.00000,0.37234,-0.08972,0.68327,-0.14730
11.6810,-1.00000,0.38273,-0.08429,0.69217,-0.13838
11.6980,-1.00000,0.38273,-0.08429,0.69217,-0.13838
11.7150,-1.00000,0.38273,-0.08429,0.69217,-0.13838
11.7320,-1.00000,0.38051,-0.08498,0.68438,-0.14047
11.7490,-1.00000,0.38051,-0.08193,0.68382,-0.13994
11.7670,-1.00000,0.38051,-0.08193,0.68382,-0.13994
11.7840,-1.00000,0.38051,-0.08193,0.68382,-0.13994
11.8010,-1.00000,0.38051,-0.08193,0.68382,-0.13994
11.8170,-1.00000,0.38051,-0.08193,0.68382,-0.13994
11.8340,-1.00000,0.38051,-0.08193,0.68382,-0.13994
11.8500,-1.00000,0.38656,-0.08294,0.68719,-0.14672
11.8670,-1.00000,0.37848,-0.07316,0.70609,-0.15506
11.8830,-1.00000,0.36806,-0.07557,0.73388,-0.15922
11.8990,-1.00000,0.36806,-0.07557,0.73388,-0.15922
11.9160,-1.00000,0.35988,-0.07523,0.75778,-0.16700
11.9320,-1.00000,0.35988,-0.07523,0.75778,-0.16700
11.9480,-1.00000,0.35988,-0.07523,0.75778,-0.16700
11.9650,-1.00000,0.35988,-0.07523,0.75778,-0.16700
11.9820,-1.00000,0.36922,-0.07321,0.79650,-0.14831
11.9990,-1.00000,0.36922,-0.07321,0.79650,-0.14831
12.0160,-1.00000,0.36922,-0.07321,0.79650,-0.14831
12.0330,-1.00000,0.38350,-0.07425,0.81150,-0.14833
12.0500,-1.00000,0.38350,-0.07867,0.82533,-0.14483
12.0660,-1.00000,0.38350,-0.07867,0.82533,-0.14483
12.0820,-1.00000,0.38350,-0.07867,0.82533,-0.14483
12.1000,-1.00000,0.38350,-0.07867,0.82533,-0.14483
12.1170,-1.00000,0.38350,-0.07867,0.82533,-0.14483
12.1330,-1.00000,0.38350,-0.07867,0.82533,-0.14483
12.1500,-1.00000,0.38350,-0.07867,0.82533,-0.14483
12.1660,-1.00000,0.33380,-0.11263,0.80977,-0.16570
12.1830,-1.00000,0.32762,-0.11805,0.79429,-0.16622
12.2000,-1.00000,0.32762,-0.11805,0.79429,-0.16622
12.2170,-1.00000,0.30434,-0.13647,0.75464,-0.17932
12.2330,-1.00000,0.28653,-0.14500,0.74685,-0.18297
12.2490,-1.00000,0.28653,-0.14500,0.74685,-0.18297
12.2650,-1.00000,0.28653,-0.14500,0.74685,-0.18297
12.2820,-1.00000,0.25393,-0.17979,0.67792,-0.23373
12.2990,-1.00000,0.25393,-0.17979,0.67792,-0.23373
12.3160,-1.00000,0.25393,-0.17979,0.67792,-0.23373
12.3320,-1.00000,0.23776,-0.18938,0.66120,-0.23741
12.3490,-1.00000,0.21598,-0.20996,0.60523,-0.28248
12.3660,-1.00000,0.21598,-0.20996,0.60523,-0.28248
12.3820,-1.00000,0.21598,-0.20996,0.60523,-0.28248
12.3990,-1.00000,0.21598,-0.20996,0.60523,-0.28248
12.4160,-1.00000,0.21598,-0.20996,0.60523,-0.28248
12.4320,-1.00000,0.21598,-0.20996,0.60523,-0.28248
12.4480,-1.00000,0.21598,-0.20996,0.60523,-0.28248
12.4650,-1.00000,0.16659,-0.24687,0.55257,-0.32881
12.4820,-1.00000,0.14192,-0.26033,0.53062,-0.35826
12.4990,-1.00000,0.14192,-0.26033,0.53062,-0.35826
12.5160,-1.00000,0.11858,-0.26794,0.52326,-0.37193
12.5330,-1.00000,0.11858,-0.26794,0.52326,-0.37193
12.5490,-1.00000,0.11858,-0.26794,0.52326,-0.37193
12.5660,-1.00000,0.11858,-0.26794,0.52326,-0.37193
12.5820,-1.00000,0.08095,-0.26964,0.50068,-0.37404
12.5990,-1.00000,0.08095,-0.26964,0.50068,-0.37404
12.6160,-1.00000,0.08095,-0.26964,0.50068,-0.37404
12.6330,-1.00000,0.08037,-0.26482,0.49104,-0.38406
12.6490,-1.00000,0.06666,-0.26412,0.49218,-0.38242
12.6650,-1.00000,0.06666,-0.26412,0.49218,-0.38242
12.6820,-1.00000,0.06666,-0.26412,0.49218,-0.38242
12.6990,-1.00000,0.07117,-0.25647,0.47517,-0.38823
12.7150,-1.00000,0.07117,-0.25647,0.47517,-0.38823
12.7320,-1.00000,0.07117,-0.25647,0.47517,-0.38823
12.7500,-1.00000,0.07117,-0.25647,0.47517,-0.38823
12.7660,-1.00000,0.07117,-0.25647,0.47517,-0.38823
12.7830,-1.00000,0.07117,-0.25647,0.47517,-0.38823
12.8000,-1.00000,0.07117,-0.25647,0.47517,-0.38823
12.8160,-1.00000,0.07117,-0.25717,0.47404,-0.38823
12.8320,-1.00000,0.07117,-0.25717,0.47404,-0.38823
12.8480,-1.00000,0.07117,-0.25717,0.47404,-0.38823
12.8650,-1.00000,0.07117,-0.25717,0.47404,-0.38823
12.8820,-1.00000,0.07117,-0.25752,0.46667,-0.38293
12.8990,-1.00000,0.07117,-0.25752,0.46667,-0.38293
12.9160,-1.00000,0.07117,-0.25752,0.46667,-0.38293
12.9320,-1.00000,0.07059,-0.25752,0.45986,-0.38664
12.9490,-1.00000,0.07059,-0.25752,0.45986,-0.38664
12.9660,-1.00000,0.07059,-0.25752,0.45986,-0.38664
12.9830,-1.00000,0.07059,-0.25752,0.45986,-0.38664
13.0000,-1.00000,0.06944,-0.25719,0.45020,-0.38718
13.0160,-1.00000,0.06944,-0.25719,0.45020,-0.38718
13.0330,-1.00000,0.06944,-0.25719,0.45020,-0.38718
13.0500,-1.00000,0.06944,-0.25719,0.45020,-0.38718
13.0670,-1.00000,0.07570,-0.25339,0.44170,-0.40258
13.0830,-1.00000,0.07570,-0.25339,0.44170,-0.40258
13.0990,-1.00000,0.07570,-0.25339,0.44170,-0.40258
13.1160,-1.00000,0.07570,-0.25339,0.44170,-0.40258
13.1320,-1.00000,0.07570,-0.25339,0.44170,-0.40258
13.1490,-1.00000,0.07570,-0.25339,0.44170,-0.40258
13.1660,-1.00000,0.07570,-0.25339,0.44170,-0.40258
13.1830,-1.00000,0.08029,-0.26935,0.40939,-0.41330
13.2000,-1.00000,0.08937,-0.27004,0.40430,-0.41851
13.2170,-1.00000,0.08937,-0.27004,0.40430,-0.41851
13.2340,-1.00000,0.09190,-0.27625,0.40431,-0.42973
13.2520,-1.00000,0.07046,-0.29479,0.35643,-0.46187
13.2680,-1.00000,0.07046,-0.29479,0.35643,-0.46187
13.2840,-1.00000,0.07046,-0.29479,0.35643,-0.46187
13.3010,-1.00000,0.06872,-0.29758,0.34836,-0.46930
13.3180,-1.00000,0.06872,-0.29758,0.34836,-0.46930
13.3350,-1.00000,0.06872,-0.29758,0.34836,-0.46930
13.3510,-1.00000,0.05323,-0.30140,0.34434,-0.47629
13.3680,-1.00000,0.05323,-0.30140,0.34434,-0.47629
13.3850,-1.00000,0.05323,-0.30140,0.34434,-0.47629
13.4010,-1.00000,0.05323,-0.30140,0.34434,-0.47629
13.4170,-1.00000,0.05031,-0.30707,0.33568,-0.47894
13.4330,-1.00000,0.05031,-0.30707,0.33568,-0.47894
13.4500,-1.00000,0.05031,-0.30707,0.33568,-0.47894
13.4670,-1.00000,0.05031,-0.30707,0.33568,-0.47894
13.4840,-1.00000,0.05031,-0.30707,0.33568,-0.47894
13.5000,-1.00000,0.05031,-0.30707,0.33568,-0.47894
13.5180,-1.00000,0.05031,-0.30707,0.33568,-0.47894
13.5350,-1.00000,0.04858,-0.30914,0.33053,-0.48270
13.5510,-1.00000,0.04858,-0.30914,0.33053,-0.48270
13.5670,-1.00000,0.04858,-0.30914,0.33053,-0.48270
13.5830,-1.00000,0.04858,-0.30914,0.33053,-0.48270
13.6000,-1.00000,0.04286,-0.31506,0.32015,-0.48323
13.6160,-1.00000,0.04286,-0.31506,0.32015,-0.48323
13.6330,-1.00000,0.04286,-0.31506,0.32015,-0.48323
13.6500,-1.00000,0.04286,-0.31506,0.32015,-0.48323
13.6660,-1.00000,0.04286,-0.31506,0.32015,-0.48323
13.6830,-1.00000,0.04286,-0.31506,0.32015,-0.48323
13.7000,-1.00000,0.04286,-0.31506,0.32015,-0.48323
13.7160,-1.00000,0.01913,-0.33224,0.29260,-0.48807
13.7330,-1.00000,0.01913,-0.33224,0.29260,-0.48807
13.7490,-1.00000,0.01913,-0.33224,0.29260,-0.48807
13.7660,-1.00000,0.01913,-0.33224,0.29260,-0.48807
13.7820,-1.00000,0.00910,-0.33505,0.28278,-0.49768
13.7990,-1.00000,0.00910,-0.33505,0.28278,-0.49768
13.8150,-1.00000,0.00910,-0.33505,0.28278,-0.49768
13.8310,-1.00000,0.00910,-0.33505,0.28278,-0.49768
13.8490,-1.00000,0.00910,-0.33505,0.28278,-0.49768
13.8660,-1.00000,0.00910,-0.33505,0.28278,-0.49768
13.8830,-1.00000,0.00910,-0.33505,0.28278,-0.49768
13.9000,-1.00000,0.00146,-0.34202,0.27240,-0.50465
13.9160,-1.00000,0.00146,-0.34202,0.27240,-0.50465
13.9330,-1.00000,0.00146,-0.34202,0.27240,-0.50465
13.9510,-1.00000,-0.00690,-0.34873,0.26781,-0.51105
13.9670,-1.00000,-0.00690,-0.34873,0.26781,-0.51105
13.9840,-1.00000,-0.00690,-0.34873,0.26781,-0.51105
14.0010,-1.00000,-0.00690,-0.34873,0.26781,-0.51105
14.0180,-1.00000,-0.01254,-0.35432,0.25616,-0.50997
14.0350,-1.00000,-0.01254,-0.35432,0.25616,-0.50997
14.0520,-1.00000,-0.01254,-0.35432,0.25616,-0.50997
14.0690,-1.00000,-0.01254,-0.35432,0.25616,-0.50997
14.0860,-1.00000,-0.01254,-0.36138,0.24928,-0.51480
14.1030,-1.00000,-0.01254,-0.36138,0.24928,-0.51480
14.1200,-1.00000,-0.01254,-0.36138,0.24928,-0.51480
14.1360,-1.00000,-0.01630,-0.36848,0.22964,-0.52281
14.1530,-1.00000,-0.01630,-0.36848,0.22964,-0.52281
14.1700,-1.00000,-0.01630,-0.36848,0.22964,-0.52281
14.1860,-1.00000,-0.01630,-0.36848,0.22964,-0.52281
14.2020,-1.00000,-0.02218,-0.38115,0.20830,-0.53511
14.2180,-1.00000,-0.02218,-0.38115,0.20830,-0.53511
14.2340,-1.00000,-0.02218,-0.38115,0.20830,-0.53511
14.2510,-1.00000,-0.03028,-0.39621,0.18069,-0.55882
14.2670,-1.00000,-0.04238,-0.41118,0.17204,-0.56636
14.2840,-1.00000,-0.04238,-0.41118,0.17204,-0.56636
14.3010,-1.00000,-0.04238,-0.41118,0.17204,-0.56636
14.3190,-1.00000,-0.05415,-0.45624,0.09411,-0.58531
14.3350,-1.00000,-0.06006,-0.46578,0.07845,-0.60051
14.3510,-1.00000,-0.06006,-0.46578,0.07845,-0.60051
14.3670,-1.00000,-0.06006,-0.46578,0.07845,-0.60051
14.3830,-1.00000,-0.07525,-0.50593,0.01661,-0.64053
14.4010,-1.00000,-0.07525,-0.50593,0.01661,-0.64053
14.4170,-1.00000,-0.07525,-0.50593,0.01661,-0.64053
14.4340,-1.00000,-0.07826,-0.51738,0.00017,-0.65930
14.4500,-1.00000,-0.07826,-0.51738,0.00017,-0.65930
14.4660,-1.00000,-0.07826,-0.51738,0.00017,-0.65930
14.4820,-1.00000,-0.07826,-0.51738,0.00017,-0.65930
14.4990,-1.00000,-0.08336,-0.52555,-0.00785,-0.66962
14.5160,-1.00000,-0.08336,-0.52555,-0.00785,-0.66962
14.5320,-1.00000,-0.08336,-0.52555,-0.00785,-0.66962
14.5490,-1.00000,-0.08336,-0.52555,-0.00785,-0.66962
14.5660,-1.00000,-0.08091,-0.53553,-0.01196,-0.67398
14.5820,-1.00000,-0.08091,-0.53553,-0.01196,-0.67398
14.6000,-1.00000,-0.08091,-0.53553,-0.01196,-0.67398
14.6160,-1.00000,-0.08482,-0.54168,-0.02071,-0.68642
14.6330,-1.00000,-0.08482,-0.54168,-0.02071,-0.68642
14.6500,-1.00000,-0.08482,-0.54168,-0.02071,-0.68642
14.6660,-1.00000,-0.08482,-0.54168,-0.02071,-0.68642
14.6830,-1.00000,-0.09423,-0.55665,-0.03050,-0.70011
14.7000,-1.00000,-0.09423,-0.55665,-0.03050,-0.70011
14.7170,-1.00000,-0.09423,-0.55665,-0.03050,-0.70011
14.7330,-1.00000,-0.09808,-0.56780,-0.03847,-0.71478
14.7500,-1.00000,-0.09808,-0.56780,-0.03847,-0.71478
14.7660,-1.00000,-0.09808,-0.56780,-0.03847,-0.71478
14.7820,-1.00000,-0.09808,-0.56780,-0.03847,-0.71478
14.7990,-1.00000,-0.10081,-0.57853,-0.04836,-0.72734
14.8150,-1.00000,-0.10081,-0.57853,-0.04836,-0.72734
14.8320,-1.00000,-0.10081,-0.57853,-0.04836,-0.72734
14.8490,-1.00000,-0.10081,-0.57853,-0.04836,-0.72734
14.8650,-1.00000,-0.10833,-0.59148,-0.06536,-0.74850
14.8820,-1.00000,-0.10833,-0.59148,-0.06536,-0.74850
14.8990,-1.00000,-0.10833,-0.59148,-0.06536,-0.74850
14.9150,-1.00000,-0.10833,-0.59148,-0.06536,-0.74850
14.9320,-1.00000,-0.10833,-0.59148,-0.06536,-0.74850
14.9480,-1.00000,-0.10833,-0.59148,-0.06536,-0.74850
14.9640,-1.00000,-0.10833,-0.59148,-0.06536,-0.74850
14.9810,-1.00000,-0.14688,-0.64598,-0.13667,-0.81192
14.9970,-1.00000,-0.14688,-0.64598,-0.13667,-0.81192
15.0140,-1.00000,-0.14688,-0.64598,-0.13667,-0.81192
15.0310,-1.00000,-0.14688,-0.64598,-0.13667,-0.81192
15.0480,-1.00000,-0.18620,-0.68207,-0.20094,-0.87459
15.0650,-1.00000,-0.18620,-0.68207,-0.20094,-0.87459
15.0820,-1.00000,-0.18620,-0.68207,-0.20094,-0.87459
15.0980,-1.00000,-0.19236,-0.68280,-0.20284,-0.88067
15.1150,-1.00000,-0.19236,-0.68280,-0.20284,-0.88067
15.1320,-1.00000,-0.19236,-0.68280,-0.20284,-0.88067
15.1490,-1.00000,-0.19236,-0.68280,-0.20284,-0.88067
15.1660,-1.00000,-0.19799,-0.69084,-0.20943,-0.89940
15.1820,-1.00000,-0.19799,-0.69084,-0.20943,-0.89940
15.1980,-1.00000,-0.19799,-0.69084,-0.20943,-0.89940
15.2140,-1.00000,-0.20424,-0.69813,-0.22025,-0.90723
15.2310,-1.00000,-0.20424,-0.69813,-0.22025,-0.90723
15.2480,-1.00000,-0.20424,-0.69813,-0.22025,-0.90723
15.2650,-1.00000,-0.20424,-0.69813,-0.22025,-0.90723
15.2820,-1.00000,-0.21920,-0.70948,-0.23256,-0.91843
15.2980,-1.00000,-0.21920,-0.70948,-0.23256,-0.91843
15.3150,-1.00000,-0.21920,-0.70948,-0.23256,-0.91843
15.3320,-1.00000,-0.21920,-0.70948,-0.23256,-0.91843
15.3490,-1.00000,-0.21920,-0.70948,-0.23256,-0.91843
15.3660,-1.00000,-0.21920,-0.70948,-0.23256,-0.91843
15.3830,-1.00000,-0.21920,-0.70948,-0.23256,-0.91843
15.4000,-1.00000,-0.22702,-0.71838,-0.24034,-0.93286
15.4180,-1.00000,-0.22702,-0.71838,-0.24034,-0.93286
15.4340,-1.00000,-0.22702,-0.71838,-0.24034,-0.93286
15.4510,-1.00000,-0.22702,-0.71838,-0.24034,-0.93286
15.4680,-1.00000,-0.22702,-0.71838,-0.24034,-0.93286
15.4840,-1.00000,-0.22702,-0.71838,-0.24034,-0.93286
15.5010,-1.00000,-0.22702,-0.71838,-0.24034,-0.93286
15.5180,-1.00000,-0.23625,-0.72131,-0.25042,-0.95012
15.5350,-1.00000,-0.23625,-0.72131,-0.25042,-0.95012
15.5510,-1.00000,-0.23625,-0.72131,-0.25042,-0.95012
15.5680,-1.00000,-0.23625,-0.72131,-0.25042,-0.95012
15.5850,-1.00000,-0.26979,-0.74113,-0.27569,-0.97523
15.6020,-1.00000,-0.26979,-0.74113,-0.27569,-0.97523
15.6180,-1.00000,-0.26979,-0.74113,-0.27569,-0.97523
15.6350,-1.00000,-0.29605,-0.75514,-0.29356,-1.00000
15.6530,-1.00000,-0.32656,-0.77136,-0.32365,-1.00000
15.6690,-1.00000,-0.32656,-0.77136,-0.32365,-1.00000
15.6860,-1.00000,-0.32656,-0.77136,-0.32365,-1.00000
15.7020,-1.00000,-0.32656,-0.77136,-0.32365,-1.00000
15.7190,-1.00000,-0.32656,-0.77136,-0.32365,-1.00000
15.7360,-1.00000,-0.32656,-0.77136,-0.32365,-1.00000
15.7530,-1.00000,-0.35010,-0.78657,-0.34907,-1.00000
15.7700,-1.00000,-0.42418,-0.86445,-0.41683,-1.00000
15.7870,-1.00000,-0.42418,-0.86445,-0.41683,-1.00000
15.8040,-1.00000,-0.42418,-0.86445,-0.41683,-1.00000
15.8210,-1.00000,-0.43515,-0.87792,-0.43186,-1.00000
15.8380,-1.00000,-0.43515,-0.87792,-0.43186,-1.00000
15.8550,-1.00000,-0.43515,-0.87792,-0.43186,-1.00000
15.8720,-1.00000,-0.45215,-0.88459,-0.43496,-1.00000
15.8880,-1.00000,-0.45215,-0.88459,-0.43496,-1.00000
15.9050,-1.00000,-0.45215,-0.88459,-0.43496,-1.00000
15.9220,-1.00000,-0.45215,-0.88459,-0.43496,-1.00000
15.9390,-1.00000,-0.46764,-0.89472,-0.44368,-1.00000
15.9550,-1.00000,-0.46764,-0.89472,-0.44368,-1.00000
15.9720,-1.00000,-0.46764,-0.89472,-0.44368,-1.00000
15.9890,-1.00000,-0.46764,-0.89472,-0.44368,-1.00000
16.0050,-1.00000,-0.47797,-0.90444,-0.45639,-1.00000
16.0210,-1.00000,-0.47797,-0.90444,-0.45639,-1.00000
16.0370,-1.00000,-0.47797,-0.90444,-0.45639,-1.00000
16.0530,-1.00000,-0.49319,-0.91413,-0.46849,-1.00000
16.0700,-1.00000,-0.49319,-0.91413,-0.46849,-1.00000
16.0870,-1.00000,-0.49319,-0.91413,-0.46849,-1.00000
16.1040,-1.00000,-0.49319,-0.91413,-0.46849,-1.00000
16.1220,-1.00000,-0.50253,-0.92051,-0.47681,-1.00000
16.1380,-1.00000,-0.50253,-0.92051,-0.47681,-1.00000
16.1550,-1.00000,-0.50253,-0.92051,-0.47681,-1.00000
16.1710,-1.00000,-0.51330,-0.92989,-0.48679,-1.00000
16.1870,-1.00000,-0.51330,-0.92989,-0.48679,-1.00000
16.2040,-1.00000,-0.51330,-0.92989,-0.48679,-1.00000
16.2200,-1.00000,-0.51330,-0.92989,-0.48679,-1.00000
16.2380,-1.00000,-0.53890,-0.97034,-0.53074,-1.00000
16.2540,-1.00000,-0.54796,-0.97825,-0.53631,-1.00000
16.2710,-1.00000,-0.54796,-0.97825,-0.53631,-1.00000
16.2870,-1.00000,-0.54796,-0.97825,-0.53631,-1.00000
16.3030,-1.00000,-0.58203,-1.00000,-0.58264,-1.00000
16.3190,-1.00000,-0.58203,-1.00000,-0.58264,-1.00000
16.3370,-1.00000,-0.58203,-1.00000,-0.58264,-1.00000
16.3550,-1.00000,-0.60837,-1.00000,-0.61314,-1.00000
16.3720,-1.00000,-0.60837,-1.00000,-0.61314,-1.00000
16.3880,-1.00000,-0.60837,-1.00000,-0.61314,-1.00000
16.4050,-1.00000,-0.60837,-1.00000,-0.61314,-1.00000
16.4220,-1.00000,-0.60837,-1.00000,-0.61314,-1.00000
16.4400,-1.00000,-0.60837,-1.00000,-0.61314,-1.00000
16.4570,-1.00000,-0.60837,-1.00000,-0.61314,-1.00000
16.4740,-1.00000,-0.61285,-1.00000,-0.62275,-1.00000
16.4900,-1.00000,-0.61285,-1.00000,-0.62275,-1.00000
16.5070,-1.00000,-0.61285,-1.00000,-0.62275,-1.00000
16.5240,-1.00000,-0.61285,-1.00000,-0.62275,-1.00000
16.5410,-1.00000,-0.61691,-1.00000,-0.63559,-1.00000
16.5570,-1.00000,-0.61691,-1.00000,-0.63559,-1.00000
16.5730,-1.00000,-0.61691,-1.00000,-0.63559,-1.00000
16.5900,-1.00000,-0.62603,-1.00000,-0.64484,-1.00000
16.6070,-1.00000,-0.62603,-1.00000,-0.64484,-1.00000
16.6230,-1.00000,-0.62603,-1.00000,-0.64484,-1.00000
16.6400,-1.00000,-0.62603,-1.00000,-0.64484,-1.00000
16.6560,-1.00000,-0.63843,-1.00000,-0.65414,-1.00000
16.6720,-1.00000,-0.63843,-1.00000,-0.65414,-1.00000
16.6890,-1.00000,-0.63843,-1.00000,-0.65414,-1.00000
16.7050,-1.00000,-0.63843,-1.00000,-0.65414,-1.00000
16.7220,-1.00000,-0.64407,-1.00000,-0.66545,-1.00000
16.7390,-1.00000,-0.64407,-1.00000,-0.66545,-1.00000
16.7550,-1.00000,-0.64407,-1.00000,-0.66545,-1.00000
16.7720,-1.00000,-0.64900,-1.00000,-0.66870,-1.00000
16.7890,-1.00000,-0.64900,-1.00000,-0.66870,-1.00000
16.8070,-1.00000,-0.64900,-1.00000,-0.66870,-1.00000
16.8240,-1.00000,-0.64900,-1.00000,-0.66870,-1.00000
16.8410,-1.00000,-0.67575,-1.00000,-0.68527,-1.00000
16.8580,-1.00000,-0.67575,-1.00000,-0.68527,-1.00000
16.8740,-1.00000,-0.67575,-1.00000,-0.68527,-1.00000
16.8910,-1.00000,-0.67575,-1.00000,-0.68527,-1.00000
16.9080,-1.00000,-0.67575,-1.00000,-0.68527,-1.00000
16.9240,-1.00000,-0.67575,-1.00000,-0.68527,-1.00000
16.9410,-1.00000,-0.67575,-1.00000,-0.68527,-1.00000
16.9580,-1.00000,-0.67610,-1.00000,-0.69347,-1.00000
16.9750,-1.00000,-0.67610,-1.00000,-0.69347,-1.00000
16.9920,-1.00000,-0.67610,-1.00000,-0.69347,-1.00000
17.0090,-1.00000,-0.67610,-1.00000,-0.69347,-1.00000
17.0260,-1.00000,-0.67503,-1.00000,-0.71028,-1.00000
17.0430,-1.00000,-0.67503,-1.00000,-0.71028,-1.00000
17.0590,-1.00000,-0.67503,-1.00000,-0.71028,-1.00000
17.0750,-1.00000,-0.67716,-1.00000,-0.71637,-1.00000
17.0920,-1.00000,-0.67716,-1.00000,-0.71637,-1.00000
17.1090,-1.00000,-0.67716,-1.00000,-0.71637,-1.00000
17.1260,-1.00000,-0.67716,-1.00000,-0.71637,-1.00000
17.1420,-1.00000,-0.67821,-1.00000,-0.72291,-1.00000
17.1600,-1.00000,-0.67821,-1.00000,-0.72291,-1.00000
17.1760,-1.00000,-0.67821,-1.00000,-0.72291,-1.00000
17.1920,-1.00000,-0.67894,-1.00000,-0.73138,-1.00000
17.2080,-1.00000,-0.67894,-1.00000,-0.73138,-1.00000
17.2250,-1.00000,-0.67894,-1.00000,-0.73138,-1.00000
17.2420,-1.00000,-0.67894,-1.00000,-0.73138,-1.00000
17.2590,-1.00000,-0.68463,-1.00000,-0.73952,-1.00000
17.2760,-1.00000,-0.68463,-1.00000,-0.73952,-1.00000
17.2930,-1.00000,-0.68463,-1.00000,-0.73952,-1.00000
17.3090,-1.00000,-0.68463,-1.00000,-0.73952,-1.00000
17.3260,-1.00000,-0.69591,-1.00000,-0.75945,-1.00000
17.3430,-1.00000,-0.69591,-1.00000,-0.75945,-1.00000
17.3600,-1.00000,-0.69591,-1.00000,-0.75945,-1.00000
17.3770,-1.00000,-0.69340,-1.00000,-0.76552,-1.00000
17.3930,-1.00000,-0.69340,-1.00000,-0.76552,-1.00000
17.4100,-1.00000,-0.69340,-1.00000,-0.76552,-1.00000
17.4260,-1.00000,-0.69340,-1.00000,-0.76552,-1.00000
17.4430,-1.00000,-0.68335,-1.00000,-0.77043,-1.00000
17.4590,-1.00000,-0.68335,-1.00000,-0.77043,-1.00000
17.4760,-1.00000,-0.68335,-1.00000,-0.77043,-1.00000
17.4920,-1.00000,-0.68196,-1.00000,-0.77412,-1.00000
17.5080,-1.00000,-0.68196,-1.00000,-0.77412,-1.00000
17.5250,-1.00000,-0.68196,-1.00000,-0.77412,-1.00000
17.5420,-1.00000,-0.68196,-1.00000,-0.77412,-1.00000
17.5590,-1.00000,-0.68656,-1.00000,-0.77658,-1.00000
17.5760,-1.00000,-0.68656,-1.00000,-0.77658,-1.00000
17.5930,-1.00000,-0.68656,-1.00000,-0.77658,-1.00000
17.6090,-1.00000,-0.68656,-1.00000,-0.77658,-1.00000
17.6260,-1.00000,-0.68090,-1.00000,-0.78675,-1.00000
17.6430,-1.00000,-0.68090,-1.00000,-0.78675,-1.00000
17.6590,-1.00000,-0.68090,-1.00000,-0.78675,-1.00000
17.6760,-1.00000,-0.67847,-1.00000,-0.80268,-1.00000
17.6930,-1.00000,-0.67847,-1.00000,-0.80268,-1.00000
17.7110,-1.00000,-0.67847,-1.00000,-0.80268,-1.00000
17.7270,-1.00000,-0.67847,-1.00000,-0.80268,-1.00000
17.7440,-1.00000,-0.67847,-1.00000,-0.80268,-1.00000
17.7620,-1.00000,-0.67847,-1.00000,-0.80268,-1.00000
17.7790,-1.00000,-0.67847,-1.00000,-0.80268,-1.00000
17.7950,-1.00000,-0.67804,-1.00000,-0.82656,-1.00000
17.8120,-1.00000,-0.66829,-1.00000,-0.84185,-1.00000
17.8280,-1.00000,-0.66829,-1.00000,-0.84185,-1.00000
17.8460,-1.00000,-0.66829,-1.00000,-0.84185,-1.00000
17.8620,-1.00000,-0.66410,-1.00000,-0.84267,-1.00000
17.8790,-1.00000,-0.66410,-1.00000,-0.84267,-1.00000
17.8960,-1.00000,-0.66410,-1.00000,-0.84267,-1.00000
17.9120,-1.00000,-0.65849,-1.00000,-0.84638,-1.00000
17.9280,-1.00000,-0.65849,-1.00000,-0.84638,-1.00000
17.9440,-1.00000,-0.65849,-1.00000,-0.84638,-1.00000
17.9600,-1.00000,-0.65849,-1.00000,-0.84638,-1.00000
17.9770,-1.00000,-0.65744,-1.00000,-0.84473,-1.00000
17.9940,-1.00000,-0.65744,-1.00000,-0.84473,-1.00000
18.0110,-1.00000,-0.65744,-1.00000,-0.84473,-1.00000
18.0280,-1.00000,-0.65744,-1.00000,-0.84473,-1.00000
18.0440,-1.00000,-0.65177,-1.00000,-0.84926,-1.00000
18.0600,-1.00000,-0.65177,-1.00000,-0.84926,-1.00000
18.0760,-1.00000,-0.65177,-1.00000,-0.84926,-1.00000
18.0930,-1.00000,-0.64783,-1.00000,-0.85132,-1.00000
18.1090,-1.00000,-0.64783,-1.00000,-0.85132,-1.00000
18.1260,-1.00000,-0.64783,-1.00000,-0.85132,-1.00000
18.1430,-1.00000,-0.64783,-1.00000,-0.85132,-1.00000
18.1590,-1.00000,-0.64783,-1.00000,-0.85132,-1.00000
18.1760,-1.00000,-0.64783,-1.00000,-0.85132,-1.00000
18.1940,-1.00000,-0.64783,-1.00000,-0.85132,-1.00000
18.2110,-1.00000,-0.64783,-1.00000,-0.85132,-1.00000
18.2280,-1.00000,-0.64892,-1.00000,-0.85461,-1.00000
18.2450,-1.00000,-0.64892,-1.00000,-0.85461,-1.00000
18.2620,-1.00000,-0.64892,-1.00000,-0.85461,-1.00000
18.2790,-1.00000,-0.64892,-1.00000,-0.85461,-1.00000
18.2960,-1.00000,-0.64892,-1.00000,-0.85461,-1.00000
18.3130,-1.00000,-0.64892,-1.00000,-0.85461,-1.00000
18.3300,-1.00000,-0.64892,-1.00000,-0.85461,-1.00000
18.3470,-1.00000,-0.65183,-1.00000,-0.87637,-1.00000
18.3640,-1.00000,-0.65183,-1.00000,-0.87637,-1.00000
18.3800,-1.00000,-0.65183,-1.00000,-0.87637,-1.00000
18.3960,-1.00000,-0.65851,-1.00000,-0.87766,-1.00000
18.4130,-1.00000,-0.65850,-1.00000,-0.88220,-1.00000
18.4290,-1.00000,-0.65850,-1.00000,-0.88220,-1.00000
18.4460,-1.00000,-0.65850,-1.00000,-0.88220,-1.00000
18.4630,-1.00000,-0.65850,-1.00000,-0.88220,-1.00000
18.4790,-1.00000,-0.65850,-1.00000,-0.88220,-1.00000
18.4960,-1.00000,-0.65850,-1.00000,-0.88220,-1.00000
18.5120,-1.00000,-0.65641,-1.00000,-0.87722,-1.00000
18.5280,-1.00000,-0.62397,-1.00000,-0.88786,-1.00000
18.5450,-1.00000,-0.62084,-1.00000,-0.88248,-1.00000
18.5610,-1.00000,-0.62084,-1.00000,-0.88248,-1.00000
18.5780,-1.00000,-0.62857,-1.00000,-0.87344,-1.00000
18.5950,-1.00000,-0.59821,-1.00000,-0.84756,-1.00000
18.6120,-1.00000,-0.59821,-1.00000,-0.84756,-1.00000
18.6280,-1.00000,-0.59821,-1.00000,-0.84756,-1.00000
18.6450,-1.00000,-0.59821,-1.00000,-0.84756,-1.00000
18.6620,-1.00000,-0.59821,-1.00000,-0.84756,-1.00000
18.6780,-1.00000,-0.59821,-1.00000,-0.84756,-1.00000
18.6940,-1.00000,-0.56655,-1.00000,-0.81809,-1.00000
18.7100,-1.00000,-0.54820,-1.00000,-0.80550,-1.00000
18.7260,-1.00000,-0.54820,-1.00000,-0.80550,-1.00000
18.7420,-1.00000,-0.54820,-1.00000,-0.80550,-1.00000
18.7590,-1.00000,-0.52122,-1.00000,-0.76930,-1.00000
18.7760,-1.00000,-0.52122,-1.00000,-0.76930,-1.00000
18.7930,-1.00000,-0.52122,-1.00000,-0.76930,-1.00000
18.8100,-1.00000,-0.52122,-1.00000,-0.76930,-1.00000
18.8270,-1.00000,-0.47384,-1.00000,-0.70432,-1.00000
18.8430,-1.00000,-0.47384,-1.00000,-0.70432,-1.00000
18.8590,-1.00000,-0.47384,-1.00000,-0.70432,-1.00000
18.8750,-1.00000,-0.46123,-1.00000,-0.68933,-1.00000
18.8910,-1.00000,-0.46123,-1.00000,-0.68933,-1.00000
18.9080,-1.00000,-0.46123,-1.00000,-0.68933,-1.00000
18.9250,-1.00000,-0.46123,-1.00000,-0.68933,-1.00000
18.9410,-1.00000,-0.45131,-1.00000,-0.66994,-1.00000
18.9570,-1.00000,-0.45131,-1.00000,-0.66994,-1.00000
18.9740,-1.00000,-0.45131,-1.00000,-0.66994,-1.00000
18.9910,-1.00000,-0.45131,-1.00000,-0.66994,-1.00000
19.0080,-1.00000,-0.45131,-1.00000,-0.66994,-1.00000
19.0240,-1.00000,-0.45131,-1.00000,-0.66994,-1.00000
19.0420,-1.00000,-0.45131,-1.00000,-0.66994,-1.00000
19.0600,-1.00000,-0.37095,-0.98519,-0.57879,-1.00000
19.0760,-1.00000,-0.37095,-0.98519,-0.57879,-1.00000
19.0920,-1.00000,-0.37095,-0.98519,-0.57879,-1.00000
19.1080,-1.00000,-0.37095,-0.98519,-0.57879,-1.00000
19.1250,-1.00000,-0.33025,-0.92606,-0.52815,-1.00000
19.1420,-1.00000,-0.33025,-0.92606,-0.52815,-1.00000
19.1580,-1.00000,-0.33025,-0.92606,-0.52815,-1.00000
19.1760,-1.00000,-0.29974,-0.89905,-0.49161,-1.00000
19.1940,-1.00000,-0.20912,-0.80292,-0.36000,-1.00000
19.2100,-1.00000,-0.20912,-0.80292,-0.36000,-1.00000
19.2270,-1.00000,-0.20912,-0.80292,-0.36000,-1.00000
19.2450,-1.00000,-0.20912,-0.80292,-0.36000,-1.00000
19.2610,-1.00000,-0.20912,-0.80292,-0.36000,-1.00000
19.2790,-1.00000,-0.20912,-0.80292,-0.36000,-1.00000
19.2970,-1.00000,-0.15025,-0.71437,-0.27602,-1.00000
19.3140,-1.00000,-0.15025,-0.71437,-0.27602,-1.00000
19.3310,-1.00000,-0.15025,-0.71437,-0.27602,-1.00000
19.3470,-1.00000,-0.15025,-0.71437,-0.27602,-1.00000
19.3630,-1.00000,-0.08364,-0.61139,-0.18170,-0.98829
19.3800,-1.00000,-0.08364,-0.61139,-0.18170,-0.98829
19.3960,-1.00000,-0.08364,-0.61139,-0.18170,-0.98829
19.4130,-1.00000,-0.08364,-0.61139,-0.18170,-0.98829
19.4300,-1.00000,-0.08364,-0.61139,-0.18170,-0.98829
19.4470,-1.00000,-0.08364,-0.61139,-0.18170,-0.98829
19.4650,-1.00000,-0.08364,-0.61139,-0.18170,-0.98829
19.4820,-1.00000,-0.07047,-0.59738,-0.16597,-0.97709
19.4990,-1.00000,-0.07047,-0.59738,-0.16597,-0.97709
19.5150,-1.00000,-0.07047,-0.59738,-0.16597,-0.97709
19.5310,-1.00000,-0.05950,-0.58003,-0.14840,-0.96266
19.5470,-1.00000,-0.05950,-0.58003,-0.14840,-0.96266
19.5630,-1.00000,-0.05950,-0.58003,-0.14840,-0.96266
19.5800,-1.00000,-0.05950,-0.58003,-0.14840,-0.96266
19.5970,-1.00000,-0.04700,-0.56202,-0.13099,-0.95318
19.6130,-1.00000,-0.04700,-0.56202,-0.13099,-0.95318
19.6290,-1.00000,-0.04700,-0.56202,-0.13099,-0.95318
19.6470,-1.00000,-0.04700,-0.56202,-0.13099,-0.95318
19.6640,-1.00000,0.09679,-0.42507,0.02279,-0.83465
19.6810,-1.00000,0.15575,-0.38118,0.09605,-0.79931
19.6980,-1.00000,0.15575,-0.38118,0.09605,-0.79931
19.7140,-1.00000,0.15575,-0.38118,0.09605,-0.79931
19.7300,-1.00000,0.15575,-0.38118,0.09605,-0.79931
19.7470,-1.00000,0.15575,-0.38118,0.09605,-0.79931
19.7630,-1.00000,0.15575,-0.38118,0.09605,-0.79931
19.7790,-1.00000,0.19614,-0.35646,0.14071,-0.76452
19.7950,-1.00000,0.19614,-0.35646,0.14071,-0.76452
19.8110,-1.00000,0.19614,-0.35646,0.14071,-0.76452
19.8270,-1.00000,0.19614,-0.35646,0.14071,-0.76452
19.8440,-1.00000,0.21235,-0.34586,0.15703,-0.75302
19.8610,-1.00000,0.21235,-0.34586,0.15703,-0.75302
19.8770,-1.00000,0.21235,-0.34586,0.15703,-0.75302
19.8930,-1.00000,0.26519,-0.32281,0.19633,-0.73554
19.9100,-1.00000,0.31978,-0.28187,0.31218,-0.68049
19.9260,-1.00000,0.32430,-0.27806,0.33000,-0.68049
19.9430,-1.00000,0.32430,-0.27806,0.33000,-0.68049
19.9590,-1.00000,0.36775,-0.25349,0.36545,-0.64900
19.9750,-1.00000,0.37097,-0.25245,0.37341,-0.64147
19.9920,-1.00000,0.37097,-0.25245,0.37341,-0.64147
20.0090,-1.00000,0.37097,-0.25245,0.37341,-0.64147
20.0250,-1.00000,0.37759,-0.24418,0.38935,-0.63443
20.0410,-1.00000,0.37759,-0.24418,0.38935,-0.63443
20.0570,-1.00000,0.37759,-0.24418,0.38935,-0.63443
20.0750,-1.00000,0.40612,-0.23314,0.41833,-0.60039
20.0910,-1.00000,0.40834,-0.23004,0.42630,-0.59822
20.1080,-1.00000,0.40834,-0.23004,0.42630,-0.59822
20.1240,-1.00000,0.40834,-0.23004,0.42630,-0.59822
20.1420,-1.00000,0.40834,-0.22321,0.43540,-0.59227
20.1590,-1.00000,0.40834,-0.22321,0.43540,-0.59227
20.1750,-1.00000,0.40834,-0.22321,0.43540,-0.59227
20.1930,-1.00000,0.42137,-0.20259,0.45874,-0.58637
20.2090,-1.00000,0.44015,-0.17688,0.48997,-0.55568
20.2260,-1.00000,0.44183,-0.17378,0.49451,-0.55027
20.2430,-1.00000,0.44183,-0.17378,0.49451,-0.55027
20.2610,-1.00000,0.46693,-0.16031,0.49735,-0.55571
20.2780,-1.00000,0.46693,-0.16031,0.49735,-0.55571
20.2960,-1.00000,0.46693,-0.16031,0.49735,-0.55571
20.3130,-1.00000,0.46373,-0.15243,0.51153,-0.55407
20.3290,-1.00000,0.46373,-0.15243,0.51153,-0.55407
20.3450,-1.00000,0.46373,-0.15243,0.51153,-0.55407
20.3620,-1.00000,0.46373,-0.15243,0.51153,-0.55407
20.3790,-1.00000,0.46369,-0.15344,0.52166,-0.53329
20.3950,-1.00000,0.46369,-0.15344,0.52166,-0.53329
20.4120,-1.00000,0.46369,-0.15344,0.52166,-0.53329
20.4290,-1.00000,0.46369,-0.15344,0.52166,-0.53329
20.4450,-1.00000,0.44744,-0.14969,0.52503,-0.53225
20.4610,-1.00000,0.44744,-0.14969,0.52503,-0.53225
20.4780,-1.00000,0.44744,-0.14969,0.52503,-0.53225
20.4950,-1.00000,0.45881,-0.15172,0.52390,-0.52745
20.5110,-1.00000,0.45881,-0.15172,0.52390,-0.52745
20.5290,-1.00000,0.45881,-0.15172,0.52390,-0.52745
20.5460,-1.00000,0.45881,-0.15172,0.52390,-0.52745
20.5640,-1.00000,0.43603,-0.14897,0.53453,-0.52802
20.5800,-1.00000,0.41400,-0.13610,0.52668,-0.50845
20.5960,-1.00000,0.40638,-0.13438,0.52217,-0.52080
20.6120,-1.00000,0.38755,-0.13472,0.51195,-0.52080
20.6290,-1.00000,0.38150,-0.13369,0.50742,-0.52617
20.6450,-1.00000,0.38150,-0.13369,0.50742,-0.52617
20.6620,-1.00000,0.38150,-0.13369,0.50742,-0.52617
20.6780,-1.00000,0.36992,-0.13510,0.47341,-0.54067
20.6940,-1.00000,0.36514,-0.14472,0.44939,-0.55848
20.7110,-1.00000,0.36514,-0.14472,0.44939,-0.55848
20.7290,-1.00000,0.35744,-0.15228,0.44255,-0.56556
20.7450,-1.00000,0.32522,-0.18037,0.37970,-0.60254
20.7620,-1.00000,0.32522,-0.18037,0.37970,-0.60254
20.7790,-1.00000,0.32522,-0.18037,0.37970,-0.60254
20.7960,-1.00000,0.31498,-0.20486,0.30398,-0.67365
20.8130,-1.00000,0.30899,-0.21779,0.28909,-0.68742
20.8290,-1.00000,0.30899,-0.21779,0.28909,-0.68742
20.8460,-1.00000,0.30899,-0.21779,0.28909,-0.68742
20.8630,-1.00000,0.26018,-0.26094,0.21460,-0.76170
20.8790,-1.00000,0.26018,-0.26094,0.21460,-0.76170
20.8960,-1.00000,0.26018,-0.26094,0.21460,-0.76170
20.9140,-1.00000,0.24906,-0.28636,0.17077,-0.78186
20.9310,-1.00000,0.22455,-0.31282,0.12553,-0.80765
20.9480,-1.00000,0.22455,-0.31282,0.12553,-0.80765
20.9650,-1.00000,0.22455,-0.31282,0.12553,-0.80765
20.9820,-1.00000,0.18652,-0.36209,0.05886,-0.89861
20.9980,-1.00000,0.18652,-0.36209,0.05886,-0.89861
21.0150,-1.00000,0.18652,-0.36209,0.05886,-0.89861
21.0330,-1.00000,0.17396,-0.37648,0.03024,-0.90634
21.0500,-1.00000,0.15747,-0.41246,-0.01454,-0.93623
21.0660,-1.00000,0.15747,-0.41246,-0.01454,-0.93623
21.0830,-1.00000,0.15747,-0.41246,-0.01454,-0.93623
21.1000,-1.00000,0.10182,-0.47458,-0.05550,-0.95288
21.1170,-1.00000,0.10182,-0.47458,-0.05550,-0.95288
21.1330,-1.00000,0.10182,-0.47458,-0.05550,-0.95288
21.1490,-1.00000,0.10182,-0.47458,-0.05550,-0.95288
21.1660,-1.00000,0.07049,-0.51565,-0.08717,-0.98787
21.1830,-1.00000,0.07049,-0.51565,-0.08717,-0.98787
21.2000,-1.00000,0.07049,-0.51565,-0.08717,-0.98787
21.2170,-1.00000,0.07049,-0.51565,-0.08717,-0.98787
21.2340,-1.00000,0.07049,-0.51565,-0.08717,-0.98787
21.2500,-1.00000,0.07049,-0.51565,-0.08717,-0.98787
21.2670,-1.00000,0.07049,-0.51565,-0.08717,-0.98787
21.2840,-1.00000,0.05173,-0.50866,-0.09321,-0.98119
21.3010,-1.00000,0.07802,-0.49313,-0.07107,-0.92523
21.3180,-1.00000,0.07802,-0.49313,-0.07107,-0.92523
21.3340,-1.00000,0.09401,-0.47966,-0.05549,-0.91026
21.3510,-1.00000,0.08946,-0.47291,-0.04866,-0.89325
21.3680,-1.00000,0.08946,-0.47291,-0.04866,-0.89325
21.3850,-1.00000,0.08946,-0.47291,-0.04866,-0.89325
21.4020,-1.00000,0.13247,-0.39232,-0.00050,-0.84844
21.4180,-1.00000,0.13247,-0.39232,-0.00050,-0.84844
21.4340,-1.00000,0.13247,-0.39232,-0.00050,-0.84844
21.4500,-1.00000,0.14619,-0.38271,0.01790,-0.83505
21.4670,-1.00000,0.15891,-0.37317,0.03249,-0.82668
21.4840,-1.00000,0.15891,-0.37317,0.03249,-0.82668
21.5000,-1.00000,0.15891,-0.37317,0.03249,-0.82668
21.5170,-1.00000,0.15891,-0.37317,0.03249,-0.82668
21.5330,-1.00000,0.15891,-0.37317,0.03249,-0.82668
21.5500,-1.00000,0.15891,-0.37317,0.03249,-0.82668
21.5660,-1.00000,0.15891,-0.37317,0.03249,-0.82668
21.5830,-1.00000,0.15891,-0.37317,0.03249,-0.82668
21.5990,-1.00000,0.15891,-0.37317,0.03249,-0.82668
21.6150,-1.00000,0.15891,-0.37317,0.03249,-0.82668
21.6320,-1.00000,0.15891,-0.37317,0.03249,-0.82668
21.6480,-1.00000,0.23666,-0.29067,0.16796,-0.76137
21.6640,-1.00000,0.27422,-0.26972,0.25165,-0.71071
21.6810,-1.00000,0.28324,-0.26449,0.26959,-0.72651
21.6970,-1.00000,0.28269,-0.28027,0.27420,-0.72490
21.7130,-1.00000,0.28269,-0.28027,0.27420,-0.72490
21.7300,-1.00000,0.28269,-0.28027,0.27420,-0.72490
21.7470,-1.00000,0.28269,-0.28027,0.27420,-0.72490
21.7640,-1.00000,0.27517,-0.29799,0.28403,-0.72884
21.7820,-1.00000,0.27517,-0.29799,0.28403,-0.72884
21.8000,-1.00000,0.27517,-0.29799,0.28403,-0.72884
21.8180,-1.00000,0.25370,-0.33196,0.26607,-0.74408
21.8340,-1.00000,0.25258,-0.33614,0.26085,-0.75284
21.8500,-1.00000,0.25258,-0.33614,0.26085,-0.75284
21.8670,-1.00000,0.25258,-0.33614,0.26085,-0.75284
21.8830,-1.00000,0.21118,-0.36306,0.19329,-0.79904
21.9000,-1.00000,0.21118,-0.36306,0.19329,-0.79904
21.9180,-1.00000,0.21118,-0.36306,0.19329,-0.79904
21.9350,-1.00000,0.21118,-0.36306,0.19329,-0.79904
21.9520,-1.00000,0.21118,-0.36306,0.19329,-0.79904
21.9680,-1.00000,0.21118,-0.36306,0.19329,-0.79904
21.9840,-1.00000,0.21118,-0.36306,0.19329,-0.79904
22.0010,-1.00000,0.15100,-0.40271,0.12563,-0.87396
22.0170,-1.00000,0.12832,-0.41066,0.07525,-0.90050
22.0340,-1.00000,0.12832,-0.41066,0.07525,-0.90050
22.0510,-1.00000,0.12832,-0.41066,0.07525,-0.90050
22.0680,-1.00000,0.12943,-0.42053,0.06080,-0.90872
22.0850,-1.00000,0.12943,-0.42053,0.06080,-0.90872
22.1020,-1.00000,0.12943,-0.42053,0.06080,-0.90872
22.1190,-1.00000,0.12945,-0.41701,0.05558,-0.90157
22.1350,-1.00000,0.12945,-0.41701,0.05558,-0.90157
22.1530,-1.00000,0.12945,-0.41701,0.05558,-0.90157
22.1700,-1.00000,0.12945,-0.41701,0.05558,-0.90157
22.1870,-1.00000,0.14759,-0.39569,0.10190,-0.88223
22.2040,-1.00000,0.16313,-0.38974,0.11927,-0.88442
22.2210,-1.00000,0.16313,-0.38974,0.11927,-0.88442
22.2370,-1.00000,0.18240,-0.37287,0.15345,-0.86682
22.2540,-1.00000,0.18240,-0.37287,0.15345,-0.86682
22.2710,-1.00000,0.18240,-0.37287,0.15345,-0.86682
22.2880,-1.00000,0.18240,-0.37287,0.15345,-0.86682
22.3050,-1.00000,0.18240,-0.37287,0.15345,-0.86682
22.3210,-1.00000,0.18240,-0.37287,0.15345,-0.86682
22.3390,-1.00000,0.18240,-0.37287,0.15345,-0.86682
22.3560,-1.00000,0.18240,-0.37287,0.15345,-0.86682
22.3740,-1.00000,0.18240,-0.37287,0.15345,-0.86682
22.3910,-1.00000,0.18240,-0.37287,0.15345,-0.86682
22.4070,-1.00000,0.18240,-0.37287,0.15345,-0.86682
22.4260,-1.00000,0.25834,-0.34461,0.22690,-0.77907
22.4420,-1.00000,0.27292,-0.31309,0.27262,-0.74253
22.4580,-1.00000,0.27292,-0.31309,0.27262,-0.74253
22.4750,-1.00000,0.29693,-0.31172,0.27261,-0.71624
22.4910,-1.00000,0.30750,-0.30362,0.24200,-0.72612
22.5080,-1.00000,0.30750,-0.30362,0.24200,-0.72612
22.5240,-1.00000,0.30750,-0.30362,0.24200,-0.72612
22.5410,-1.00000,0.26716,-0.29590,0.20096,-0.74302
22.5580,-1.00000,0.26716,-0.29590,0.20096,-0.74302
22.5750,-1.00000,0.26716,-0.29590,0.20096,-0.74302
22.5910,-1.00000,0.25198,-0.29729,0.19992,-0.76110
22.6070,-1.00000,0.23164,-0.30458,0.17338,-0.77304
22.6240,-1.00000,0.23164,-0.30458,0.17338,-0.77304
22.6400,-1.00000,0.23164,-0.30458,0.17338,-0.77304
22.6570,-1.00000,0.23164,-0.30458,0.17338,-0.77304
22.6750,-1.00000,0.23164,-0.30458,0.17338,-0.77304
22.6910,-1.00000,0.23164,-0.30458,0.17338,-0.77304
22.7080,-1.00000,0.23164,-0.30458,0.17338,-0.77304
22.7250,-1.00000,0.21985,-0.30236,0.10864,-0.84700
22.7420,-1.00000,0.20068,-0.30061,0.09997,-0.87163
22.7580,-1.00000,0.20068,-0.30061,0.09997,-0.87163
22.7740,-1.00000,0.20068,-0.30061,0.09997,-0.87163
22.7910,-1.00000,0.20068,-0.30061,0.09997,-0.87163
22.8080,-1.00000,0.20068,-0.30061,0.09997,-0.87163
22.8240,-1.00000,0.20068,-0.30061,0.09997,-0.87163
22.8410,-1.00000,0.19520,-0.30265,0.08663,-0.86838
22.8580,-1.00000,0.22313,-0.29259,0.08721,-0.86068
22.8740,-1.00000,0.22313,-0.29259,0.08721,-0.86068
22.8910,-1.00000,0.22313,-0.29259,0.08721,-0.86068
22.9070,-1.00000,0.24524,-0.26485,0.10691,-0.82613
22.9230,-1.00000,0.24524,-0.26485,0.10691,-0.82613
22.9400,-1.00000,0.24524,-0.26485,0.10691,-0.82613
22.9570,-1.00000,0.24748,-0.26485,0.08736,-0.82503
22.9740,-1.00000,0.24748,-0.26485,0.08736,-0.82503
22.9910,-1.00000,0.24748,-0.26485,0.08736,-0.82503
23.0080,-1.00000,0.24748,-0.26485,0.08736,-0.82503
23.0250,-1.00000,0.24653,-0.23677,0.13428,-0.79748
23.0410,-1.00000,0.24653,-0.23677,0.13428,-0.79748
23.0580,-1.00000,0.24653,-0.23677,0.13428,-0.79748
23.0760,-1.00000,0.27532,-0.22887,0.14757,-0.80135
23.0930,-1.00000,0.28984,-0.22029,0.16901,-0.78707
23.1100,-1.00000,0.28984,-0.22029,0.16901,-0.78707
23.1260,-1.00000,0.28984,-0.22029,0.16901,-0.78707
23.1430,-1.00000,0.28986,-0.20585,0.20145,-0.77772
23.1610,-1.00000,0.28986,-0.20585,0.20145,-0.77772
23.1780,-1.00000,0.28986,-0.20585,0.20145,-0.77772
23.1950,-1.00000,0.28304,-0.20964,0.21547,-0.77559
23.2120,-1.00000,0.28911,-0.20214,0.21035,-0.78857
23.2290,-1.00000,0.28911,-0.20214,0.21035,-0.78857
23.2450,-1.00000,0.28911,-0.20214,0.21035,-0.78857
23.2620,-1.00000,0.28574,-0.20145,0.21961,-0.77765
23.2790,-1.00000,0.28574,-0.20145,0.21961,-0.77765
23.2960,-1.00000,0.28574,-0.20145,0.21961,-0.77765
23.3130,-1.00000,0.27522,-0.20908,0.19582,-0.77765
23.3290,-1.00000,0.29591,-0.21560,0.19646,-0.77677
23.3450,-1.00000,0.29591,-0.21560,0.19646,-0.77677
23.3620,-1.00000,0.29591,-0.21560,0.19646,-0.77677
23.3790,-1.00000,0.30039,-0.22658,0.18775,-0.77623
23.3950,-1.00000,0.30039,-0.22658,0.18775,-0.77623
23.4120,-1.00000,0.30039,-0.22658,0.18775,-0.77623
23.4280,-1.00000,0.30039,-0.22658,0.18775,-0.77623
23.4450,-1.00000,0.30377,-0.24532,0.16058,-0.79376
23.4610,-1.00000,0.30377,-0.24532,0.16058,-0.79376
23.4780,-1.00000,0.30377,-0.24532,0.16058,-0.79376
23.4940,-1.00000,0.29320,-0.24669,0.16527,-0.79646
23.5110,-1.00000,0.29550,-0.25696,0.16468,-0.79263
23.5270,-1.00000,0.29550,-0.25696,0.16468,-0.79263
23.5440,-1.00000,0.29550,-0.25696,0.16468,-0.79263
23.5610,-1.00000,0.30995,-0.25767,0.16881,-0.79975
23.5780,-1.00000,0.30770,-0.25349,0.16360,-0.80305
23.5940,-1.00000,0.30770,-0.25349,0.16360,-0.80305
23.6100,-1.00000,0.30938,-0.25487,0.15492,-0.80470
23.6270,-1.00000,0.30219,-0.25556,0.13927,-0.80988
23.6440,-1.00000,0.30219,-0.25556,0.13927,-0.80988
23.6610,-1.00000,0.30219,-0.25556,0.13927,-0.80988
23.6780,-1.00000,0.27567,-0.25283,0.13287,-0.80391
23.6950,-1.00000,0.27567,-0.25283,0.13287,-0.80391
23.7120,-1.00000,0.27567,-0.25283,0.13287,-0.80391
23.7290,-1.00000,0.27567,-0.25283,0.13287,-0.80391
23.7460,-1.00000,0.24466,-0.25653,0.09456,-0.81874
23.7630,-1.00000,0.24466,-0.25653,0.09456,-0.81874
23.7800,-1.00000,0.24466,-0.25653,0.09456,-0.81874
23.7960,-1.00000,0.23515,-0.25692,0.07245,-0.82864
23.8130,-1.00000,0.23053,-0.26282,0.03845,-0.84304
23.8290,-1.00000,0.23053,-0.26282,0.03845,-0.84304
23.8450,-1.00000,0.23053,-0.26282,0.03845,-0.84304
23.8610,-1.00000,0.20424,-0.27884,0.02682,-0.86996
23.8780,-1.00000,0.20424,-0.27884,0.02682,-0.86996
23.8950,-1.00000,0.20424,-0.27884,0.02682,-0.86996
23.9120,-1.00000,0.19915,-0.28617,0.02970,-0.87560
23.9280,-1.00000,0.18915,-0.29696,0.01165,-0.87450
23.9450,-1.00000,0.18915,-0.29696,0.01165,-0.87450
23.9620,-1.00000,0.18915,-0.29696,0.01165,-0.87450
23.9790,-1.00000,0.16588,-0.31818,0.00701,-0.89147
23.9960,-1.00000,0.16588,-0.31818,0.00701,-0.89147
24.0130,-1.00000,0.16588,-0.31818,0.00701,-0.89147
24.0300,-1.00000,0.16588,-0.31818,0.00701,-0.89147
24.0470,-1.00000,0.18121,-0.33140,-0.00789,-0.88930
24.0630,-1.00000,0.18121,-0.33140,-0.00789,-0.88930
24.0790,-1.00000,0.18121,-0.33140,-0.00789,-0.88930
24.0960,-1.00000,0.18985,-0.33902,-0.00564,-0.86733
24.1130,-1.00000,0.18786,-0.34782,0.01131,-0.85896
24.1300,-1.00000,0.18786,-0.34782,0.01131,-0.85896
24.1470,-1.00000,0.18786,-0.34782,0.01131,-0.85896
24.1640,-1.00000,0.18786,-0.34782,0.01131,-0.85896
24.1800,-1.00000,0.18786,-0.34782,0.01131,-0.85896
24.1970,-1.00000,0.18786,-0.34782,0.01131,-0.85896
24.2130,-1.00000,0.18786,-0.34852,0.00433,-0.85564
24.2300,-1.00000,0.23821,-0.31682,0.01603,-0.82870
24.2460,-1.00000,0.24792,-0.31821,0.01837,-0.82539
24.2630,-1.00000,0.24792,-0.31821,0.01837,-0.82539
24.2800,-1.00000,0.25646,-0.29388,0.02826,-0.81770
24.2970,-1.00000,0.25646,-0.29388,0.02826,-0.81770
24.3140,-1.00000,0.25646,-0.29388,0.02826,-0.81770
24.3310,-1.00000,0.25646,-0.29388,0.02826,-0.81770
24.3470,-1.00000,0.26275,-0.28971,0.03413,-0.81006
24.3630,-1.00000,0.26275,-0.28971,0.03413,-0.81006
24.3800,-1.00000,0.26275,-0.28971,0.03413,-0.81006
24.3970,-1.00000,0.28044,-0.27651,0.03998,-0.77440
24.4130,-1.00000,0.28728,-0.25273,0.04288,-0.78483
24.4300,-1.00000,0.28728,-0.25273,0.04288,-0.78483
24.4470,-1.00000,0.28728,-0.25273,0.04288,-0.78483
24.4630,-1.00000,0.28012,-0.25342,0.04931,-0.78539
24.4790,-1.00000,0.28012,-0.25342,0.04931,-0.78539
24.4950,-1.00000,0.28012,-0.25342,0.04931,-0.78539
24.5130,-1.00000,0.28012,-0.25342,0.04931,-0.78539
24.5300,-1.00000,0.28012,-0.25342,0.04931,-0.78539
24.5470,-1.00000,0.28012,-0.25342,0.04931,-0.78539
24.5630,-1.00000,0.28012,-0.25342,0.04931,-0.78539
24.5790,-1.00000,0.27626,-0.26074,0.04293,-0.78474
24.5960,-1.00000,0.27078,-0.28575,0.03180,-0.79518
24.6130,-1.00000,0.27078,-0.28575,0.03180,-0.79518
24.6300,-1.00000,0.27078,-0.28575,0.03180,-0.79518
24.6470,-1.00000,0.23099,-0.31646,0.00599,-0.82599
24.6630,-1.00000,0.23099,-0.31646,0.00599,-0.82599
24.6800,-1.00000,0.23099,-0.31646,0.00599,-0.82599
24.6980,-1.00000,0.23659,-0.31924,-0.00218,-0.83146
24.7140,-1.00000,0.23659,-0.31924,-0.00218,-0.83146
24.7300,-1.00000,0.23659,-0.31924,-0.00218,-0.83146
24.7460,-1.00000,0.23659,-0.31924,-0.00218,-0.83146
24.7630,-1.00000,0.22602,-0.33382,-0.01460,-0.83313
24.7800,-1.00000,0.22034,-0.33764,-0.01687,-0.83050
24.7970,-1.00000,0.22034,-0.33764,-0.01687,-0.83050
24.8130,-1.00000,0.20847,-0.33870,-0.01804,-0.82391
24.8300,-1.00000,0.20511,-0.33626,-0.01879,-0.83161
24.8460,-1.00000,0.20511,-0.33626,-0.01879,-0.83161
24.8620,-1.00000,0.20511,-0.33626,-0.01879,-0.83161
24.8790,-1.00000,0.19831,-0.32258,-0.01728,-0.84044
24.8960,-1.00000,0.19831,-0.32258,-0.01728,-0.84044
24.9120,-1.00000,0.19831,-0.32258,-0.01728,-0.84044
24.9280,-1.00000,0.19831,-0.32258,-0.01728,-0.84044
24.9460,-1.00000,0.19957,-0.30544,-0.01051,-0.86675
24.9630,-1.00000,0.19957,-0.30544,-0.01051,-0.86675
24.9800,-1.00000,0.19957,-0.30544,-0.01051,-0.86675
24.9960,-1.00000,0.18824,-0.31207,-0.01353,-0.86675
25.0120,-1.00000,0.18867,-0.31905,-0.01771,-0.86344
25.0290,-1.00000,0.18867,-0.31905,-0.01771,-0.86344
25.0460,-1.00000,0.18867,-0.31905,-0.01771,-0.86344
25.0640,-1.00000,0.20282,-0.32290,-0.02644,-0.87924
25.0800,-1.00000,0.20282,-0.32290,-0.02644,-0.87924
25.0980,-1.00000,0.20282,-0.32290,-0.02644,-0.87924
25.1150,-1.00000,0.19373,-0.32498,-0.03473,-0.88362
25.1320,-1.00000,0.19542,-0.33125,-0.04003,-0.87533
25.1500,-1.00000,0.19542,-0.33125,-0.04003,-0.87533
25.1660,-1.00000,0.19542,-0.33125,-0.04003,-0.87533
25.1830,-1.00000,0.19542,-0.33300,-0.03073,-0.87258
25.1990,-1.00000,0.19542,-0.33300,-0.03073,-0.87258
25.2150,-1.00000,0.19542,-0.33300,-0.03073,-0.87258
25.2310,-1.00000,0.19542,-0.33300,-0.03073,-0.87258
25.2470,-1.00000,0.19542,-0.33300,-0.03073,-0.87258
25.2640,-1.00000,0.19542,-0.33300,-0.03073,-0.87258
25.2810,-1.00000,0.19542,-0.33300,-0.03073,-0.87258
25.2980,-1.00000,0.18794,-0.35157,-0.03820,-0.86153
25.3140,-1.00000,0.19586,-0.36207,-0.04084,-0.85433
25.3310,-1.00000,0.19586,-0.36207,-0.04084,-0.85433
25.3480,-1.00000,0.19586,-0.36207,-0.04084,-0.85433
25.3640,-1.00000,0.18480,-0.35230,-0.02986,-0.84966
25.3800,-1.00000,0.17518,-0.34916,-0.01967,-0.84971
25.3960,-1.00000,0.17518,-0.34916,-0.01967,-0.84971
25.4130,-1.00000,0.17366,-0.35162,-0.01777,-0.84474
25.4290,-1.00000,0.18395,-0.36405,-0.01244,-0.86025
25.4460,-1.00000,0.18395,-0.36405,-0.01244,-0.86025
25.4630,-1.00000,0.18395,-0.36405,-0.01244,-0.86025
25.4800,-1.00000,0.21235,-0.36972,-0.01993,-0.86962
25.4960,-1.00000,0.21235,-0.36972,-0.01993,-0.86962
25.5120,-1.00000,0.21235,-0.36972,-0.01993,-0.86962
25.5280,-1.00000,0.21235,-0.36972,-0.01993,-0.86962
25.5450,-1.00000,0.19697,-0.35947,-0.00867,-0.86475
25.5620,-1.00000,0.19697,-0.35947,-0.00867,-0.86475
25.5780,-1.00000,0.19697,-0.35947,-0.00867,-0.86475
25.5940,-1.00000,0.19697,-0.35947,-0.00867,-0.86475
25.6100,-1.00000,0.19697,-0.35947,-0.00867,-0.86475
25.6260,-1.00000,0.19697,-0.35947,-0.00867,-0.86475
25.6420,-1.00000,0.19697,-0.35947,-0.00867,-0.86475
25.6580,-1.00000,0.19349,-0.36122,-0.00955,-0.86622
25.6750,-1.00000,0.17755,-0.36296,-0.00960,-0.88377
25.6910,-1.00000,0.17755,-0.36296,-0.00960,-0.88377
25.7070,-1.00000,0.17755,-0.36296,-0.00960,-0.88377
25.7240,-1.00000,0.17755,-0.36296,-0.00960,-0.88377
25.7400,-1.00000,0.17755,-0.36296,-0.00960,-0.88377
25.7570,-1.00000,0.17755,-0.36296,-0.00960,-0.88377
25.7740,-1.00000,0.17131,-0.35053,-0.00922,-0.88042
25.7900,-1.00000,0.12556,-0.35438,-0.02167,-0.87383
25.8070,-1.00000,0.12556,-0.35438,-0.02167,-0.87383
25.8240,-1.00000,0.12556,-0.35438,-0.02167,-0.87383
25.8400,-1.00000,0.12606,-0.36247,-0.02545,-0.88647
25.8560,-1.00000,0.12606,-0.36247,-0.02545,-0.88647
25.8730,-1.00000,0.12606,-0.36247,-0.02545,-0.88647
25.8890,-1.00000,0.12606,-0.36247,-0.02545,-0.88647
25.9060,-1.00000,0.13015,-0.37542,-0.03246,-0.87101
25.9230,-1.00000,0.13015,-0.37542,-0.03246,-0.87101
25.9400,-1.00000,0.13015,-0.37542,-0.03246,-0.87101
25.9570,-1.00000,0.13441,-0.38380,-0.02612,-0.87943
25.9740,-1.00000,0.14235,-0.38451,-0.02838,-0.88053
25.9910,-1.00000,0.14235,-0.38451,-0.02838,-0.88053
26.0080,-1.00000,0.14235,-0.38451,-0.02838,-0.88053
26.0250,-1.00000,0.14320,-0.39012,-0.02719,-0.88498
26.0420,-1.00000,0.14320,-0.39012,-0.02719,-0.88498
26.0590,-1.00000,0.14320,-0.39012,-0.02719,-0.88498
26.0760,-1.00000,0.14781,-0.38872,-0.02225,-0.88116
26.0930,-1.00000,0.16940,-0.38661,-0.02301,-0.89330
26.1100,-1.00000,0.16940,-0.38661,-0.02301,-0.89330
26.1260,-1.00000,0.16940,-0.38661,-0.02301,-0.89330
26.1430,-1.00000,0.16940,-0.38661,-0.02301,-0.89330
26.1590,-1.00000,0.16940,-0.38661,-0.02301,-0.89330
26.1750,-1.00000,0.16940,-0.38661,-0.02301,-0.89330
26.1910,-1.00000,0.17055,-0.37780,-0.02490,-0.88841
26.2080,-1.00000,0.17055,-0.37780,-0.02490,-0.88841
26.2240,-1.00000,0.17055,-0.37780,-0.02490,-0.88841
26.2410,-1.00000,0.17055,-0.37780,-0.02490,-0.88841
26.2570,-1.00000,0.18544,-0.36934,-0.01731,-0.90435
26.2740,-1.00000,0.14966,-0.35744,-0.01542,-0.89441
26.2900,-1.00000,0.15205,-0.35858,-0.01574,-0.90482
26.3070,-1.00000,0.15205,-0.35858,-0.01574,-0.90482
26.3240,-1.00000,0.14804,-0.35752,-0.03242,-0.91049
26.3400,-1.00000,0.14804,-0.35752,-0.03242,-0.91049
26.3560,-1.00000,0.14804,-0.35752,-0.03242,-0.91049
26.3720,-1.00000,0.13489,-0.35752,-0.02939,-0.90938
26.3890,-1.00000,0.12355,-0.35716,-0.02901,-0.90599
26.4060,-1.00000,0.12355,-0.35716,-0.02901,-0.90599
26.4220,-1.00000,0.12355,-0.35716,-0.02901,-0.90599
26.4390,-1.00000,0.11557,-0.36279,-0.03164,-0.92083
26.4560,-1.00000,0.12272,-0.37205,-0.03428,-0.92639
26.4730,-1.00000,0.12272,-0.37205,-0.03428,-0.92639
26.4890,-1.00000,0.12272,-0.37205,-0.03428,-0.92639
26.5050,-1.00000,0.14084,-0.38088,-0.03084,-0.92207
26.5210,-1.00000,0.14084,-0.38088,-0.03084,-0.92207
26.5380,-1.00000,0.14084,-0.38088,-0.03084,-0.92207
26.5550,-1.00000,0.14084,-0.38088,-0.03084,-0.92207
26.5720,-1.00000,0.14084,-0.38088,-0.03084,-0.92207
26.5890,-1.00000,0.14084,-0.38088,-0.03084,-0.92207
26.6050,-1.00000,0.14084,-0.38088,-0.03084,-0.92207
26.6210,-1.00000,0.15445,-0.38369,-0.03237,-0.91313
26.6390,-1.00000,0.15445,-0.38369,-0.03237,-0.91313
26.6560,-1.00000,0.15445,-0.38369,-0.03237,-0.91313
26.6730,-1.00000,0.16900,-0.38010,-0.03502,-0.90207
26.6890,-1.00000,0.18384,-0.38290,-0.02592,-0.88330
26.7060,-1.00000,0.17647,-0.38502,-0.01924,-0.87833
26.7230,-1.00000,0.17647,-0.38502,-0.01924,-0.87833
26.7400,-1.00000,0.17129,-0.37902,-0.02265,-0.88746
26.7560,-1.00000,0.17129,-0.37902,-0.02265,-0.88746
26.7730,-1.00000,0.17129,-0.37902,-0.02265,-0.88746
26.7890,-1.00000,0.17129,-0.37902,-0.02265,-0.88746
26.8050,-1.00000,0.16095,-0.36861,-0.03555,-0.86584
26.8210,-1.00000,0.16095,-0.36861,-0.03555,-0.86584
26.8380,-1.00000,0.16095,-0.36861,-0.03555,-0.86584
26.8570,-1.00000,0.12678,-0.37497,-0.04388,-0.87634
26.8740,-1.00000,0.12240,-0.37427,-0.04464,-0.87799
26.8910,-1.00000,0.12240,-0.37427,-0.04464,-0.87799
26.9080,-1.00000,0.12240,-0.37427,-0.04464,-0.87799
26.9250,-1.00000,0.10496,-0.37368,-0.03982,-0.89621
26.9410,-1.00000,0.10496,-0.37368,-0.03982,-0.89621
26.9570,-1.00000,0.10496,-0.37368,-0.03982,-0.89621
26.9740,-1.00000,0.10598,-0.36811,-0.04660,-0.90392
26.9900,-1.00000,0.11194,-0.36321,-0.04244,-0.90778
27.0060,-1.00000,0.11194,-0.36321,-0.04244,-0.90778
27.0230,-1.00000,0.11194,-0.36321,-0.04244,-0.90778
27.0390,-1.00000,0.13165,-0.36611,-0.05558,-0.89592
27.0550,-1.00000,0.13165,-0.36611,-0.05558,-0.89592
27.0720,-1.00000,0.13165,-0.36611,-0.05558,-0.89592
27.0900,-1.00000,0.13165,-0.36611,-0.05558,-0.89592
27.1070,-1.00000,0.13165,-0.36611,-0.05558,-0.89592
27.1240,-1.00000,0.13165,-0.36611,-0.05558,-0.89592
27.1410,-1.00000,0.13165,-0.36611,-0.05558,-0.89592
27.1580,-1.00000,0.13107,-0.35883,-0.05253,-0.89701
27.1740,-1.00000,0.13107,-0.35883,-0.05253,-0.89701
27.1910,-1.00000,0.13107,-0.35883,-0.05253,-0.89701
27.2080,-1.00000,0.13107,-0.35883,-0.05253,-0.89701
27.2250,-1.00000,0.14857,-0.34729,-0.04685,-0.90805
27.2420,-1.00000,0.18182,-0.33877,-0.03581,-0.90367
27.2590,-1.00000,0.17956,-0.33703,-0.03581,-0.90091
27.2760,-1.00000,0.18756,-0.34505,-0.03959,-0.89253
27.2920,-1.00000,0.18756,-0.34505,-0.03959,-0.89253
27.3080,-1.00000,0.18756,-0.34505,-0.03959,-0.89253
27.3240,-1.00000,0.18756,-0.34505,-0.03959,-0.89253
27.3410,-1.00000,0.17547,-0.34325,-0.04527,-0.88586
27.3580,-1.00000,0.17547,-0.34325,-0.04527,-0.88586
27.3750,-1.00000,0.17547,-0.34325,-0.04527,-0.88586
27.3920,-1.00000,0.17892,-0.35897,-0.04527,-0.88854
27.4080,-1.00000,0.17158,-0.36213,-0.04831,-0.89075
27.4250,-1.00000,0.17158,-0.36213,-0.04831,-0.89075
27.4420,-1.00000,0.17158,-0.36213,-0.04831,-0.89075
27.4580,-1.00000,0.17158,-0.36213,-0.04831,-0.89075
27.4750,-1.00000,0.17158,-0.36213,-0.04831,-0.89075
27.4910,-1.00000,0.17158,-0.36213,-0.04831,-0.89075
27.5070,-1.00000,0.17158,-0.36213,-0.04831,-0.89075
27.5230,-1.00000,0.16297,-0.36913,-0.05517,-0.89744
27.5390,-1.00000,0.14559,-0.36732,-0.07178,-0.92189
27.5560,-1.00000,0.14559,-0.36732,-0.07178,-0.92189
27.5730,-1.00000,0.12200,-0.36522,-0.06610,-0.92909
27.5900,-1.00000,0.11516,-0.36627,-0.06610,-0.92798
27.6070,-1.00000,0.11516,-0.36627,-0.06610,-0.92798
27.6230,-1.00000,0.11516,-0.36627,-0.06610,-0.92798
27.6400,-1.00000,0.10238,-0.36656,-0.05092,-0.94015
27.6570,-1.00000,0.10127,-0.37154,-0.05092,-0.94180
27.6730,-1.00000,0.10127,-0.37154,-0.05092,-0.94180
27.6890,-1.00000,0.10127,-0.37154,-0.05092,-0.94180
27.7060,-1.00000,0.09415,-0.36516,-0.03878,-0.92914
27.7220,-1.00000,0.09415,-0.36516,-0.03878,-0.92914
27.7390,-1.00000,0.09415,-0.36516,-0.03878,-0.92914
27.7560,-1.00000,0.08394,-0.37293,-0.03802,-0.92089
27.7720,-1.00000,0.07878,-0.37153,-0.03459,-0.91087
27.7890,-1.00000,0.07878,-0.37153,-0.03459,-0.91087
27.8060,-1.00000,0.07878,-0.37153,-0.03459,-0.91087
27.8230,-1.00000,0.07878,-0.37153,-0.03459,-0.91087
27.8400,-1.00000,0.07878,-0.37153,-0.03459,-0.91087
27.8570,-1.00000,0.07878,-0.37153,-0.03459,-0.91087
27.8750,-1.00000,0.06279,-0.37714,-0.03534,-0.87875
27.8920,-1.00000,0.07712,-0.38065,-0.03989,-0.85604
27.9090,-1.00000,0.07945,-0.38524,-0.03763,-0.85328
27.9260,-1.00000,0.07945,-0.38524,-0.03763,-0.85328
27.9430,-1.00000,0.07607,-0.39230,-0.04521,-0.85328
27.9590,-1.00000,0.07607,-0.39230,-0.04521,-0.85328
27.9760,-1.00000,0.07607,-0.39230,-0.04521,-0.85328
27.9930,-1.00000,0.07671,-0.38732,-0.04224,-0.85551
28.0100,-1.00000,0.08014,-0.39228,-0.04300,-0.84953
28.0280,-1.00000,0.08014,-0.39228,-0.04300,-0.84953
28.0450,-1.00000,0.08014,-0.39228,-0.04300,-0.84953
28.0620,-1.00000,0.06831,-0.39047,-0.05028,-0.85342
28.0790,-1.00000,0.07008,-0.38874,-0.04914,-0.85343
28.0960,-1.00000,0.07008,-0.38874,-0.04914,-0.85343
28.1140,-1.00000,0.07410,-0.39441,-0.05446,-0.84905
28.1310,-1.00000,0.07934,-0.39757,-0.05521,-0.84901
28.1490,-1.00000,0.07934,-0.39757,-0.05521,-0.84901
28.1650,-1.00000,0.07934,-0.39757,-0.05521,-0.84901
28.1810,-1.00000,0.07934,-0.39757,-0.05521,-0.84901
28.1980,-1.00000,0.07934,-0.39757,-0.05521,-0.84901
28.2150,-1.00000,0.07934,-0.39757,-0.05521,-0.84901
28.2310,-1.00000,0.07934,-0.39757,-0.05521,-0.84901
28.2480,-1.00000,0.09543,-0.40184,-0.06209,-0.83363
28.2640,-1.00000,0.09543,-0.40184,-0.06209,-0.83363
28.2810,-1.00000,0.09543,-0.40184,-0.06209,-0.83363
28.2970,-1.00000,0.10973,-0.40295,-0.06208,-0.81598
28.3140,-1.00000,0.11664,-0.40475,-0.05895,-0.79025
28.3310,-1.00000,0.11664,-0.40475,-0.05895,-0.79025
28.3470,-1.00000,0.11664,-0.40475,-0.05895,-0.79025
28.3640,-1.00000,0.11664,-0.40475,-0.05895,-0.79025
28.3810,-1.00000,0.11664,-0.40475,-0.05895,-0.79025
28.3970,-1.00000,0.11664,-0.40475,-0.05895,-0.79025
28.4140,-1.00000,0.14193,-0.40335,-0.05745,-0.77549
28.4310,-1.00000,0.15213,-0.40436,-0.04719,-0.76395
28.4480,-1.00000,0.15213,-0.40436,-0.04719,-0.76395
28.4650,-1.00000,0.15213,-0.40436,-0.04719,-0.76395
28.4810,-1.00000,0.15198,-0.39624,-0.02748,-0.76173
28.4970,-1.00000,0.15198,-0.39624,-0.02748,-0.76173
28.5130,-1.00000,0.15198,-0.39624,-0.02748,-0.76173
28.5290,-1.00000,0.15198,-0.39624,-0.02748,-0.76173
28.5470,-1.00000,0.15198,-0.39624,-0.02748,-0.76173
28.5640,-1.00000,0.15198,-0.39624,-0.02748,-0.76173
28.5800,-1.00000,0.15198,-0.39624,-0.02748,-0.76173
28.5970,-1.00000,0.13489,-0.39793,-0.02787,-0.75082
28.6140,-1.00000,0.11918,-0.39090,-0.04185,-0.73600
28.6300,-1.00000,0.11581,-0.39619,-0.04413,-0.74683
28.6470,-1.00000,0.11581,-0.39619,-0.04413,-0.74683
28.6630,-1.00000,0.10320,-0.38919,-0.05133,-0.75723
28.6800,-1.00000,0.10320,-0.38919,-0.05133,-0.75723
28.6960,-1.00000,0.10320,-0.38919,-0.05133,-0.75723
28.7130,-1.00000,0.09576,-0.38813,-0.05551,-0.75723
28.7300,-1.00000,0.07911,-0.38213,-0.06120,-0.76382
28.7470,-1.00000,0.07911,-0.38213,-0.06120,-0.76382
28.7630,-1.00000,0.07911,-0.38213,-0.06120,-0.76382
28.7800,-1.00000,0.06105,-0.38740,-0.07899,-0.77096
28.7970,-1.00000,0.06105,-0.38740,-0.07899,-0.77096
28.8140,-1.00000,0.06105,-0.38740,-0.07899,-0.77096
28.8300,-1.00000,0.06105,-0.38740,-0.07899,-0.77096
28.8460,-1.00000,0.04380,-0.38592,-0.07556,-0.77535
28.8630,-1.00000,0.04380,-0.38592,-0.07556,-0.77535
28.8800,-1.00000,0.04380,-0.38592,-0.07556,-0.77535
28.8970,-1.00000,0.04380,-0.38592,-0.07556,-0.77535
28.9150,-1.00000,0.04380,-0.38592,-0.07556,-0.77535
28.9320,-1.00000,0.04380,-0.38592,-0.07556,-0.77535
28.9490,-1.00000,0.04380,-0.38592,-0.07556,-0.77535
28.9650,-1.00000,0.08464,-0.37392,-0.07063,-0.76441
28.9820,-1.00000,0.08129,-0.38028,-0.06115,-0.76664
28.9990,-1.00000,0.08129,-0.38028,-0.06115,-0.76664
29.0160,-1.00000,0.09114,-0.39169,-0.05660,-0.75019
29.0340,-1.00000,0.09114,-0.39169,-0.05660,-0.75019
29.0500,-1.00000,0.09114,-0.39169,-0.05660,-0.75019
29.0670,-1.00000,0.09114,-0.39169,-0.05660,-0.75019
29.0830,-1.00000,0.12289,-0.38538,-0.05244,-0.75565
29.1000,-1.00000,0.12289,-0.38538,-0.05244,-0.75565
29.1170,-1.00000,0.12289,-0.38538,-0.05244,-0.75565
29.1340,-1.00000,0.12854,-0.38502,-0.05132,-0.75948
29.1520,-1.00000,0.13896,-0.37972,-0.05018,-0.76501
29.1690,-1.00000,0.13896,-0.37972,-0.05018,-0.76501
29.1860,-1.00000,0.13896,-0.37972,-0.05018,-0.76501
29.2020,-1.00000,0.12628,-0.38043,-0.05550,-0.78752
29.2190,-1.00000,0.12628,-0.38043,-0.05550,-0.78752
29.2350,-1.00000,0.12628,-0.38043,-0.05550,-0.78752
29.2520,-1.00000,0.10147,-0.38359,-0.04944,-0.79463
29.2700,-1.00000,0.09639,-0.39206,-0.05401,-0.82436
29.2870,-1.00000,0.09639,-0.39206,-0.05401,-0.82436
29.3040,-1.00000,0.09639,-0.39206,-0.05401,-0.82436
29.3210,-1.00000,0.08781,-0.37814,-0.04727,-0.85855
29.3380,-1.00000,0.08781,-0.37814,-0.04727,-0.85855
29.3550,-1.00000,0.08781,-0.37814,-0.04727,-0.85855
29.3720,-1.00000,0.08492,-0.38164,-0.04990,-0.85414
29.3890,-1.00000,0.07242,-0.38375,-0.03557,-0.86516
29.4060,-1.00000,0.07242,-0.38375,-0.03557,-0.86516
29.4230,-1.00000,0.07242,-0.38375,-0.03557,-0.86516
29.4390,-1.00000,0.08902,-0.37855,-0.03292,-0.88549
29.4560,-1.00000,0.08339,-0.38386,-0.03367,-0.88437
29.4730,-1.00000,0.08339,-0.38386,-0.03367,-0.88437
29.4890,-1.00000,0.08339,-0.38386,-0.03367,-0.88437
29.5060,-1.00000,0.08339,-0.38386,-0.03367,-0.88437
29.5230,-1.00000,0.08339,-0.38386,-0.03367,-0.88437
29.5400,-1.00000,0.08339,-0.38386,-0.03367,-0.88437
29.5570,-1.00000,0.08225,-0.38103,-0.02039,-0.90375
29.5740,-1.00000,0.10601,-0.37642,-0.01469,-0.90100
29.5900,-1.00000,0.10716,-0.37432,-0.01880,-0.90045
29.6070,-1.00000,0.10716,-0.37432,-0.01880,-0.90045
29.6230,-1.00000,0.12327,-0.37543,-0.02485,-0.89765
29.6390,-1.00000,0.12327,-0.37543,-0.02485,-0.89765
29.6550,-1.00000,0.12327,-0.37543,-0.02485,-0.89765
29.6720,-1.00000,0.12383,-0.37578,-0.02751,-0.90207
29.6890,-1.00000,0.12044,-0.37332,-0.03918,-0.91085
29.7060,-1.00000,0.12044,-0.37332,-0.03918,-0.91085
29.7240,-1.00000,0.12044,-0.37332,-0.03918,-0.91085
29.7400,-1.00000,0.11529,-0.38420,-0.04145,-0.91583
29.7560,-1.00000,0.11529,-0.38420,-0.04145,-0.91583
29.7730,-1.00000,0.11529,-0.38420,-0.04145,-0.91583
29.7890,-1.00000,0.11584,-0.38455,-0.04145,-0.91858
29.8060,-1.00000,0.13784,-0.38310,-0.04605,-0.90472
29.8230,-1.00000,0.12678,-0.38135,-0.04378,-0.90799
29.8400,-1.00000,0.12678,-0.38135,-0.04378,-0.90799
29.8560,-1.00000,0.11295,-0.37507,-0.05020,-0.92175
29.8730,-1.00000,0.11295,-0.37507,-0.05020,-0.92175
29.8890,-1.00000,0.11295,-0.37507,-0.05020,-0.92175
29.9050,-1.00000,0.11295,-0.37507,-0.05020,-0.92175
29.9220,-1.00000,0.09309,-0.37715,-0.05437,-0.92180
29.9390,-1.00000,0.09309,-0.37715,-0.05437,-0.92180
29.9560,-1.00000,0.09309,-0.37715,-0.05437,-0.92180
29.9730,-1.00000,0.09824,-0.38176,-0.05894,-0.91960
29.9900,-1.00000,0.09425,-0.37895,-0.05021,-0.92351
30.0060,-1.00000,0.09425,-0.37895,-0.05021,-0.92351
